단지고유번호,필지고유번호,시도,시군구,일반구,읍면동,지번,주소,대표단지명,단지명_공시가격,단지명_건축물대장,단지명_도로명주소,단지종류코드,단지종류명,동수,세대수,사용승인일,원천데이터
28110100005431,2811011100100040001,인천광역시,중구,,관동3가,4-1,인천광역시 중구 관동3가 4-1,건흥,건흥,,,1,아파트,1,50,1977-09-14,한국부동산원_공동주택 단지 식별정보_기본정보_20250918
28110100005429,2811011800100270107,인천광역시,중구,,항동7가,27-107,인천광역시 중구 항동7가 27-107,라이프아파트,라이프비취1차,라이프아파트,라이프아파트,1,아파트,3,546,1980-01-05,한국부동산원_공동주택 단지 식별정보_기본정보_20250918
28110100050252,2811011800100270107,인천광역시,중구,,항동7가,27-107,인천광역시 중구 항동7가 27-107,라이프아파트,라이프비취3차,라이프아파트,라이프아파트,1,아파트,8,608,1990-06-27,한국부동산원_공동주택 단지 식별정보_기본정보_20250918
28110100050251,2811011800100270107,인천광역시,중구,,항동7가,27-107,인천광역시 중구 항동7가 27-107,라이프아파트,라이프비취2차,라이프아파트,라이프아파트,1,아파트,5,854,1981-10-07,한국부동산원_공동주택 단지 식별정보_기본정보_20250918
28110100005430,2811011800100910002,인천광역시,중구,,항동7가,91-2,인천광역시 중구 항동7가 91-2,연안아파트,연안아파트,연안아파트,연안아파트,1,아파트,16,694,1983-07-02,한국부동산원_공동주택 단지 식별정보_기본정보_20250918
28110120009214,2811012300100280014,인천광역시,중구,,신생동,28-14,인천광역시 중구 신생동 28-14,비치팰리스,비치팰리스,,,1,아파트,1,29,2005-11-04,한국부동산원_공동주택 단지 식별정보_기본정보_20250918
28110120073492,2811012300100330009,인천광역시,중구,,신생동,33-9,인천광역시 중구 신생동 33-9,롯데아파트,롯데아파트,,,1,아파트,1,8,2007-08-02,한국부동산원_공동주택 단지 식별정보_기본정보_20250918
28110100448819,2811012300100330023,인천광역시,중구,,신생동,33-23,인천광역시 중구 신생동 33-23,동민빌라트,동민빌라트702동,동민빌라트,동민빌라트,1,아파트,1,9,2002-09-18,한국부동산원_공동주택 단지 식별정보_기본정보_20250918
28110100005432,2811012300100380005,인천광역시,중구,,신생동,38-5,인천광역시 중구 신생동 38-5,삼성아파트,삼성,삼성아파트,삼성아파트,1,아파트,3,270,2001-06-20,한국부동산원_공동주택 단지 식별정보_기본정보_20250918
28110100005433,2811012500100080001,인천광역시,중구,,답동,8-1,인천광역시 중구 답동 8-1,로얄답동아파트,답동로얄맨션,로얄답동아파트,로얄답동아파트,1,아파트,2,166,2002-12-03,한국부동산원_공동주택 단지 식별정보_기본정보_20250918
28110120347967,2811012500100120003,인천광역시,중구,,답동,12-3,인천광역시 중구 답동 12-3,월드리치빌,월드리치빌,월드리치빌,월드리치빌,1,아파트,1,16,2017-02-21,한국부동산원_공동주택 단지 식별정보_기본정보_20250918
28110120395755,2811012500100430004,인천광역시,중구,,답동,43-4,인천광역시 중구 답동 43-4,아르누보,아르누보,아르누보,아르누보,1,아파트,1,70,2019-11-29,한국부동산원_공동주택 단지 식별정보_기본정보_20250918
28110100448820,2811012600100340001,인천광역시,중구,,신흥동1가,34-1,인천광역시 중구 신흥동1가 34-1,경남아너스빌아파트,경남아너스빌,경남아너스빌아파트,경남아너스빌아파트,1,아파트,8,408,2005-04-21,한국부동산원_공동주택 단지 식별정보_기본정보_20250918
28110100005435,2811012600100340002,인천광역시,중구,,신흥동1가,34-2,인천광역시 중구 신흥동1가 34-2,인천신흥대림아파트,대림,인천신흥대림아파트,인천신흥대림아파트,1,아파트,3,240,2002-12-07,한국부동산원_공동주택 단지 식별정보_기본정보_20250918
28110100005434,2811012600100340008,인천광역시,중구,,신흥동1가,34-8,인천광역시 중구 신흥동1가 34-8,풍림아파트,풍림,풍림아파트,풍림아파트,1,아파트,2,299,1996-12-21,한국부동산원_공동주택 단지 식별정보_기본정보_20250918
28110120433586,2811012600100340029,인천광역시,중구,,신흥동1가,34-29,인천광역시 중구 신흥동1가 34-29,품에지은,품에지은,품에지은,,1,아파트,1,80,2022-04-13,한국부동산원_공동주택 단지 식별정보_기본정보_20250918
28110120439446,2811012600100340034,인천광역시,중구,,신흥동1가,34-34,인천광역시 중구 신흥동1가 34-34,품에지은 2차,품에지은2차,품에지은 2차,,1,아파트,1,80,2022-09-27,한국부동산원_공동주택 단지 식별정보_기본정보_20250918
28110120399598,2811012600100340049,인천광역시,중구,,신흥동1가,34-49,인천광역시 중구 신흥동1가 34-49,홈유레카,홈유레카,홈유레카,홈유레카,1,아파트,1,33,2020-01-02,한국부동산원_공동주택 단지 식별정보_기본정보_20250918
28110100051995,2811012700100330000,인천광역시,중구,,신흥동2가,33,인천광역시 중구 신흥동2가 33,파인트리 아파트,파인트리아파트,파인트리 아파트,파인트리 아파트,1,아파트,1,16,2003-06-05,한국부동산원_공동주택 단지 식별정보_기본정보_20250918
28110100005436,2811012700100500010,인천광역시,중구,,신흥동2가,50-10,인천광역시 중구 신흥동2가 50-10,신흥동누리타워,누리타워,신흥동누리타워,신흥동누리타워,1,아파트,1,95,1994-11-19,한국부동산원_공동주택 단지 식별정보_기본정보_20250918
28110100005437,2811012700100540005,인천광역시,중구,,신흥동2가,54-5,인천광역시 중구 신흥동2가 54-5,삼익아파트,삼익,삼익아파트,삼익아파트,1,아파트,2,434,1979-05-28,한국부동산원_공동주택 단지 식별정보_기본정보_20250918
28110100051027,2811012800100070009,인천광역시,중구,,신흥동3가,7-9,인천광역시 중구 신흥동3가 7-9,한별프라이빌,한별프라이빌,한별프라이빌,한별프라이빌,1,아파트,1,143,2004-01-26,한국부동산원_공동주택 단지 식별정보_기본정보_20250918
28110100005440,2811012800100070235,인천광역시,중구,,신흥동3가,7-235,인천광역시 중구 신흥동3가 7-235,신흥아이파크,신흥아이파크,신흥아이파크,신흥아이파크,1,아파트,9,1330,2002-10-29,한국부동산원_공동주택 단지 식별정보_기본정보_20250918
28110120444187,2811012800100310013,인천광역시,중구,,신흥동3가,31-13,인천광역시 중구 신흥동3가 31-13,인천유림 노르웨이숲 에듀오션,인천유림노르웨이숲에듀오션,인천유림 노르웨이숲 에듀오션,,1,아파트,3,520,2023-04-28,한국부동산원_공동주택 단지 식별정보_기본정보_20250918
28110120086628,2811012800100340014,인천광역시,중구,,신흥동3가,34-14,인천광역시 중구 신흥동3가 34-14,살기조은아파트,살기좋은아파트,살기조은아파트,살기조은아파트,1,아파트,1,12,2007-11-30,한국부동산원_공동주택 단지 식별정보_기본정보_20250918
28110120439054,2811012800100350002,인천광역시,중구,,신흥동3가,35-2,인천광역시 중구 신흥동3가 35-2,웨스턴휴,웨스턴휴,웨스턴휴,웨스턴휴,1,아파트,1,45,2022-09-06,한국부동산원_공동주택 단지 식별정보_기본정보_20250918
28110100005438,2811012800100370009,인천광역시,중구,,신흥동3가,37-9,인천광역시 중구 신흥동3가 37-9,동영아파트,동영,동영아파트,동영아파트,1,아파트,1,40,1985-01-28,한국부동산원_공동주택 단지 식별정보_기본정보_20250918
28110100005439,2811012800100530004,인천광역시,중구,,신흥동3가,53-4,인천광역시 중구 신흥동3가 53-4,항운아파트,항운,항운아파트,항운아파트,1,아파트,15,497,1982-12-14,한국부동산원_공동주택 단지 식별정보_기본정보_20250918
28110100448821,2811013200100180142,인천광역시,중구,,도원동,18-142,인천광역시 중구 도원동 18-142,희망,희망,,,1,아파트,1,8,2004-03-19,한국부동산원_공동주택 단지 식별정보_기본정보_20250918
28110100005441,2811013200100410025,인천광역시,중구,,도원동,41-25,인천광역시 중구 도원동 41-25,뉴월드아파트,뉴월드,뉴월드아파트,뉴월드아파트,1,아파트,1,165,1994-11-19,한국부동산원_공동주택 단지 식별정보_기본정보_20250918
28110100051993,2811013300100830001,인천광역시,중구,,내동,83-1,인천광역시 중구 내동 83-1,성신파크뷰,성신,성신파크뷰,성신파크뷰,1,아파트,1,22,2003-10-14,한국부동산원_공동주택 단지 식별정보_기본정보_20250918
28110100005442,2811013300100830005,인천광역시,중구,,내동,83-5,인천광역시 중구 내동 83-5,주상복합건물(신포스카이타워),신포스카이타워,주상복합건물(신포스카이타워) ,주상복합건물(신포스카이 타워),1,아파트,1,55,1998-12-14,한국부동산원_공동주택 단지 식별정보_기본정보_20250918
28110120427786,2811013600100010336,인천광역시,중구,,인현동,1-336,인천광역시 중구 인현동 1-336,인현동 1-336 공동주택 (인천광역시장) 인현동 우리집2,인현동우리집2,인현동 1-336 공동주택 (인천광역시장) 인현동 우리집2,,1,아파트,1,32,2021-07-30,한국부동산원_공동주택 단지 식별정보_기본정보_20250918
28110100448822,2811013600100030002,인천광역시,중구,,인현동,3-2,인천광역시 중구 인현동 3-2,뉴코아,뉴코아,,,1,아파트,1,95,1992-05-28,한국부동산원_공동주택 단지 식별정보_기본정보_20250918
28110100448823,2811013700100080013,인천광역시,중구,,전동,8-13,인천광역시 중구 전동 8-13,성한아파트,성한,성한아파트,성한아파트,1,아파트,1,12,2002-12-16,한국부동산원_공동주택 단지 식별정보_기본정보_20250918
28110120395756,2811013700100190005,인천광역시,중구,,전동,19-5,인천광역시 중구 전동 19-5,광백드림빌,광백드림빌,광백드림빌,광백드림빌,1,아파트,1,40,2019-11-29,한국부동산원_공동주택 단지 식별정보_기본정보_20250918
28110100005443,2811013800100040246,인천광역시,중구,,북성동1가,4-246,인천광역시 중구 북성동1가 4-246,동일아파트,동일,동일아파트,동일아파트,1,아파트,2,140,1987-01-23,한국부동산원_공동주택 단지 식별정보_기본정보_20250918
28110100005444,2811013900100050001,인천광역시,중구,,북성동2가,5-1,인천광역시 중구 북성동2가 5-1,선광아파트,선광,선광아파트,선광아파트,1,아파트,1,102,1996-10-14,한국부동산원_공동주택 단지 식별정보_기본정보_20250918
28110100005445,2811014000100030007,인천광역시,중구,,북성동3가,3-7,인천광역시 중구 북성동3가 3-7,신일,신일,,,1,아파트,1,30,1977-12-10,한국부동산원_공동주택 단지 식별정보_기본정보_20250918
28110100005446,2811014200100100001,인천광역시,중구,,송월동1가,10-1,인천광역시 중구 송월동1가 10-1,송월아파트,송월,송월아파트,송월아파트,1,아파트,11,340,1980-07-25,한국부동산원_공동주택 단지 식별정보_기본정보_20250918
28110120055991,2811014300100020005,인천광역시,중구,,송월동2가,2-5,인천광역시 중구 송월동2가 2-5,남경포브 아파트,남경포브,남경포브 아파트,남경포브 아파트,1,아파트,2,142,2006-09-15,한국부동산원_공동주택 단지 식별정보_기본정보_20250918
28110120443423,2811014500118710001,인천광역시,중구,,중산동,1871-1,인천광역시 중구 중산동 1871-1,e편한세상 영종국제도시 센텀베뉴,e편한세상영종국제도시센텀베뉴,e편한세상 영종국제도시 센텀베뉴,,1,아파트,16,1409,2023-03-23,한국부동산원_공동주택 단지 식별정보_기본정보_20250918
28110120163886,2811014500118710003,인천광역시,중구,,중산동,1871-3,인천광역시 중구 중산동 1871-3,하늘도시우미린2단지,하늘도시우미린2단지,하늘도시우미린2단지,하늘도시우미린2단지,1,아파트,9,1287,2012-08-29,한국부동산원_공동주택 단지 식별정보_기본정보_20250918
28110120440232,2811014500118710004,인천광역시,중구,,중산동,1871-4,인천광역시 중구 중산동 1871-4,영종국제도시 동원로얄듀크 마리나포레,영종국제도시동원로얄듀크마리나포레,영종국제도시 동원로얄듀크 마리나포레,영종국제도시 동원로얄듀크 마리나포레,1,아파트,6,412,2022-10-27,한국부동산원_공동주택 단지 식별정보_기본정보_20250918
28110120164719,2811014500118710005,인천광역시,중구,,중산동,1871-5,인천광역시 중구 중산동 1871-5,영종7단지엘에이치,영종7단지엘에이치,영종7단지엘에이치,영종7단지엘에이치,1,아파트,8,784,2012-09-13,한국부동산원_공동주택 단지 식별정보_기본정보_20250918
28110120172156,2811014500118720001,인천광역시,중구,,중산동,1872-1,인천광역시 중구 중산동 1872-1,영종신명스카이뷰주얼리,영종신명스카이뷰주얼리,영종신명스카이뷰주얼리,영종신명스카이뷰주얼리,1,아파트,7,1002,2013-02-05,한국부동산원_공동주택 단지 식별정보_기본정보_20250918
28110120162436,2811014500118720002,인천광역시,중구,,중산동,1872-2,인천광역시 중구 중산동 1872-2,인천영종 동보노빌리티아파트,인천영종동보노빌리티,인천영종 동보노빌리티아파트,인천영종 동보노빌리티아파트,1,아파트,8,585,2012-08-08,한국부동산원_공동주택 단지 식별정보_기본정보_20250918
28110120453761,2811014500118720003,인천광역시,중구,,중산동,1872-3,인천광역시 중구 중산동 1872-3,영종국제도시 수자인,영종국제도시수자인,영종국제도시 수자인,,1,아파트,8,447,2024-12-18,한국부동산원_공동주택 단지 식별정보_기본정보_20250918
28110120163266,2811014500118780001,인천광역시,중구,,중산동,1878-1,인천광역시 중구 중산동 1878-1,인천 영종 한양수자인 아파트,인천영종한양수자인,인천 영종 한양수자인 아파트,인천 영종 한양수자인 아파트,1,아파트,12,1304,2012-08-21,한국부동산원_공동주택 단지 식별정보_기본정보_20250918
28110120394688,2811014500118790001,인천광역시,중구,,중산동,1879-1,인천광역시 중구 중산동 1879-1,영종하늘도시 KCC스위첸,영종하늘도시KCC스위첸,영종하늘도시 KCC스위첸,영종하늘도시 KCC스위첸,1,아파트,12,752,2019-09-27,한국부동산원_공동주택 단지 식별정보_기본정보_20250918
28110120449803,2811014500118800002,인천광역시,중구,,중산동,1880-2,인천광역시 중구 중산동 1880-2,영종하늘도시 한신더휴2차,영종하늘도시한신더휴2차,영종하늘도시 한신더휴2차,,1,아파트,12,870,2024-01-17,한국부동산원_공동주택 단지 식별정보_기본정보_20250918
28110120164720,2811014500118810001,인천광역시,중구,,중산동,1881-1,인천광역시 중구 중산동 1881-1,하늘도시우미린1단지,하늘도시우미린1단지,하늘도시우미린1단지,하늘도시우미린1단지,1,아파트,12,1680,2012-09-13,한국부동산원_공동주택 단지 식별정보_기본정보_20250918
28110120374040,2811014500118810002,인천광역시,중구,,중산동,1881-2,인천광역시 중구 중산동 1881-2,스카이시티자이,스카이시티자이,스카이시티자이,스카이시티자이,1,아파트,10,1034,2018-07-19,한국부동산원_공동주택 단지 식별정보_기본정보_20250918
28110120164721,2811014500118870001,인천광역시,중구,,중산동,1887-1,인천광역시 중구 중산동 1887-1,인천 영종하늘도시 한라비발디아파트,영종하늘도시한라비발디,인천 영종하늘도시 한라비발디아파트,인천 영종하늘도시 한라비발디아파트,1,아파트,11,1365,2012-09-26,한국부동산원_공동주택 단지 식별정보_기본정보_20250918
28110120166287,2811014500118870002,인천광역시,중구,,중산동,1887-2,인천광역시 중구 중산동 1887-2,영종힐스테이트,영종힐스테이트,영종힐스테이트,영종힐스테이트,1,아파트,13,1628,2012-10-26,한국부동산원_공동주택 단지 식별정보_기본정보_20250918
28110120383891,2811014500118870004,인천광역시,중구,,중산동,1887-4,인천광역시 중구 중산동 1887-4,e편한세상 영종국제도시 오션하임,e편한세상영종국제도시오션하임,e편한세상 영종국제도시 오션하임,e편한세상 영종국제도시 오션하임,1,아파트,18,1520,2018-12-27,한국부동산원_공동주택 단지 식별정보_기본정보_20250918
28110120400876,2811014500118870005,인천광역시,중구,,중산동,1887-5,인천광역시 중구 중산동 1887-5,영종49단지행복주택,영종49단지행복주택,영종49단지행복주택,영종49단지행복주택,1,아파트,2,450,2020-02-12,한국부동산원_공동주택 단지 식별정보_기본정보_20250918
28110120438337,2811014500118880001,인천광역시,중구,,중산동,1888-1,인천광역시 중구 중산동 1888-1,호반써밋 스카이센트럴,호반써밋스카이센트럴,호반써밋 스카이센트럴,,1,아파트,6,534,2022-07-04,한국부동산원_공동주택 단지 식별정보_기본정보_20250918
28110120451247,2811014500118890001,인천광역시,중구,,중산동,1889-1,인천광역시 중구 중산동 1889-1,하늘도시 서한이다음,하늘도시서한이다음,하늘도시 서한이다음,,1,아파트,9,930,2024-05-17,한국부동산원_공동주택 단지 식별정보_기본정보_20250918
28110120394125,2811014500118890002,인천광역시,중구,,중산동,1889-2,인천광역시 중구 중산동 1889-2,영종국제도시 화성파크드림,영종국제도시화성파크드림,영종국제도시 화성파크드림,영종국제도시 화성파크드림,1,아파트,5,657,2019-09-25,한국부동산원_공동주택 단지 식별정보_기본정보_20250918
28110120384822,2811014500119110002,인천광역시,중구,,중산동,1911-2,인천광역시 중구 중산동 1911-2,영종국제도시한신더휴스카이파크,영종국제도시한신더휴스카이파크,영종국제도시한신더휴스카이파크,영종국제도시한신더휴스카이파크,1,아파트,4,562,2019-03-20,한국부동산원_공동주택 단지 식별정보_기본정보_20250918
28110120433155,2811014500119130001,인천광역시,중구,,중산동,1913-1,인천광역시 중구 중산동 1913-1,영종엘에이치67단지,영종엘에이치67단지,영종엘에이치67단지,,1,아파트,3,457,2022-03-16,한국부동산원_공동주택 단지 식별정보_기본정보_20250918
28110120124690,2811014600115500000,인천광역시,중구,,운남동,1550,인천광역시 중구 운남동 1550,영종 자이,영종자이,영종 자이,영종 자이,1,아파트,15,1022,2009-11-02,한국부동산원_공동주택 단지 식별정보_기본정보_20250918
28110120439043,2811014600115980001,인천광역시,중구,,운남동,1598-1,인천광역시 중구 운남동 1598-1,운서 SK VIEW skycity Ⅱ,운서SKVIEWskycityⅡ,운서 SK VIEW skycity Ⅱ,,1,아파트,12,909,2022-08-26,한국부동산원_공동주택 단지 식별정보_기본정보_20250918
28110120374470,2811014600116800002,인천광역시,중구,,운남동,1680-2,인천광역시 중구 운남동 1680-2,e편한세상 영종하늘도시,e편한세상영종하늘도시,e편한세상 영종하늘도시,e편한세상 영종하늘도시,1,아파트,8,577,2018-08-20,한국부동산원_공동주택 단지 식별정보_기본정보_20250918
28110120453065,2811014600116810002,인천광역시,중구,,운남동,1681-2,인천광역시 중구 운남동 1681-2,호반써밋 스카이센트럴 2차,호반써밋스카이센트럴2차,호반써밋 스카이센트럴 2차,,1,아파트,8,583,2024-10-16,한국부동산원_공동주택 단지 식별정보_기본정보_20250918
28110120453755,2811014600117090001,인천광역시,중구,,운남동,1709-1,인천광역시 중구 운남동 1709-1,영종베르힐 스카이시티,영종베르힐스카이시티,영종베르힐 스카이시티,,1,아파트,13,1224,2024-12-19,한국부동산원_공동주택 단지 식별정보_기본정보_20250918
28110120439495,2811014600117660002,인천광역시,중구,,운남동,1766-2,인천광역시 중구 운남동 1766-2,영종국제도시 화성파크드림2차,영종국제도시화성파크드림2차,영종국제도시 화성파크드림2차,영종국제도시 화성파크드림2차,1,아파트,8,499,2022-09-08,한국부동산원_공동주택 단지 식별정보_기본정보_20250918
28110120427618,2811014600117780000,인천광역시,중구,,운남동,1778,인천광역시 중구 운남동 1778,운서역푸르지오더스카이,운서역푸르지오더스카이,운서역푸르지오더스카이,운서역푸르지오더스카이,1,아파트,17,1445,2021-07-21,한국부동산원_공동주택 단지 식별정보_기본정보_20250918
28110120384109,2811014600117790000,인천광역시,중구,,운남동,1779,인천광역시 중구 운남동 1779,영종센트럴 푸르지오자이,영종센트럴푸르지오자이,영종센트럴 푸르지오자이,영종센트럴 푸르지오자이,1,아파트,19,1604,2019-02-13,한국부동산원_공동주택 단지 식별정보_기본정보_20250918
28110100257143,2811014700127080001,인천광역시,중구,,운서동,2708-1,인천광역시 중구 운서동 2708-1,풍림아이원아파트,풍림아이원6-1단지,풍림아이원아파트,풍림아이원아파트,1,아파트,6,240,2003-01-29,한국부동산원_공동주택 단지 식별정보_기본정보_20250918
28110100005449,2811014700127080008,인천광역시,중구,,운서동,2708-8,인천광역시 중구 운서동 2708-8,영종풍림아이원아파트,풍림아이원6-2단지,영종풍림아이원아파트,풍림아이원아파트,1,아파트,8,295,2002-10-29,한국부동산원_공동주택 단지 식별정보_기본정보_20250918
28110100448824,2811014700127090003,인천광역시,중구,,운서동,2709-3,인천광역시 중구 운서동 2709-3,영종주공스카이빌아파트,주공스카이빌7단지,영종주공스카이빌아파트,영종주공스카이빌아파트705동,1,아파트,6,295,2002-05-14,한국부동산원_공동주택 단지 식별정보_기본정보_20250918
28110100005447,2811014700127430001,인천광역시,중구,,운서동,2743-1,인천광역시 중구 운서동 2743-1,풍림아이원 아파트,풍림아이원5단지,풍림아이원 아파트,풍림아이원 아파트,1,아파트,4,110,2002-11-14,한국부동산원_공동주택 단지 식별정보_기본정보_20250918
28110100005448,2811014700127440001,인천광역시,중구,,운서동,2744-1,인천광역시 중구 운서동 2744-1,풍림아이원 아파트,풍림아이원2단지2차,풍림아이원 아파트,풍림아이원 아파트,1,아파트,6,168,2002-11-14,한국부동산원_공동주택 단지 식별정보_기본정보_20250918
28110100005450,2811014700127440002,인천광역시,중구,,운서동,2744-2,인천광역시 중구 운서동 2744-2,풍림아이원아파트,풍림아이원3단지,풍림아이원아파트,풍림아이원아파트,1,아파트,4,110,2002-11-14,한국부동산원_공동주택 단지 식별정보_기본정보_20250918
28110100005451,2811014700127450002,인천광역시,중구,,운서동,2745-2,인천광역시 중구 운서동 2745-2,풍림아이원아파트,풍림아이원1단지,풍림아이원아파트,풍림아이원아파트,1,아파트,4,115,2002-11-14,한국부동산원_공동주택 단지 식별정보_기본정보_20250918
28110100005452,2811014700127480001,인천광역시,중구,,운서동,2748-1,인천광역시 중구 운서동 2748-1,풍림 아이원아파트,풍림아이원2단지1차,풍림 아이원아파트,풍림 아이원아파트,1,아파트,19,650,2002-10-29,한국부동산원_공동주택 단지 식별정보_기본정보_20250918
28110100448825,2811014700127860001,인천광역시,중구,,운서동,2786-1,인천광역시 중구 운서동 2786-1,영종주공스카이빌아파트,주공스카이빌12단지,영종주공스카이빌아파트,영종주공스카이빌아파트,1,아파트,11,323,2001-01-06,한국부동산원_공동주택 단지 식별정보_기본정보_20250918
28110100005453,2811014700127870001,인천광역시,중구,,운서동,2787-1,인천광역시 중구 운서동 2787-1,금호베스트빌 1단지,금호베스트빌1단지,금호베스트빌 1단지,,1,아파트,6,360,2002-06-21,한국부동산원_공동주택 단지 식별정보_기본정보_20250918
28110100005454,2811014700127870002,인천광역시,중구,,운서동,2787-2,인천광역시 중구 운서동 2787-2,풍림아이원아파트,풍림아이원8단지,풍림아이원아파트,영종풍림아이원아파트,1,아파트,7,236,2003-01-29,한국부동산원_공동주택 단지 식별정보_기본정보_20250918
28110100005455,2811014700127880002,인천광역시,중구,,운서동,2788-2,인천광역시 중구 운서동 2788-2,영종2차 금호베스트빌,영종2차금호베스트빌,영종2차 금호베스트빌,영종2차 금호베스트빌,1,아파트,11,452,2003-01-09,한국부동산원_공동주택 단지 식별정보_기본정보_20250918
28110100448826,2811014700127880006,인천광역시,중구,,운서동,2788-6,인천광역시 중구 운서동 2788-6,영종주공스카이빌아파트1001동,영종주공스카이빌10단지,,영종주공스카이빌아파트1001동,1,아파트,15,740,2001-07-20,한국부동산원_공동주택 단지 식별정보_기본정보_20250918
28110120118300,2811014700129230000,인천광역시,중구,,운서동,2923,인천광역시 중구 운서동 2923,영종 어울림1차,영종어울림1차,영종 어울림1차,영종 어울림1차,1,아파트,6,328,2009-02-27,한국부동산원_공동주택 단지 식별정보_기본정보_20250918
28110120126221,2811014700129240000,인천광역시,중구,,운서동,2924,인천광역시 중구 운서동 2924,영종 어울림 2차,영종어울림2차,영종 어울림 2차,영종 어울림 2차,1,아파트,4,160,2009-09-29,한국부동산원_공동주택 단지 식별정보_기본정보_20250918
28110120449804,2811014700130840001,인천광역시,중구,,운서동,3084-1,인천광역시 중구 운서동 3084-1,운서역 금강펜테리움,운서역금강펜테리움,운서역 금강펜테리움,,1,아파트,7,600,2024-01-15,한국부동산원_공동주택 단지 식별정보_기본정보_20250918
28110120432227,2811014700130990004,인천광역시,중구,,운서동,3099-4,인천광역시 중구 운서동 3099-4,운서역 반도유보라 퍼스티지,운서역반도유보라퍼스티지,운서역 반도유보라 퍼스티지,운서역 반도유보라 퍼스티지,1,아파트,6,450,2022-02-03,한국부동산원_공동주택 단지 식별정보_기본정보_20250918
28110120393383,2811014700131010001,인천광역시,중구,,운서동,3101-1,인천광역시 중구 운서동 3101-1,영종하늘도시유승한내들,영종하늘도시유승한내들,영종하늘도시유승한내들,영종하늘도시유승한내들,1,아파트,6,420,2019-07-09,한국부동산원_공동주택 단지 식별정보_기본정보_20250918
28110120380759,2811014700131020001,인천광역시,중구,,운서동,3102-1,인천광역시 중구 운서동 3102-1,영종엘에이치2단지,영종엘에이치2단지,영종엘에이치2단지,영종엘에이치2단지,1,아파트,5,990,2018-11-01,한국부동산원_공동주택 단지 식별정보_기본정보_20250918
28110120165459,2811014700131030009,인천광역시,중구,,운서동,3103-9,인천광역시 중구 운서동 3103-9,영종1단지엘에이치,영종1단지엘에이치,영종1단지엘에이치,영종1단지엘에이치,1,아파트,8,770,2012-10-16,한국부동산원_공동주택 단지 식별정보_기본정보_20250918
28110120432569,2811014700131040001,인천광역시,중구,,운서동,3104-1,인천광역시 중구 운서동 3104-1,운서 SK VIEW Skycity,운서SKVIEWSkycity,운서 SK VIEW Skycity,운서 SK VIEW Skycity,1,아파트,13,1153,2022-01-25,한국부동산원_공동주택 단지 식별정보_기본정보_20250918
28110120448044,2811014800113660008,인천광역시,중구,,운북동,1366-8,인천광역시 중구 운북동 1366-8,오션포레베네스트하우스,오션포레베네스트하우스,오션포레베네스트하우스,,1,아파트,11,1096,2023-10-10,한국부동산원_공동주택 단지 식별정보_기본정보_20250918
28140100005457,2814010100100430015,인천광역시,동구,,만석동,43-15,인천광역시 동구 만석동 43-15,만석1차아파트,만석1,만석1차아파트,만석1차아파트,1,아파트,3,125,1985-11-09,한국부동산원_공동주택 단지 식별정보_기본정보_20250918
28140100005459,2814010100100430079,인천광역시,동구,,만석동,43-79,인천광역시 동구 만석동 43-79,만석3차아파트,만석3,만석3차아파트,만석3차아파트,1,아파트,1,70,1991-08-21,한국부동산원_공동주택 단지 식별정보_기본정보_20250918
28140100005458,2814010100100710000,인천광역시,동구,,만석동,71,인천광역시 동구 만석동 71,만석아파트,만석2차,만석아파트,만석2차아파트,1,아파트,2,100,1987-10-16,한국부동산원_공동주택 단지 식별정보_기본정보_20250918
28140100005460,2814010100101220000,인천광역시,동구,,만석동,122,인천광역시 동구 만석동 122,만석비치타운 주공아파트,만석비치타운주공,만석비치타운 주공아파트,만석비치타운 주공아파트,1,아파트,7,624,2002-10-30,한국부동산원_공동주택 단지 식별정보_기본정보_20250918
28140100218616,2814010100101220000,인천광역시,동구,,만석동,122,인천광역시 동구 만석동 122,만석비치타운 주공아파트,만석비치타운,만석비치타운 주공아파트,만석비치타운 주공아파트,1,아파트,8,649,2002-10-30,한국부동산원_공동주택 단지 식별정보_기본정보_20250918
28140120293386,2814010100101270000,인천광역시,동구,,만석동,127,인천광역시 동구 만석동 127,만석 웰카운티아파트,만석웰카운티,만석 웰카운티아파트,만석 웰카운티아파트,1,아파트,3,178,2014-06-23,한국부동산원_공동주택 단지 식별정보_기본정보_20250918
28140100005465,2814010200100020007,인천광역시,동구,,화수동,2-7,인천광역시 동구 화수동 2-7,미륭아파트,미륭,미륭아파트,미륭아파트,1,아파트,14,560,1990-06-25,한국부동산원_공동주택 단지 식별정보_기본정보_20250918
28140100005466,2814010200100790004,인천광역시,동구,,화수동,79-4,인천광역시 동구 화수동 79-4,영풍아파트,영풍,영풍아파트,영풍아파트,1,아파트,5,359,2001-08-06,한국부동산원_공동주택 단지 식별정보_기본정보_20250918
28140100218617,2814010200103210000,인천광역시,동구,,화수동,321,인천광역시 동구 화수동 321,화도진그린빌 주공아파트,화도진그린빌,화도진그린빌 주공아파트,화도진그린빌 주공아파트,1,아파트,5,365,2001-10-22,한국부동산원_공동주택 단지 식별정보_기본정보_20250918
28140100005473,2814010300100010000,인천광역시,동구,,송현동,1,인천광역시 동구 송현동 1,송현1차아파트,송현1차,송현1차아파트,송현1차아파트,1,아파트,11,500,1982-12-14,한국부동산원_공동주택 단지 식별정보_기본정보_20250918
28140100005474,2814010300100010009,인천광역시,동구,,송현동,1-9,인천광역시 동구 송현동 1-9,송현2차아파트,송현2,송현2차아파트,송현2차아파트,1,아파트,11,400,1984-04-18,한국부동산원_공동주택 단지 식별정보_기본정보_20250918
28140100005475,2814010300100060026,인천광역시,동구,,송현동,6-26,인천광역시 동구 송현동 6-26,송현주공아파트,송현주공,송현주공아파트,송현주공아파트,1,아파트,8,575,1993-05-02,한국부동산원_공동주택 단지 식별정보_기본정보_20250918
28140100005472,2814010300100120004,인천광역시,동구,,송현동,12-4,인천광역시 동구 송현동 12-4,삼부아파트,삼부,삼부아파트,삼부아파트,1,아파트,2,90,1985-07-12,한국부동산원_공동주택 단지 식별정보_기본정보_20250918
28140100005468,2814010300100230031,인천광역시,동구,,송현동,23-31,인천광역시 동구 송현동 23-31,송현동 누리아파트,누리,송현동 누리아파트,송현동 누리아파트,1,아파트,1,114,1994-09-17,한국부동산원_공동주택 단지 식별정보_기본정보_20250918
28140100005471,2814010300100660024,인천광역시,동구,,송현동,66-24,인천광역시 동구 송현동 66-24,삼두2차아파트,삼두2,삼두2차아파트,삼두아파트,1,아파트,3,432,1987-10-17,한국부동산원_공동주택 단지 식별정보_기본정보_20250918
28140100005469,2814010300100660026,인천광역시,동구,,송현동,66-26,인천광역시 동구 송현동 66-26,동부아파트,동부,동부아파트,동부아파트,1,아파트,10,1140,1990-05-11,한국부동산원_공동주택 단지 식별정보_기본정보_20250918
28140100005470,2814010300100660051,인천광역시,동구,,송현동,66-51,인천광역시 동구 송현동 66-51,삼두1차아파트,삼두1차,삼두1차아파트,삼두아파트,1,아파트,2,264,1984-10-18,한국부동산원_공동주택 단지 식별정보_기본정보_20250918
28140100005477,2814010300101540000,인천광역시,동구,,송현동,154,인천광역시 동구 송현동 154,솔빛마을 주공아파트,송현주공솔빛마을(154),솔빛마을 주공아파트,솔빛마을 주공아파트,1,아파트,21,2040,2003-04-15,한국부동산원_공동주택 단지 식별정보_기본정보_20250918
28140100218618,2814010300101540000,인천광역시,동구,,송현동,154,인천광역시 동구 송현동 154,솔빛마을 주공아파트,솔빛마을주공,솔빛마을 주공아파트,솔빛마을 주공아파트,1,아파트,6,671,2003-04-15,한국부동산원_공동주택 단지 식별정보_기본정보_20250918
28140100050992,2814010300101650000,인천광역시,동구,,송현동,165,인천광역시 동구 송현동 165,솔빛마을 주공2차아파트,주공2,솔빛마을 주공2차아파트,솔빛마을주공2차아파트,1,아파트,3,386,2003-12-25,한국부동산원_공동주택 단지 식별정보_기본정보_20250918
28140100218619,2814010300101660000,인천광역시,동구,,송현동,166,인천광역시 동구 송현동 166,솔빛마을 주공2차아파트,솔빛마을주공2차,솔빛마을 주공2차아파트,솔빛마을 주공2차아파트,1,아파트,3,354,2003-12-25,한국부동산원_공동주택 단지 식별정보_기본정보_20250918
28140100005461,2814010700100080661,인천광역시,동구,,송림동,8-661,인천광역시 동구 송림동 8-661,송림동 누리아파트,누리,송림동 누리아파트,송림동 누리아파트,1,아파트,1,94,1992-10-10,한국부동산원_공동주택 단지 식별정보_기본정보_20250918
28140120391937,2814010700100570001,인천광역시,동구,,송림동,57-1,인천광역시 동구 송림동 57-1,송림센트럴타워,송림센트럴타워,송림센트럴타워,송림센트럴타워,1,아파트,1,36,2019-06-19,한국부동산원_공동주택 단지 식별정보_기본정보_20250918
28140120020585,2814010700100670002,인천광역시,동구,,송림동,67-2,인천광역시 동구 송림동 67-2,금영주상복합A.P.T,송림그린파크,금영주상복합A.P.T,금영주상복합A.P.T,1,아파트,1,12,2005-10-27,한국부동산원_공동주택 단지 식별정보_기본정보_20250918
28140100005464,2814010700100940011,인천광역시,동구,,송림동,94-11,인천광역시 동구 송림동 94-11,진로아파트,진로,진로아파트,,1,아파트,2,235,1999-09-21,한국부동산원_공동주택 단지 식별정보_기본정보_20250918
28140100218620,2814010700101020009,인천광역시,동구,,송림동,102-9,인천광역시 동구 송림동 102-9,예성아파트,예성,예성아파트,예성아파트,1,아파트,1,15,2003-07-14,한국부동산원_공동주택 단지 식별정보_기본정보_20250918
28140100005462,2814010700102280001,인천광역시,동구,,송림동,228-1,인천광역시 동구 송림동 228-1,삼익아파트,삼익,삼익아파트,삼익아파트,1,아파트,2,264,1979-08-01,한국부동산원_공동주택 단지 식별정보_기본정보_20250918
28140120102016,2814010700102300006,인천광역시,동구,,송림동,230-6,인천광역시 동구 송림동 230-6,예공바흐카운티,예공바흐카운티,,예공바흐카운티,1,아파트,2,69,2008-08-14,한국부동산원_공동주택 단지 식별정보_기본정보_20250918
28140100218621,2814010700102910000,인천광역시,동구,,송림동,291,인천광역시 동구 송림동 291,우정우드피아,우정,우정우드피아,우정우드피아,1,아파트,1,36,2004-01-07,한국부동산원_공동주택 단지 식별정보_기본정보_20250918
28140100005463,2814010700103360000,인천광역시,동구,,송림동,336,인천광역시 동구 송림동 336,송림주공아파트,송림주공,송림주공아파트,송림주공아파트,1,아파트,4,98,1998-11-27,한국부동산원_공동주택 단지 식별정보_기본정보_20250918
28140120106443,2814010700103390000,인천광역시,동구,,송림동,339,인천광역시 동구 송림동 339,송림풍림아이원아파트,풍림아이원,송림풍림아이원아파트,송림풍림아이원아파트,1,아파트,20,1355,2009-08-07,한국부동산원_공동주택 단지 식별정보_기본정보_20250918
28140120123816,2814010700103410000,인천광역시,동구,,송림동,341,인천광역시 동구 송림동 341,송림휴먼시아1단지,송림휴먼시아1단지,송림휴먼시아1단지,송림휴먼시아1단지,1,아파트,11,1011,2009-07-29,한국부동산원_공동주택 단지 식별정보_기본정보_20250918
28140120132328,2814010700103420000,인천광역시,동구,,송림동,342,인천광역시 동구 송림동 342,동산휴먼시아,동산휴먼시아1단지,동산휴먼시아,동산휴먼시아,1,아파트,3,310,2010-09-20,한국부동산원_공동주택 단지 식별정보_기본정보_20250918
28140120133613,2814010700103430000,인천광역시,동구,,송림동,343,인천광역시 동구 송림동 343,동산휴먼시아,동산휴먼시아2단지,동산휴먼시아,동산휴먼시아,1,아파트,9,863,2010-11-18,한국부동산원_공동주택 단지 식별정보_기본정보_20250918
28140120418603,2814010700103460000,인천광역시,동구,,송림동,346,인천광역시 동구 송림동 346,송림파인앤유 주상복합 아파트,송림파인앤유주상복합아파트,송림파인앤유 주상복합 아파트,,1,아파트,3,232,2020-11-06,한국부동산원_공동주택 단지 식별정보_기본정보_20250918
28140120427162,2814010700103470000,인천광역시,동구,,송림동,347,인천광역시 동구 송림동 347,인천브리즈힐아파트,인천브리즈힐,인천브리즈힐아파트,엘에이치브리즈힐,1,아파트,7,920,2021-06-28,한국부동산원_공동주택 단지 식별정보_기본정보_20250918
28140120447329,2814010700103480000,인천광역시,동구,,송림동,348,인천광역시 동구 송림동 348,동인천역 파크 푸르지오,동인천역파크푸르지오,동인천역 파크 푸르지오,,1,아파트,12,2562,2023-05-16,한국부동산원_공동주택 단지 식별정보_기본정보_20250918
28177120315750,2817710100100010010,인천광역시,미추홀구,,숭의동,1-10,인천광역시 미추홀구 숭의동 1-10,한우리,한우리,한우리,한우리,1,아파트,1,40,2015-04-10,한국부동산원_공동주택 단지 식별정보_기본정보_20250918
28177120313427,2817710100100010011,인천광역시,미추홀구,,숭의동,1-11,인천광역시 미추홀구 숭의동 1-11,다우림,다우림(1-11),다우림,다우림,1,아파트,1,40,2015-03-05,한국부동산원_공동주택 단지 식별정보_기본정보_20250918
28177120357846,2817710100100010033,인천광역시,미추홀구,,숭의동,1-33,인천광역시 미추홀구 숭의동 1-33,스카이스테이트,스카이스테이트,스카이스테이트,스카이스테이트,1,아파트,1,42,2017-10-25,한국부동산원_공동주택 단지 식별정보_기본정보_20250918
28177120337456,2817710100100010087,인천광역시,미추홀구,,숭의동,1-87,인천광역시 미추홀구 숭의동 1-87,새힘아파트(오피스텔),새힘아파트(오피스텔),새힘아파트(오피스텔),새힘아파트(오피스텔),1,아파트,1,32,2016-05-30,한국부동산원_공동주택 단지 식별정보_기본정보_20250918
28177120032020,2817710100100010149,인천광역시,미추홀구,,숭의동,1-149,인천광역시 미추홀구 숭의동 1-149,장원아파트,장원,장원아파트,장원아파트,1,아파트,1,18,2005-05-13,한국부동산원_공동주택 단지 식별정보_기본정보_20250918
28177100005648,2817710100100010194,인천광역시,미추홀구,,숭의동,1-194,인천광역시 미추홀구 숭의동 1-194,태양아파트,태양,태양아파트,태양아파트,1,아파트,1,40,1984-02-27,한국부동산원_공동주택 단지 식별정보_기본정보_20250918
28177120345364,2817710100100010201,인천광역시,미추홀구,,숭의동,1-201,인천광역시 미추홀구 숭의동 1-201,더패밀리,더패밀리,더패밀리,더패밀리,1,아파트,1,8,2016-12-26,한국부동산원_공동주택 단지 식별정보_기본정보_20250918
28177100005640,2817710100100020095,인천광역시,미추홀구,,숭의동,2-95,인천광역시 미추홀구 숭의동 2-95,동일아파트,동일,동일아파트,동일아파트,1,아파트,1,53,1978-11-21,한국부동산원_공동주택 단지 식별정보_기본정보_20250918
28177120325536,2817710100100040041,인천광역시,미추홀구,,숭의동,4-41,인천광역시 미추홀구 숭의동 4-41,마이하임,마이하임,마이하임,마이하임,1,아파트,1,28,2015-09-08,한국부동산원_공동주택 단지 식별정보_기본정보_20250918
28177100005649,2817710100100050005,인천광역시,미추홀구,,숭의동,5-5,인천광역시 미추홀구 숭의동 5-5,프린스아파트,프린스,,프린스아파트,1,아파트,2,40,1978-12-04,한국부동산원_공동주택 단지 식별정보_기본정보_20250918
28177100005644,2817710100100050079,인천광역시,미추홀구,,숭의동,5-79,인천광역시 미추홀구 숭의동 5-79,수봉아파트,수봉,,수봉아파트,1,아파트,1,52,1978-12-29,한국부동산원_공동주택 단지 식별정보_기본정보_20250918
28177120390986,2817710100100330234,인천광역시,미추홀구,,숭의동,33-234,인천광역시 미추홀구 숭의동 33-234,스카이시티 201동,스카이시티201동,스카이시티 201동,스카이시티 201동,1,아파트,1,90,2019-01-15,한국부동산원_공동주택 단지 식별정보_기본정보_20250918
28177120363297,2817710100100330235,인천광역시,미추홀구,,숭의동,33-235,인천광역시 미추홀구 숭의동 33-235,스카이시티 101동,스카이시티101동,스카이시티 101동,스카이시티 101동,1,아파트,1,91,2018-04-27,한국부동산원_공동주택 단지 식별정보_기본정보_20250918
28177120407972,2817710100100330236,인천광역시,미추홀구,,숭의동,33-236,인천광역시 미추홀구 숭의동 33-236,스카이시티 301동,스카이시티301동,스카이시티 301동,스카이시티 301동,1,아파트,1,90,2020-06-01,한국부동산원_공동주택 단지 식별정보_기본정보_20250918
28177100005646,2817710100100420001,인천광역시,미추홀구,,숭의동,42-1,인천광역시 미추홀구 숭의동 42-1,제물포아파트,제물포(42-1),,제물포아파트,1,아파트,2,115,1978-04-03,한국부동산원_공동주택 단지 식별정보_기본정보_20250918
28177100050217,2817710100100530024,인천광역시,미추홀구,,숭의동,53-24,인천광역시 미추홀구 숭의동 53-24,제물포아파트,제물포(53-24),,제물포아파트,1,아파트,1,20,1983-06-28,한국부동산원_공동주택 단지 식별정보_기본정보_20250918
28177100258080,2817710100100530031,인천광역시,미추홀구,,숭의동,53-31,인천광역시 미추홀구 숭의동 53-31,제물포아파트,제물포(53-31),제물포아파트,제물포아파트,1,아파트,1,16,1983-06-28,한국부동산원_공동주택 단지 식별정보_기본정보_20250918
28177120339084,2817710100100550002,인천광역시,미추홀구,,숭의동,55-2,인천광역시 미추홀구 숭의동 55-2,더 패밀리,더패밀리,더 패밀리,더 패밀리,1,아파트,1,10,2016-06-16,한국부동산원_공동주택 단지 식별정보_기본정보_20250918
28177120328543,2817710100100600027,인천광역시,미추홀구,,숭의동,60-27,인천광역시 미추홀구 숭의동 60-27,더젠씨티,더젠씨티,더젠씨티,더젠씨티,1,아파트,1,36,2015-11-02,한국부동산원_공동주택 단지 식별정보_기본정보_20250918
28177120374239,2817710100100750005,인천광역시,미추홀구,,숭의동,75-5,인천광역시 미추홀구 숭의동 75-5,투민힐스빌,투민힐스빌,투민힐스빌,투민힐스빌,1,아파트,1,51,2018-08-10,한국부동산원_공동주택 단지 식별정보_기본정보_20250918
28177120285940,2817710100100780009,인천광역시,미추홀구,,숭의동,78-9,인천광역시 미추홀구 숭의동 78-9,숭의동 아르떼노블,숭의동아르떼노블,숭의동 아르떼노블,숭의동 아르떼노블,1,아파트,1,140,2014-02-14,한국부동산원_공동주택 단지 식별정보_기본정보_20250918
28177120340138,2817710100100800004,인천광역시,미추홀구,,숭의동,80-4,인천광역시 미추홀구 숭의동 80-4,다송캐슬,다송캐슬,다송캐슬,다송캐슬,1,아파트,1,26,2016-07-14,한국부동산원_공동주택 단지 식별정보_기본정보_20250918
28177100005636,2817710100100840001,인천광역시,미추홀구,,숭의동,84-1,인천광역시 미추홀구 숭의동 84-1,극동아파트,극동,극동아파트,극동아파트,1,아파트,1,133,1997-10-01,한국부동산원_공동주택 단지 식별정보_기본정보_20250918
28177100005642,2817710100100840004,인천광역시,미추홀구,,숭의동,84-4,인천광역시 미추홀구 숭의동 84-4,박문아파트,박문,박문아파트,박문아파트,1,아파트,1,80,1985-04-08,한국부동산원_공동주택 단지 식별정보_기본정보_20250918
28177120068899,2817710100100860001,인천광역시,미추홀구,,숭의동,86-1,인천광역시 미추홀구 숭의동 86-1,한화 꿈에그린 아파트,한화꿈에그린,한화 꿈에그린 아파트,한화 꿈에그린 아파트,1,아파트,9,405,2007-02-08,한국부동산원_공동주택 단지 식별정보_기본정보_20250918
28177100005645,2817710100100860002,인천광역시,미추홀구,,숭의동,86-2,인천광역시 미추홀구 숭의동 86-2,숭의맨숀아파트,숭의맨숀,,숭의맨숀아파트,1,아파트,1,25,1983-10-13,한국부동산원_공동주택 단지 식별정보_기본정보_20250918
28177100005641,2817710100100910013,인천광역시,미추홀구,,숭의동,91-13,인천광역시 미추홀구 숭의동 91-13,미주아파트,미주아파트,,미주아파트,1,아파트,2,75,1984-10-12,한국부동산원_공동주택 단지 식별정보_기본정보_20250918
28177120339087,2817710100101170007,인천광역시,미추홀구,,숭의동,117-7,인천광역시 미추홀구 숭의동 117-7,더젠씨티,더젠씨티,더젠씨티,더젠씨티,1,아파트,1,38,2016-06-21,한국부동산원_공동주택 단지 식별정보_기본정보_20250918
28177120322092,2817710100101180007,인천광역시,미추홀구,,숭의동,118-7,인천광역시 미추홀구 숭의동 118-7,금강아파트,금강아파트,금강아파트,금강아파트,1,아파트,1,25,2015-06-16,한국부동산원_공동주택 단지 식별정보_기본정보_20250918
28177120360351,2817710100101210005,인천광역시,미추홀구,,숭의동,121-5,인천광역시 미추홀구 숭의동 121-5,퍼스트아파트,퍼스트아파트,퍼스트아파트,퍼스트아파트,1,아파트,1,28,2018-01-23,한국부동산원_공동주택 단지 식별정보_기본정보_20250918
28177120410974,2817710100101210007,인천광역시,미추홀구,,숭의동,121-7,인천광역시 미추홀구 숭의동 121-7,The 미추홀퍼스트,The미추홀퍼스트,The 미추홀퍼스트,The 미추홀퍼스트,1,아파트,1,99,2020-07-10,한국부동산원_공동주택 단지 식별정보_기본정보_20250918
28177120326866,2817710100101210012,인천광역시,미추홀구,,숭의동,121-12,인천광역시 미추홀구 숭의동 121-12,한아름아파트,한아름아파트101동,한아름아파트,한아름아파트,1,아파트,1,28,2015-10-28,한국부동산원_공동주택 단지 식별정보_기본정보_20250918
28177120328544,2817710100101210046,인천광역시,미추홀구,,숭의동,121-46,인천광역시 미추홀구 숭의동 121-46,한아름아파트,한아름아파트102동,한아름아파트,한아름아파트,1,아파트,1,28,2015-11-03,한국부동산원_공동주택 단지 식별정보_기본정보_20250918
28177120297095,2817710100101220003,인천광역시,미추홀구,,숭의동,122-3,인천광역시 미추홀구 숭의동 122-3,행복캐슬 101동,행복캐슬101동,행복캐슬 101동,행복캐슬 101동,1,아파트,1,24,2014-08-22,한국부동산원_공동주택 단지 식별정보_기본정보_20250918
28177120297069,2817710100101220009,인천광역시,미추홀구,,숭의동,122-9,인천광역시 미추홀구 숭의동 122-9,행복캐슬102동,행복캐슬102동,행복캐슬102동,행복캐슬102동,1,아파트,1,24,2014-08-22,한국부동산원_공동주택 단지 식별정보_기본정보_20250918
28177120297458,2817710100101220010,인천광역시,미추홀구,,숭의동,122-10,인천광역시 미추홀구 숭의동 122-10,행복캐슬 103동,행복캐슬103동,행복캐슬 103동,행복캐슬 103동,1,아파트,1,24,2014-08-22,한국부동산원_공동주택 단지 식별정보_기본정보_20250918
28177120009219,2817710100101290009,인천광역시,미추홀구,,숭의동,129-9,인천광역시 미추홀구 숭의동 129-9,파란마을,파란마을,파란마을,파란마을,1,아파트,1,28,2005-06-22,한국부동산원_공동주택 단지 식별정보_기본정보_20250918
28177120314243,2817710100101290030,인천광역시,미추홀구,,숭의동,129-30,인천광역시 미추홀구 숭의동 129-30,신안래미안,신안래미안,신안래미안,신안래미안,1,아파트,1,36,2015-03-18,한국부동산원_공동주택 단지 식별정보_기본정보_20250918
28177120351109,2817710100101290067,인천광역시,미추홀구,,숭의동,129-67,인천광역시 미추홀구 숭의동 129-67,다인리치뷰,다인리치뷰,다인리치뷰,,1,아파트,1,24,2017-05-18,한국부동산원_공동주택 단지 식별정보_기본정보_20250918
28177100005637,2817710100101290083,인천광역시,미추홀구,,숭의동,129-83,인천광역시 미추홀구 숭의동 129-83,다복아파트,다복아파트,,다복아파트,1,아파트,3,100,1976-06-11,한국부동산원_공동주택 단지 식별정보_기본정보_20250918
28177100005650,2817710100101290096,인천광역시,미추홀구,,숭의동,129-96,인천광역시 미추홀구 숭의동 129-96,현대아파트,현대,,현대아파트,1,아파트,2,134,1986-08-30,한국부동산원_공동주택 단지 식별정보_기본정보_20250918
28177120348883,2817710100101460004,인천광역시,미추홀구,,숭의동,146-4,인천광역시 미추홀구 숭의동 146-4,옥크빌,옥크빌,옥크빌,옥크빌,1,아파트,1,24,2017-03-20,한국부동산원_공동주택 단지 식별정보_기본정보_20250918
28177120294501,2817710100101480002,인천광역시,미추홀구,,숭의동,148-2,인천광역시 미추홀구 숭의동 148-2,온누리아파트,온누리,온누리아파트,온누리아파트,1,아파트,1,28,2014-07-11,한국부동산원_공동주택 단지 식별정보_기본정보_20250918
28177120277418,2817710100101480007,인천광역시,미추홀구,,숭의동,148-7,인천광역시 미추홀구 숭의동 148-7,솔라리움,솔라리움,솔라리움,솔라리움,1,아파트,1,28,2013-11-06,한국부동산원_공동주택 단지 식별정보_기본정보_20250918
28177120362530,2817710100101480058,인천광역시,미추홀구,,숭의동,148-58,인천광역시 미추홀구 숭의동 148-58,메트로칸,메트로칸,메트로칸,메트로칸,1,아파트,1,21,2018-04-09,한국부동산원_공동주택 단지 식별정보_기본정보_20250918
28177120137037,2817710100101580018,인천광역시,미추홀구,,숭의동,158-18,인천광역시 미추홀구 숭의동 158-18,행복아파트,행복,행복아파트,행복아파트,1,아파트,1,14,2018-10-26,한국부동산원_공동주택 단지 식별정보_기본정보_20250918
28177100050971,2817710100101590001,인천광역시,미추홀구,,숭의동,159-1,인천광역시 미추홀구 숭의동 159-1,광해리드빌,광해리드빌,광해리드빌,광해리드빌,1,아파트,1,117,2003-12-22,한국부동산원_공동주택 단지 식별정보_기본정보_20250918
28177120294557,2817710100101590026,인천광역시,미추홀구,,숭의동,159-26,인천광역시 미추홀구 숭의동 159-26,S갤러리,하늘아파트,S갤러리,S갤러리,1,아파트,1,12,2014-07-11,한국부동산원_공동주택 단지 식별정보_기본정보_20250918
28177120313353,2817710100101650013,인천광역시,미추홀구,,숭의동,165-13,인천광역시 미추홀구 숭의동 165-13,프라임시티,프라임시티,프라임시티,프라임시티,1,아파트,1,27,2015-03-02,한국부동산원_공동주택 단지 식별정보_기본정보_20250918
28177100050973,2817710100101650022,인천광역시,미추홀구,,숭의동,165-22,인천광역시 미추홀구 숭의동 165-22,옥동아파트,옥동,옥동아파트,옥동아파트,1,아파트,1,10,2003-07-01,한국부동산원_공동주택 단지 식별정보_기본정보_20250918
28177120344669,2817710100101660017,인천광역시,미추홀구,,숭의동,166-17,인천광역시 미추홀구 숭의동 166-17,다드림아파트,다드림아파트,다드림아파트,다드림아파트,1,아파트,1,27,2016-12-05,한국부동산원_공동주택 단지 식별정보_기본정보_20250918
28177100218627,2817710100101680007,인천광역시,미추홀구,,숭의동,168-7,인천광역시 미추홀구 숭의동 168-7,새움아파트,새움,새움아파트,새움아파트,1,아파트,1,11,2004-02-10,한국부동산원_공동주택 단지 식별정보_기본정보_20250918
28177100218628,2817710100101690009,인천광역시,미추홀구,,숭의동,169-9,인천광역시 미추홀구 숭의동 169-9,세명아파트,세명,세명아파트,세명아파트,1,아파트,1,11,2002-11-15,한국부동산원_공동주택 단지 식별정보_기본정보_20250918
28177120083284,2817710100101690014,인천광역시,미추홀구,,숭의동,169-14,인천광역시 미추홀구 숭의동 169-14,동민캐슬,(169-14),동민캐슬,동민캐슬,1,아파트,1,19,2007-09-14,한국부동산원_공동주택 단지 식별정보_기본정보_20250918
28177120339088,2817710100101690025,인천광역시,미추홀구,,숭의동,169-25,인천광역시 미추홀구 숭의동 169-25,골드프라임,골드프라임,골드프라임,골드프라임,1,아파트,1,26,2016-06-20,한국부동산원_공동주택 단지 식별정보_기본정보_20250918
28177120339089,2817710100101690050,인천광역시,미추홀구,,숭의동,169-50,인천광역시 미추홀구 숭의동 169-50,스타뷰,스타뷰,스타뷰,스타뷰,1,아파트,1,30,2016-06-17,한국부동산원_공동주택 단지 식별정보_기본정보_20250918
28177120121235,2817710100101690055,인천광역시,미추홀구,,숭의동,169-55,인천광역시 미추홀구 숭의동 169-55,시티캐슬,시티캐슬,시티캐슬,시티캐슬,1,아파트,1,19,2009-06-05,한국부동산원_공동주택 단지 식별정보_기본정보_20250918
28177100218629,2817710100101700003,인천광역시,미추홀구,,숭의동,170-3,인천광역시 미추홀구 숭의동 170-3,금영아파트,금영오피스텔,금영아파트,금영아파트,1,아파트,1,19,2003-01-28,한국부동산원_공동주택 단지 식별정보_기본정보_20250918
28177100005638,2817710100101700012,인천광역시,미추홀구,,숭의동,170-12,인천광역시 미추홀구 숭의동 170-12,대호아파트,대호,,대호아파트,1,아파트,1,98,1971-09-25,한국부동산원_공동주택 단지 식별정보_기본정보_20250918
28177120354751,2817710100101700059,인천광역시,미추홀구,,숭의동,170-59,인천광역시 미추홀구 숭의동 170-59,BS리치뷰,BS리치뷰,BS리치뷰,,1,아파트,1,12,2017-06-30,한국부동산원_공동주택 단지 식별정보_기본정보_20250918
28177120322440,2817710100101710008,인천광역시,미추홀구,,숭의동,171-8,인천광역시 미추홀구 숭의동 171-8,다우림,다우림,다우림,다우림,1,아파트,1,33,2015-07-10,한국부동산원_공동주택 단지 식별정보_기본정보_20250918
28177120161721,2817710100101710034,인천광역시,미추홀구,,숭의동,171-34,인천광역시 미추홀구 숭의동 171-34,진복 행복마을,진복행복마을,진복 행복마을,진복 행복마을,1,아파트,1,18,2012-06-29,한국부동산원_공동주택 단지 식별정보_기본정보_20250918
28177120362227,2817710100101820004,인천광역시,미추홀구,,숭의동,182-4,인천광역시 미추홀구 숭의동 182-4,다우림 201동,다우림201동,다우림 201동,다우림 201동,1,아파트,1,32,2018-03-29,한국부동산원_공동주택 단지 식별정보_기본정보_20250918
28177100052877,2817710100101820014,인천광역시,미추홀구,,숭의동,182-14,인천광역시 미추홀구 숭의동 182-14,푸르미아파트,푸르미,푸르미아파트,푸르미아파트,1,아파트,1,19,2003-07-09,한국부동산원_공동주택 단지 식별정보_기본정보_20250918
28177100218634,2817710100101850004,인천광역시,미추홀구,,숭의동,185-4,인천광역시 미추홀구 숭의동 185-4,삼성아트빌,삼성아트빌6차,삼성아트빌,삼성아트빌,1,아파트,1,12,2002-02-08,한국부동산원_공동주택 단지 식별정보_기본정보_20250918
28177100218636,2817710100101850046,인천광역시,미추홀구,,숭의동,185-46,인천광역시 미추홀구 숭의동 185-46,우진4차아파트,우진4차,우진4차아파트,우진4차아파트,1,아파트,1,15,2004-02-27,한국부동산원_공동주택 단지 식별정보_기본정보_20250918
28177120343813,2817710100101870001,인천광역시,미추홀구,,숭의동,187-1,인천광역시 미추홀구 숭의동 187-1,해피드림,해피드림,해피드림,해피드림,1,아파트,1,35,2016-11-01,한국부동산원_공동주택 단지 식별정보_기본정보_20250918
28177120354278,2817710100101870050,인천광역시,미추홀구,,숭의동,187-50,인천광역시 미추홀구 숭의동 187-50,세움아파트,세움아파트,세움아파트,,1,아파트,1,36,2017-06-27,한국부동산원_공동주택 단지 식별정보_기본정보_20250918
28177120070617,2817710100102480168,인천광역시,미추홀구,,숭의동,248-168,인천광역시 미추홀구 숭의동 248-168,한양아파트,한양리치타운,한양아파트,한양아파트,1,아파트,1,19,2007-02-26,한국부동산원_공동주택 단지 식별정보_기본정보_20250918
28177120328347,2817710100102830023,인천광역시,미추홀구,,숭의동,283-23,인천광역시 미추홀구 숭의동 283-23,다우림,다우림(283-23),다우림,다우림,1,아파트,1,26,2015-11-06,한국부동산원_공동주택 단지 식별정보_기본정보_20250918
28177120146522,2817710100102940008,인천광역시,미추홀구,,숭의동,294-8,인천광역시 미추홀구 숭의동 294-8,스위트파크,스위트파크,,,1,아파트,1,19,2011-12-13,한국부동산원_공동주택 단지 식별정보_기본정보_20250918
28177100005639,2817710100102940011,인천광역시,미추홀구,,숭의동,294-11,인천광역시 미추홀구 숭의동 294-11,삼화복합빌딩,동아씨티월드,삼화복합빌딩,삼화복합빌딩,1,아파트,1,88,1998-05-07,한국부동산원_공동주택 단지 식별정보_기본정보_20250918
28177120395193,2817710100102940035,인천광역시,미추홀구,,숭의동,294-35,인천광역시 미추홀구 숭의동 294-35,클래시아아파트,클래시아아파트,클래시아아파트,클래시아아파트,1,아파트,1,56,2019-11-05,한국부동산원_공동주택 단지 식별정보_기본정보_20250918
28177120117220,2817710100102960017,인천광역시,미추홀구,,숭의동,296-17,인천광역시 미추홀구 숭의동 296-17,대명휴먼아파트,대명휴먼아파트,대명휴먼아파트,대명휴먼아파트,1,아파트,1,10,2009-01-22,한국부동산원_공동주택 단지 식별정보_기본정보_20250918
28177100052878,2817710100102960018,인천광역시,미추홀구,,숭의동,296-18,인천광역시 미추홀구 숭의동 296-18,금호VIP아파트,금호브이아이피,금호VIP아파트,금호VIP아파트,1,아파트,1,10,2003-07-01,한국부동산원_공동주택 단지 식별정보_기본정보_20250918
28177112110176,2817710100102960025,인천광역시,미추홀구,,숭의동,296-25,인천광역시 미추홀구 숭의동 296-25,대림아파트,대림(296-25),대림아파트,대림아파트,1,아파트,1,7,2003-06-24,한국부동산원_공동주택 단지 식별정보_기본정보_20250918
28177112110177,2817710100102960026,인천광역시,미추홀구,,숭의동,296-26,인천광역시 미추홀구 숭의동 296-26,뉴월드아파트,뉴월드,뉴월드아파트,뉴월드아파트,1,아파트,1,8,2002-07-23,한국부동산원_공동주택 단지 식별정보_기본정보_20250918
28177120032026,2817710100102960056,인천광역시,미추홀구,,숭의동,296-56,인천광역시 미추홀구 숭의동 296-56,뉴그린아파트(장천2로 7),뉴그린(장천2로7),뉴그린아파트(장천2로 7),뉴그린아파트(장천2로 7),1,아파트,1,11,2006-03-08,한국부동산원_공동주택 단지 식별정보_기본정보_20250918
28177120095447,2817710100102960057,인천광역시,미추홀구,,숭의동,296-57,인천광역시 미추홀구 숭의동 296-57,미송아파트,미송아파트,미송아파트,미송아파트,1,아파트,1,11,2008-03-07,한국부동산원_공동주택 단지 식별정보_기본정보_20250918
28177112110179,2817710100102960059,인천광역시,미추홀구,,숭의동,296-59,인천광역시 미추홀구 숭의동 296-59,삼성아트빌,삼성아트빌,,,1,아파트,1,8,2003-07-22,한국부동산원_공동주택 단지 식별정보_기본정보_20250918
28177112110180,2817710100102960063,인천광역시,미추홀구,,숭의동,296-63,인천광역시 미추홀구 숭의동 296-63,월드네오스빌,월드네오스빌,,,1,아파트,1,7,2002-10-11,한국부동산원_공동주택 단지 식별정보_기본정보_20250918
28177112110181,2817710100102960081,인천광역시,미추홀구,,숭의동,296-81,인천광역시 미추홀구 숭의동 296-81,뉴월드아파트,뉴월드B동,뉴월드아파트,뉴월드아파트,1,아파트,1,7,2003-04-03,한국부동산원_공동주택 단지 식별정보_기본정보_20250918
28177100051882,2817710100102970003,인천광역시,미추홀구,,숭의동,297-3,인천광역시 미추홀구 숭의동 297-3,포근네스트빌,포근네스트빌,포근네스트빌,포근네스트빌,1,아파트,2,80,2003-07-22,한국부동산원_공동주택 단지 식별정보_기본정보_20250918
28177100218641,2817710100102970008,인천광역시,미추홀구,,숭의동,297-8,인천광역시 미추홀구 숭의동 297-8,예성아파트,예성,예성아파트,예성아파트,1,아파트,1,19,2002-10-02,한국부동산원_공동주택 단지 식별정보_기본정보_20250918
28177112110184,2817710100102970012,인천광역시,미추홀구,,숭의동,297-12,인천광역시 미추홀구 숭의동 297-12,한양아파트,한양맨션,한양아파트,한양아파트,1,아파트,1,4,2003-05-17,한국부동산원_공동주택 단지 식별정보_기본정보_20250918
28177120340142,2817710100103010018,인천광역시,미추홀구,,숭의동,301-18,인천광역시 미추홀구 숭의동 301-18,해찬솔,해찬솔,해찬솔,해찬솔,1,아파트,1,19,2016-07-22,한국부동산원_공동주택 단지 식별정보_기본정보_20250918
28177112110194,2817710100103010022,인천광역시,미추홀구,,숭의동,301-22,인천광역시 미추홀구 숭의동 301-22,숭의 아파트,숭의,숭의 아파트,숭의 아파트,1,아파트,1,12,2003-01-27,한국부동산원_공동주택 단지 식별정보_기본정보_20250918
28177120322980,2817710100103020053,인천광역시,미추홀구,,숭의동,302-53,인천광역시 미추홀구 숭의동 302-53,모아타운,모아타운,모아타운,모아타운,1,아파트,1,11,2015-07-15,한국부동산원_공동주택 단지 식별정보_기본정보_20250918
28177120165332,2817710100103020058,인천광역시,미추홀구,,숭의동,302-58,인천광역시 미추홀구 숭의동 302-58,진흥그린아파트,진흥그린,진흥그린아파트,진흥그린아파트,1,아파트,1,17,2012-10-09,한국부동산원_공동주택 단지 식별정보_기본정보_20250918
28177100218643,2817710100103030126,인천광역시,미추홀구,,숭의동,303-126,인천광역시 미추홀구 숭의동 303-126,쌍용라데팡스,상용라데팡스,쌍용라데팡스,쌍용라데팡스,1,아파트,1,14,2003-01-27,한국부동산원_공동주택 단지 식별정보_기본정보_20250918
28177120351110,2817710100103030189,인천광역시,미추홀구,,숭의동,303-189,인천광역시 미추홀구 숭의동 303-189,더프라임,더프라임,더프라임,,1,아파트,1,52,2017-05-17,한국부동산원_공동주택 단지 식별정보_기본정보_20250918
28177120339512,2817710100103090005,인천광역시,미추홀구,,숭의동,309-5,인천광역시 미추홀구 숭의동 309-5,효림파크뷰,효림파크뷰,효림파크뷰,효림파크뷰,1,아파트,1,26,2016-07-11,한국부동산원_공동주택 단지 식별정보_기본정보_20250918
28177100218644,2817710100103090023,인천광역시,미추홀구,,숭의동,309-23,인천광역시 미추홀구 숭의동 309-23,우진3차 아파트,우진3차,우진3차 아파트,우진3차 아파트,1,아파트,1,13,2003-04-03,한국부동산원_공동주택 단지 식별정보_기본정보_20250918
28177112110198,2817710100103090032,인천광역시,미추홀구,,숭의동,309-32,인천광역시 미추홀구 숭의동 309-32,금영 쉐르빌,금영쉐르빌,금영 쉐르빌,금영 쉐르빌,1,아파트,1,16,2002-10-18,한국부동산원_공동주택 단지 식별정보_기본정보_20250918
28177112110200,2817710100103310056,인천광역시,미추홀구,,숭의동,331-56,인천광역시 미추홀구 숭의동 331-56,금호파크빌,금호파크빌,,,1,아파트,1,8,2002-11-13,한국부동산원_공동주택 단지 식별정보_기본정보_20250918
28177112110202,2817710100103400005,인천광역시,미추홀구,,숭의동,340-5,인천광역시 미추홀구 숭의동 340-5,한빛아파트,한빛아파트1동2동,한빛아파트,한빛아파트1동,1,아파트,2,16,2002-03-05,한국부동산원_공동주택 단지 식별정보_기본정보_20250918
28177100005643,2817710100103410008,인천광역시,미추홀구,,숭의동,341-8,인천광역시 미추홀구 숭의동 341-8,선광타워,선광,선광타워,선광타워,1,아파트,1,19,1996-05-25,한국부동산원_공동주택 단지 식별정보_기본정보_20250918
28177112110208,2817710100103410026,인천광역시,미추홀구,,숭의동,341-26,인천광역시 미추홀구 숭의동 341-26,신정아파트,신정,신정아파트,신정아파트,1,아파트,1,12,2002-12-12,한국부동산원_공동주택 단지 식별정보_기본정보_20250918
28177120356539,2817710100103410030,인천광역시,미추홀구,,숭의동,341-30,인천광역시 미추홀구 숭의동 341-30,더젠씨티,더젠씨티(341-30),더젠씨티,더젠씨티,1,아파트,1,32,2017-09-08,한국부동산원_공동주택 단지 식별정보_기본정보_20250918
28177120337459,2817710100103420007,인천광역시,미추홀구,,숭의동,342-7,인천광역시 미추홀구 숭의동 342-7,대준블루온 103,대준블루온103동,대준블루온 103,대준블루온 103,1,아파트,1,62,2016-06-09,한국부동산원_공동주택 단지 식별정보_기본정보_20250918
28177120336762,2817710100103420030,인천광역시,미추홀구,,숭의동,342-30,인천광역시 미추홀구 숭의동 342-30,대준블루온,대준블루온102동,대준블루온,대준블루온,1,아파트,1,62,2016-05-27,한국부동산원_공동주택 단지 식별정보_기본정보_20250918
28177120339513,2817710100103420031,인천광역시,미추홀구,,숭의동,342-31,인천광역시 미추홀구 숭의동 342-31,대준블루온 101,대준블루온101동,대준블루온 101,대준블루온 101,1,아파트,1,50,2016-06-27,한국부동산원_공동주택 단지 식별정보_기본정보_20250918
28177120374054,2817710100103460005,인천광역시,미추홀구,,숭의동,346-5,인천광역시 미추홀구 숭의동 346-5,진성투토펠리체,진성투토펠리체,진성투토펠리체,진성투토펠리체,1,아파트,1,42,2018-08-06,한국부동산원_공동주택 단지 식별정보_기본정보_20250918
28177120358782,2817710100103460006,인천광역시,미추홀구,,숭의동,346-6,인천광역시 미추홀구 숭의동 346-6,리치하임 2차,리치하임2차,리치하임 2차,리치하임 2차,1,아파트,1,39,2017-11-28,한국부동산원_공동주택 단지 식별정보_기본정보_20250918
28177120361302,2817710100103460035,인천광역시,미추홀구,,숭의동,346-35,인천광역시 미추홀구 숭의동 346-35,더존아파트,더존아파트,더존아파트,더존아파트,1,아파트,1,39,2018-03-02,한국부동산원_공동주택 단지 식별정보_기본정보_20250918
28177100448828,2817710100103530008,인천광역시,미추홀구,,숭의동,353-8,인천광역시 미추홀구 숭의동 353-8,썬에이스빌 아파트,썬에이스빌,썬에이스빌 아파트,썬에이스빌 아파트,1,아파트,1,36,2002-11-15,한국부동산원_공동주택 단지 식별정보_기본정보_20250918
28177120347137,2817710100103530021,인천광역시,미추홀구,,숭의동,353-21,인천광역시 미추홀구 숭의동 353-21,한마음아파트 B동,한마음아파트102,한마음아파트 B동,한마음아파트 B동,1,아파트,1,45,2017-01-23,한국부동산원_공동주택 단지 식별정보_기본정보_20250918
28177120347138,2817710100103530022,인천광역시,미추홀구,,숭의동,353-22,인천광역시 미추홀구 숭의동 353-22,한마음아파트 A동,한마음아파트101,한마음아파트 A동,한마음아파트 A동,1,아파트,1,45,2017-01-23,한국부동산원_공동주택 단지 식별정보_기본정보_20250918
28177120347964,2817710100104040002,인천광역시,미추홀구,,숭의동,404-2,인천광역시 미추홀구 숭의동 404-2,리치하임,리치하임,리치하임,리치하임,1,아파트,1,40,2017-02-15,한국부동산원_공동주택 단지 식별정보_기본정보_20250918
28177100218648,2817710100104310061,인천광역시,미추홀구,,숭의동,431-61,인천광역시 미추홀구 숭의동 431-61,미래 아파트,미래아파트,미래 아파트,미래 아파트,1,아파트,1,16,2004-02-28,한국부동산원_공동주택 단지 식별정보_기본정보_20250918
28177120351111,2817710100104320013,인천광역시,미추홀구,,숭의동,432-13,인천광역시 미추홀구 숭의동 432-13,스위트리아,스위트리아,스위트리아,스위트리아,1,아파트,1,26,2017-05-29,한국부동산원_공동주택 단지 식별정보_기본정보_20250918
28177100218649,2817710100104330008,인천광역시,미추홀구,,숭의동,433-8,인천광역시 미추홀구 숭의동 433-8,우진5차아파트,우진5차,우진5차아파트,우진5차아파트,1,아파트,1,17,2004-01-07,한국부동산원_공동주택 단지 식별정보_기본정보_20250918
28177100218650,2817710100104330009,인천광역시,미추홀구,,숭의동,433-9,인천광역시 미추홀구 숭의동 433-9,우진아파트,우진,우진아파트,우진아파트,1,아파트,1,11,2002-08-13,한국부동산원_공동주택 단지 식별정보_기본정보_20250918
28177120351112,2817710100104340011,인천광역시,미추홀구,,숭의동,434-11,인천광역시 미추홀구 숭의동 434-11,한선드림시티,한선드림시티,한선드림시티,,1,아파트,1,13,2017-05-18,한국부동산원_공동주택 단지 식별정보_기본정보_20250918
28177120433750,2817710100104620000,인천광역시,미추홀구,,숭의동,462,인천광역시 미추홀구 숭의동 462,서희 스타힐스 스타디움 센트럴시티,스타디움센트럴시티,서희 스타힐스 스타디움 센트럴시티,,1,아파트,6,992,2022-04-14,한국부동산원_공동주택 단지 식별정보_기본정보_20250918
28177100005507,2817710200100470012,인천광역시,미추홀구,,용현동,47-12,인천광역시 미추홀구 용현동 47-12,태화아파트,태화,,태화아파트,1,아파트,2,40,1984-04-25,한국부동산원_공동주택 단지 식별정보_기본정보_20250918
28177100005493,2817710200100520004,인천광역시,미추홀구,,용현동,52-4,인천광역시 미추홀구 용현동 52-4,성광아파트,성광,,성광아파트,1,아파트,2,40,1984-11-08,한국부동산원_공동주택 단지 식별정보_기본정보_20250918
28177100005491,2817710200100760001,인천광역시,미추홀구,,용현동,76-1,인천광역시 미추홀구 용현동 76-1,새한아파트,새한(76-1),,새한아파트,1,아파트,2,60,1986-02-03,한국부동산원_공동주택 단지 식별정보_기본정보_20250918
28177100607897,2817710200100880023,인천광역시,미추홀구,,용현동,88-23,인천광역시 미추홀구 용현동 88-23,성도아파트,성도아파트(2동),성도아파트,성도아파트,1,아파트,1,15,2003-01-22,한국부동산원_공동주택 단지 식별정보_기본정보_20250918
28177100607898,2817710200100880031,인천광역시,미추홀구,,용현동,88-31,인천광역시 미추홀구 용현동 88-31,성도아파트,성도아파트(1동),성도아파트,성도아파트,1,아파트,1,19,2003-01-22,한국부동산원_공동주택 단지 식별정보_기본정보_20250918
28177100607900,2817710200101290001,인천광역시,미추홀구,,용현동,129-1,인천광역시 미추홀구 용현동 129-1,명성에이스빌,명성에이스빌,명성에이스빌,명성에이스빌,1,아파트,1,10,2003-02-28,한국부동산원_공동주택 단지 식별정보_기본정보_20250918
28177120182879,2817710200101290014,인천광역시,미추홀구,,용현동,129-14,인천광역시 미추홀구 용현동 129-14,현대캐슬,현대캐슬,현대캐슬,현대캐슬,1,아파트,1,17,2013-09-10,한국부동산원_공동주택 단지 식별정보_기본정보_20250918
28177100448829,2817710200101290017,인천광역시,미추홀구,,용현동,129-17,인천광역시 미추홀구 용현동 129-17,대진아파트,대진(129-17),대진아파트,대진아파트,1,아파트,1,16,2004-06-23,한국부동산원_공동주택 단지 식별정보_기본정보_20250918
28177100448831,2817710200101580005,인천광역시,미추홀구,,용현동,158-5,인천광역시 미추홀구 용현동 158-5,솔뫼아파트,솔뫼,솔뫼아파트,솔뫼아파트,1,아파트,1,19,2005-02-04,한국부동산원_공동주택 단지 식별정보_기본정보_20250918
28177100005489,2817710200101810004,인천광역시,미추홀구,,용현동,181-4,인천광역시 미추홀구 용현동 181-4,새한아파트,새한(181-4),,새한아파트,1,아파트,4,135,1982-12-02,한국부동산원_공동주택 단지 식별정보_기본정보_20250918
28177100005486,2817710200101830001,인천광역시,미추홀구,,용현동,183-1,인천광역시 미추홀구 용현동 183-1,삼성아파트,삼성아파트,삼성아파트,삼성아파트,1,아파트,1,50,1983-05-27,한국부동산원_공동주택 단지 식별정보_기본정보_20250918
28177100005478,2817710200103400012,인천광역시,미추홀구,,용현동,340-12,인천광역시 미추홀구 용현동 340-12,국일아파트,국일,,국일아파트,1,아파트,2,40,1983-03-12,한국부동산원_공동주택 단지 식별정보_기본정보_20250918
28177100218672,2817710200104630011,인천광역시,미추홀구,,용현동,463-11,인천광역시 미추홀구 용현동 463-11,청원아파트,청원102동,청원아파트,청원아파트,1,아파트,1,18,2002-07-15,한국부동산원_공동주택 단지 식별정보_기본정보_20250918
28177100218674,2817710200104630049,인천광역시,미추홀구,,용현동,463-49,인천광역시 미추홀구 용현동 463-49,청원아파트,청원101동,청원아파트,청원아파트,1,아파트,1,15,2002-10-02,한국부동산원_공동주택 단지 식별정보_기본정보_20250918
28177120353763,2817710200104750001,인천광역시,미추홀구,,용현동,475-1,인천광역시 미추홀구 용현동 475-1,용마루 아파트,용마루,용마루 아파트,,1,아파트,1,26,2017-06-02,한국부동산원_공동주택 단지 식별정보_기본정보_20250918
28177100051886,2817710200104880005,인천광역시,미추홀구,,용현동,488-5,인천광역시 미추홀구 용현동 488-5,선우아파트,선우,선우아파트,선우아파트,1,아파트,1,40,2003-03-20,한국부동산원_공동주택 단지 식별정보_기본정보_20250918
28177120355532,2817710200104900026,인천광역시,미추홀구,,용현동,490-26,인천광역시 미추홀구 용현동 490-26,센트럴아파트,센트럴아파트,센트럴아파트,,1,아파트,1,24,2017-08-03,한국부동산원_공동주택 단지 식별정보_기본정보_20250918
28177120356088,2817710200104900037,인천광역시,미추홀구,,용현동,490-37,인천광역시 미추홀구 용현동 490-37,대준 블루온,대준블루온,대준 블루온,대준 블루온,1,아파트,1,62,2017-08-24,한국부동산원_공동주택 단지 식별정보_기본정보_20250918
28177100052186,2817710200104900079,인천광역시,미추홀구,,용현동,490-79,인천광역시 미추홀구 용현동 490-79,청도하이텔,청도하이텔,청도하이텔,청도하이텔,1,아파트,1,32,2003-03-11,한국부동산원_공동주택 단지 식별정보_기본정보_20250918
28177120342657,2817710200104910049,인천광역시,미추홀구,,용현동,491-49,인천광역시 미추홀구 용현동 491-49,BS VIEW,BSVIEW,BS VIEW,BS VIEW,1,아파트,1,24,2016-10-10,한국부동산원_공동주택 단지 식별정보_기본정보_20250918
28177100005503,2817710200105570001,인천광역시,미추홀구,,용현동,557-1,인천광역시 미추홀구 용현동 557-1,유원용현아파트,유원용현,,유원용현아파트,1,아파트,10,941,1989-10-30,한국부동산원_공동주택 단지 식별정보_기본정보_20250918
28177100005487,2817710200105650095,인천광역시,미추홀구,,용현동,565-95,인천광역시 미추홀구 용현동 565-95,삼익아파트,삼익,,삼익아파트,1,아파트,2,168,1979-04-25,한국부동산원_공동주택 단지 식별정보_기본정보_20250918
28177100005506,2817710200105680003,인천광역시,미추홀구,,용현동,568-3,인천광역시 미추홀구 용현동 568-3,진달래아파트,진달래,,진달래아파트,1,아파트,2,40,1981-05-29,한국부동산원_공동주택 단지 식별정보_기본정보_20250918
28177100005499,2817710200105720003,인천광역시,미추홀구,,용현동,572-3,인천광역시 미추홀구 용현동 572-3,동아아파트,용현동아,,동아아파트,1,아파트,3,400,1990-12-29,한국부동산원_공동주택 단지 식별정보_기본정보_20250918
28177100005498,2817710200105730002,인천광역시,미추홀구,,용현동,573-2,인천광역시 미추홀구 용현동 573-2,용현대우아파트,용현대우,용현대우아파트,용현대우아파트,1,아파트,8,616,2001-06-25,한국부동산원_공동주택 단지 식별정보_기본정보_20250918
28177100005482,2817710200105740003,인천광역시,미추홀구,,용현동,574-3,인천광역시 미추홀구 용현동 574-3,대진아파트,대진,,대진아파트,1,아파트,2,168,1989-06-30,한국부동산원_공동주택 단지 식별정보_기본정보_20250918
28177100218683,2817710200105740007,인천광역시,미추홀구,,용현동,574-7,인천광역시 미추홀구 용현동 574-7,금동아파트,금동(3동),금동아파트,금동아파트,1,아파트,1,19,2003-03-11,한국부동산원_공동주택 단지 식별정보_기본정보_20250918
28177100218684,2817710200105740020,인천광역시,미추홀구,,용현동,574-20,인천광역시 미추홀구 용현동 574-20,금동아파트,금동(2동),금동아파트,금동아파트,1,아파트,1,19,2003-03-11,한국부동산원_공동주택 단지 식별정보_기본정보_20250918
28177100218685,2817710200105740021,인천광역시,미추홀구,,용현동,574-21,인천광역시 미추홀구 용현동 574-21,금동아파트,금동(1동),금동아파트,금동아파트,1,아파트,1,19,2003-03-11,한국부동산원_공동주택 단지 식별정보_기본정보_20250918
28177100005497,2817710200105770002,인천광역시,미추홀구,,용현동,577-2,인천광역시 미추홀구 용현동 577-2,용현아파트,용현국민,,용현아파트,1,아파트,2,60,1984-12-29,한국부동산원_공동주택 단지 식별정보_기본정보_20250918
28177100005483,2817710200106100113,인천광역시,미추홀구,,용현동,610-113,인천광역시 미추홀구 용현동 610-113,동아아파트,동아,,동아아파트,1,아파트,6,492,1989-08-19,한국부동산원_공동주택 단지 식별정보_기본정보_20250918
28177100005492,2817710200106110004,인천광역시,미추홀구,,용현동,611-4,인천광역시 미추홀구 용현동 611-4,서해아파트,서해,서해아파트,서해아파트,1,아파트,3,299,1994-03-25,한국부동산원_공동주택 단지 식별정보_기본정보_20250918
28177100005485,2817710200106150002,인천광역시,미추홀구,,용현동,615-2,인천광역시 미추홀구 용현동 615-2,부성로얄아파트,부성로얄,,부성로얄아파트,1,아파트,3,204,1987-11-25,한국부동산원_공동주택 단지 식별정보_기본정보_20250918
28177100005502,2817710200106150007,인천광역시,미추홀구,,용현동,615-7,인천광역시 미추홀구 용현동 615-7,우성아파트,우성,우성아파트,우성아파트,1,아파트,3,408,1996-08-01,한국부동산원_공동주택 단지 식별정보_기본정보_20250918
28177120347139,2817710200106240018,인천광역시,미추홀구,,용현동,624-18,인천광역시 미추홀구 용현동 624-18,밀레니엄,밀레니엄,밀레니엄,,1,아파트,1,25,2017-01-19,한국부동산원_공동주택 단지 식별정보_기본정보_20250918
28177100218686,2817710200106240023,인천광역시,미추홀구,,용현동,624-23,인천광역시 미추홀구 용현동 624-23,태웅아파트,태웅,태웅아파트,태웅아파트,1,아파트,1,9,2003-01-14,한국부동산원_공동주택 단지 식별정보_기본정보_20250918
28177120444507,2817710200106270012,인천광역시,미추홀구,,용현동,627-12,인천광역시 미추홀구 용현동 627-12,용현 오션뷰 경남아너스빌,용현오션뷰경남아너스빌,용현 오션뷰 경남아너스빌,,1,아파트,3,303,2023-05-04,한국부동산원_공동주택 단지 식별정보_기본정보_20250918
28177100005479,2817710200106270040,인천광역시,미추홀구,,용현동,627-40,인천광역시 미추홀구 용현동 627-40,금호타운,금호타운,,금호타운,1,아파트,12,1170,1991-02-02,한국부동산원_공동주택 단지 식별정보_기본정보_20250918
28177100005508,2817710200106270047,인천광역시,미추홀구,,용현동,627-47,인천광역시 미추홀구 용현동 627-47,한국아파트,한국,한국아파트,한국아파트,1,아파트,2,298,1996-12-20,한국부동산원_공동주택 단지 식별정보_기본정보_20250918
28177100005509,2817710200106270078,인천광역시,미추홀구,,용현동,627-78,인천광역시 미추홀구 용현동 627-78,한양아파트,한양1차,,한양아파트,1,아파트,9,606,1990-12-22,한국부동산원_공동주택 단지 식별정보_기본정보_20250918
28177100005481,2817710200106270079,인천광역시,미추홀구,,용현동,627-79,인천광역시 미추홀구 용현동 627-79,대림아파트,대림,,대림아파트,1,아파트,8,598,1990-10-31,한국부동산원_공동주택 단지 식별정보_기본정보_20250918
28177100005511,2817710200106270085,인천광역시,미추홀구,,용현동,627-85,인천광역시 미추홀구 용현동 627-85,성신아파트,해안성신,,성신아파트,1,아파트,3,150,1986-10-02,한국부동산원_공동주택 단지 식별정보_기본정보_20250918
28177100005510,2817710200106270105,인천광역시,미추홀구,,용현동,627-105,인천광역시 미추홀구 용현동 627-105,한양아파트,한양2차,한양아파트,한양아파트,1,아파트,3,352,1992-07-24,한국부동산원_공동주택 단지 식별정보_기본정보_20250918
28177100005494,2817710200106270111,인천광역시,미추홀구,,용현동,627-111,인천광역시 미추홀구 용현동 627-111,수정아파트,수정,,수정아파트,1,아파트,2,100,1985-07-24,한국부동산원_공동주택 단지 식별정보_기본정보_20250918
28177100218688,2817710200106270416,인천광역시,미추홀구,,용현동,627-416,인천광역시 미추홀구 용현동 627-416,은빛아파트,은빛,은빛아파트,은빛아파트,1,아파트,1,10,2003-11-20,한국부동산원_공동주택 단지 식별정보_기본정보_20250918
28177120126932,2817710200106270444,인천광역시,미추홀구,,용현동,627-444,인천광역시 미추홀구 용현동 627-444,아리랑아파트,아리랑,아리랑아파트,아리랑아파트,1,아파트,1,12,2010-04-09,한국부동산원_공동주택 단지 식별정보_기본정보_20250918
28177100005505,2817710200106270457,인천광역시,미추홀구,,용현동,627-457,인천광역시 미추홀구 용현동 627-457,윤성아파트,윤성,,윤성아파트,1,아파트,2,368,1993-06-30,한국부동산원_공동주택 단지 식별정보_기본정보_20250918
28177100218691,2817710200106270534,인천광역시,미추홀구,,용현동,627-534,인천광역시 미추홀구 용현동 627-534,신창미션힐,신창미션힐,신창미션힐,신창미션힐,1,아파트,8,821,2004-04-30,한국부동산원_공동주택 단지 식별정보_기본정보_20250918
28177100448835,2817710200106280022,인천광역시,미추홀구,,용현동,628-22,인천광역시 미추홀구 용현동 628-22,동원청해아파트,동원청해,동원청해아파트,동원청해아파트,1,아파트,1,10,2003-01-28,한국부동산원_공동주택 단지 식별정보_기본정보_20250918
28177100448836,2817710200106290021,인천광역시,미추홀구,,용현동,629-21,인천광역시 미추홀구 용현동 629-21,금성아파트,금성,금성아파트,금성아파트,1,아파트,1,8,2003-05-09,한국부동산원_공동주택 단지 식별정보_기본정보_20250918
28177120357798,2817710200106300007,인천광역시,미추홀구,,용현동,630-7,인천광역시 미추홀구 용현동 630-7,넥스빌,넥스빌,,,1,아파트,1,22,2017-10-20,한국부동산원_공동주택 단지 식별정보_기본정보_20250918
28177120347140,2817710200106300008,인천광역시,미추홀구,,용현동,630-8,인천광역시 미추홀구 용현동 630-8,더젠씨티,더젠씨티,더젠씨티,더젠씨티,1,아파트,1,30,2017-01-18,한국부동산원_공동주택 단지 식별정보_기본정보_20250918
28177100218693,2817710200106300074,인천광역시,미추홀구,,용현동,630-74,인천광역시 미추홀구 용현동 630-74,미도네스트아파트,미도네스트,미도네스트아파트,미도네스트아파트,1,아파트,1,10,2003-03-05,한국부동산원_공동주택 단지 식별정보_기본정보_20250918
28177100005488,2817710200106460000,인천광역시,미추홀구,,용현동,646,인천광역시 미추홀구 용현동 646,삼화아파트,서해삼화아파트,삼화아파트,삼화아파트,1,아파트,1,114,1994-04-26,한국부동산원_공동주택 단지 식별정보_기본정보_20250918
28177100005496,2817710200106470000,인천광역시,미추홀구,,용현동,647,인천광역시 미추홀구 용현동 647,용현2단지금호타운,용현2단지금호타운,용현2단지금호타운,용현2단지금호타운,1,아파트,15,1306,1999-11-01,한국부동산원_공동주택 단지 식별정보_기본정보_20250918
28177120117236,2817710200106490000,인천광역시,미추홀구,,용현동,649,인천광역시 미추홀구 용현동 649,용현동 성원상떼빌,성원상떼빌,용현동 성원상떼빌,용현동 성원상떼빌,1,아파트,7,550,2009-03-31,한국부동산원_공동주택 단지 식별정보_기본정보_20250918
28177120129676,2817710200106520000,인천광역시,미추홀구,,용현동,652,인천광역시 미추홀구 용현동 652,금호 어울림 3단지,금호어울림3차,금호 어울림 3단지,금호 어울림 3단지,1,아파트,2,180,2010-09-27,한국부동산원_공동주택 단지 식별정보_기본정보_20250918
28177120129677,2817710200106530000,인천광역시,미추홀구,,용현동,653,인천광역시 미추홀구 용현동 653,금호 어울림 4단지,금호어울림4차,금호 어울림 4단지,금호 어울림 4단지,1,아파트,6,209,2010-12-06,한국부동산원_공동주택 단지 식별정보_기본정보_20250918
28177120133984,2817710200106560000,인천광역시,미추홀구,,용현동,656,인천광역시 미추홀구 용현동 656,용현 엠코타운,용현엠코타운,용현 엠코타운,용현 엠코타운,1,아파트,2,171,2011-04-18,한국부동산원_공동주택 단지 식별정보_기본정보_20250918
28177120143591,2817710200106590000,인천광역시,미추홀구,,용현동,659,인천광역시 미추홀구 용현동 659,인천 용현 엑슬루타워,인천용현엑슬루타워,인천 용현 엑슬루타워,인천 용현 엑슬루타워,1,아파트,4,630,2011-09-28,한국부동산원_공동주택 단지 식별정보_기본정보_20250918
28177120339094,2817710200106640000,인천광역시,미추홀구,,용현동,664,인천광역시 미추홀구 용현동 664,인천 SK Sky VIEW,인천SKSkyVIEW,인천 SK Sky VIEW,인천 SK Sky VIEW,1,아파트,26,3971,2016-06-23,한국부동산원_공동주택 단지 식별정보_기본정보_20250918
28177120382183,2817710200106900000,인천광역시,미추홀구,,용현동,690,인천광역시 미추홀구 용현동 690,엘에이치미추홀3단지,엘에이치미추홀3단지,엘에이치미추홀3단지,엘에이치미추홀3단지,1,아파트,5,1500,2018-12-03,한국부동산원_공동주택 단지 식별정보_기본정보_20250918
28177120449143,2817710200300000000,인천광역시,미추홀구,,용현동,가-,인천광역시 미추홀구 용현동 가-,용현자이크레스트,용현자이크레스트,용현자이크레스트,,1,아파트,17,2277,2023-11-29,한국부동산원_공동주택 단지 식별정보_기본정보_20250918
28177120381483,2817710200700020000,인천광역시,미추홀구,,용현동,지구BL 2,인천광역시 미추홀구 용현동 지구BL 2,용현엘크루윈드포레,용현엘크루윈드포레,용현엘크루윈드포레,용현엘크루윈드포레,1,아파트,8,870,2018-11-22,한국부동산원_공동주택 단지 식별정보_기본정보_20250918
28177100005567,2817710300100380000,인천광역시,미추홀구,,학익동,38,인천광역시 미추홀구 학익동 38,한국아파트,한국공영,,한국아파트,1,아파트,7,200,1980-02-21,한국부동산원_공동주택 단지 식별정보_기본정보_20250918
28177100005555,2817710300100410003,인천광역시,미추홀구,,학익동,41-3,인천광역시 미추홀구 학익동 41-3,신동아아파트,신동아6,,신동아아파트,1,아파트,3,254,1992-05-06,한국부동산원_공동주택 단지 식별정보_기본정보_20250918
28177100005554,2817710300100480001,인천광역시,미추홀구,,학익동,48-1,인천광역시 미추홀구 학익동 48-1,신동아아파트,신동아5,,신동아아파트,1,아파트,8,594,1993-06-22,한국부동산원_공동주택 단지 식별정보_기본정보_20250918
28177100005553,2817710300100480002,인천광역시,미추홀구,,학익동,48-2,인천광역시 미추홀구 학익동 48-2,신동아아파트,신동아4,,신동아아파트,1,아파트,6,630,1990-11-17,한국부동산원_공동주택 단지 식별정보_기본정보_20250918
28177100005552,2817710300100480014,인천광역시,미추홀구,,학익동,48-14,인천광역시 미추홀구 학익동 48-14,신동아아파트,신동아3,,신동아아파트,1,아파트,12,894,1990-04-19,한국부동산원_공동주택 단지 식별정보_기본정보_20250918
28177100005557,2817710300100500000,인천광역시,미추홀구,,학익동,50,인천광역시 미추홀구 학익동 50,주안8차신동아아파트,신동아8,주안8차신동아아파트,주안8차신동아아파트,1,아파트,5,538,1997-06-24,한국부동산원_공동주택 단지 식별정보_기본정보_20250918
28177100005563,2817710300100740002,인천광역시,미추홀구,,학익동,74-2,인천광역시 미추홀구 학익동 74-2,청운아파트,청운,,청운아파트,1,아파트,3,105,1985-07-12,한국부동산원_공동주택 단지 식별정보_기본정보_20250918
28177100005549,2817710300100750006,인천광역시,미추홀구,,학익동,75-6,인천광역시 미추홀구 학익동 75-6,소망아파트,소망,,소망아파트,1,아파트,3,70,1985-07-25,한국부동산원_공동주택 단지 식별정보_기본정보_20250918
28177100005550,2817710300101250001,인천광역시,미추홀구,,학익동,125-1,인천광역시 미추홀구 학익동 125-1,신동아아파트,신동아1,,신동아아파트,1,아파트,3,364,1988-11-30,한국부동산원_공동주택 단지 식별정보_기본정보_20250918
28177100005551,2817710300101250001,인천광역시,미추홀구,,학익동,125-1,인천광역시 미추홀구 학익동 125-1,신동아아파트,신동아2,,신동아아파트,1,아파트,6,574,1989-07-14,한국부동산원_공동주택 단지 식별정보_기본정보_20250918
28177100005560,2817710300104130001,인천광역시,미추홀구,,학익동,413-1,인천광역시 미추홀구 학익동 413-1,장미아파트,장미1,,장미아파트,1,아파트,17,580,1984-12-12,한국부동산원_공동주택 단지 식별정보_기본정보_20250918
28177100005561,2817710300104130009,인천광역시,미추홀구,,학익동,413-9,인천광역시 미추홀구 학익동 413-9,장미아파트,장미2,,장미아파트,1,아파트,1,50,1988-08-08,한국부동산원_공동주택 단지 식별정보_기본정보_20250918
28177120450245,2817710300105870397,인천광역시,미추홀구,,학익동,587-397,인천광역시 미추홀구 학익동 587-397,시티오씨엘 1단지,시티오씨엘1단지,시티오씨엘 1단지,,1,아파트,8,1131,2024-03-22,한국부동산원_공동주택 단지 식별정보_기본정보_20250918
28177100005556,2817710300106450000,인천광역시,미추홀구,,학익동,645,인천광역시 미추홀구 학익동 645,주안7차신동아아파트,신동아7,주안7차신동아아파트,주안7차신동아아파트,1,아파트,6,510,1994-11-30,한국부동산원_공동주택 단지 식별정보_기본정보_20250918
28177120330233,2817710300106580001,인천광역시,미추홀구,,학익동,658-1,인천광역시 미추홀구 학익동 658-1,예다움,예다움,예다움,예다움,1,아파트,1,30,2015-12-24,한국부동산원_공동주택 단지 식별정보_기본정보_20250918
28177100005558,2817710300106710002,인천광역시,미추홀구,,학익동,671-2,인천광역시 미추홀구 학익동 671-2,영남들국화아파트,영남,,영남들국화아파트,1,아파트,6,444,1989-10-21,한국부동산원_공동주택 단지 식별정보_기본정보_20250918
28177100005546,2817710300106780003,인천광역시,미추홀구,,학익동,678-3,인천광역시 미추홀구 학익동 678-3,동진아파트,동진,,동진아파트,1,아파트,2,114,1990-01-20,한국부동산원_공동주택 단지 식별정보_기본정보_20250918
28177100005565,2817710300106810006,인천광역시,미추홀구,,학익동,681-6,인천광역시 미추홀구 학익동 681-6,하나아파트,하나아파트,하나아파트,하나아파트,1,아파트,4,312,1997-12-10,한국부동산원_공동주택 단지 식별정보_기본정보_20250918
28177100005566,2817710300106820001,인천광역시,미추홀구,,학익동,682-1,인천광역시 미추홀구 학익동 682-1,하나아파트,하나2차,하나아파트,하나아파트 201동,1,아파트,2,114,2000-05-03,한국부동산원_공동주택 단지 식별정보_기본정보_20250918
28177100005544,2817710300106830002,인천광역시,미추홀구,,학익동,683-2,인천광역시 미추홀구 학익동 683-2,대동아파트,대동2,,대동아파트,1,아파트,2,120,1988-11-14,한국부동산원_공동주택 단지 식별정보_기본정보_20250918
28177100005543,2817710300106840004,인천광역시,미추홀구,,학익동,684-4,인천광역시 미추홀구 학익동 684-4,대동아파트,대동1,,대동아파트,1,아파트,3,282,1988-05-06,한국부동산원_공동주택 단지 식별정보_기본정보_20250918
28177100052302,2817710300106860012,인천광역시,미추홀구,,학익동,686-12,인천광역시 미추홀구 학익동 686-12,학익2차 현광아파트,현광2차,학익2차 현광아파트,학익2차 현광아파트,1,아파트,1,171,2002-09-30,한국부동산원_공동주택 단지 식별정보_기본정보_20250918
28177100005569,2817710300106920001,인천광역시,미추홀구,,학익동,692-1,인천광역시 미추홀구 학익동 692-1,호산아파트,호산1,호산아파트,호산아파트,1,아파트,1,80,1996-07-05,한국부동산원_공동주택 단지 식별정보_기본정보_20250918
28177100005570,2817710300106930001,인천광역시,미추홀구,,학익동,693-1,인천광역시 미추홀구 학익동 693-1,호산아파트,호산2,호산아파트,호산아파트,1,아파트,1,44,1997-05-21,한국부동산원_공동주택 단지 식별정보_기본정보_20250918
28177100005559,2817710300107020002,인천광역시,미추홀구,,학익동,702-2,인천광역시 미추홀구 학익동 702-2,"원흥아파트,상가",원흥아파트,"원흥아파트,상가",원흥아파트,1,아파트,2,396,1996-11-14,한국부동산원_공동주택 단지 식별정보_기본정보_20250918
28177100005564,2817710300107030002,인천광역시,미추홀구,,학익동,703-2,인천광역시 미추홀구 학익동 703-2,태산아파트,태산,,태산아파트,1,아파트,2,252,1998-10-29,한국부동산원_공동주택 단지 식별정보_기본정보_20250918
28177100005562,2817710300107070005,인천광역시,미추홀구,,학익동,707-5,인천광역시 미추홀구 학익동 707-5,정광아파트,정광,정광아파트,정광아파트,1,아파트,2,280,1998-11-12,한국부동산원_공동주택 단지 식별정보_기본정보_20250918
28177100005568,2817710300107110003,인천광역시,미추홀구,,학익동,711-3,인천광역시 미추홀구 학익동 711-3,현광아파트,현광1차,현광아파트,현광아파트 105동,1,아파트,5,348,2000-04-12,한국부동산원_공동주택 단지 식별정보_기본정보_20250918
28177100005545,2817710300107190000,인천광역시,미추홀구,,학익동,719,인천광역시 미추홀구 학익동 719,"동아,풍림아파트",동아풍림,"동아,풍림아파트","동아,풍림아파트",1,아파트,22,1480,1999-11-29,한국부동산원_공동주택 단지 식별정보_기본정보_20250918
28177120089840,2817710300107210000,인천광역시,미추홀구,,학익동,721,인천광역시 미추홀구 학익동 721,학익동풍림아이원아파트,풍림아이원,학익동풍림아이원아파트,학익동풍림아이원아파트,1,아파트,26,2090,2007-12-13,한국부동산원_공동주택 단지 식별정보_기본정보_20250918
28177120131499,2817710300107320003,인천광역시,미추홀구,,학익동,732-3,인천광역시 미추홀구 학익동 732-3,엑슬루타워,엑슬루타워,엑슬루타워,엑슬루타워,1,아파트,4,707,2010-09-13,한국부동산원_공동주택 단지 식별정보_기본정보_20250918
28177120143565,2817710300107390000,인천광역시,미추홀구,,학익동,739,인천광역시 미추홀구 학익동 739,인천학익 두산위브,인천학익두산위브,인천학익 두산위브,인천학익 두산위브,1,아파트,3,432,2011-09-28,한국부동산원_공동주택 단지 식별정보_기본정보_20250918
28177120157000,2817710300107430000,인천광역시,미추홀구,,학익동,743,인천광역시 미추홀구 학익동 743,삼익플라주아파트,삼익플라주아파트,삼익플라주아파트,삼익플라주아파트,1,아파트,1,80,2011-11-25,한국부동산원_공동주택 단지 식별정보_기본정보_20250918
28177120420908,2817710300107440001,인천광역시,미추홀구,,학익동,744-1,인천광역시 미추홀구 학익동 744-1,힐스테이트학익,힐스테이트학익,힐스테이트학익,,1,아파트,5,616,2021-05-18,한국부동산원_공동주택 단지 식별정보_기본정보_20250918
28177120443551,2817710300107450000,인천광역시,미추홀구,,학익동,745,인천광역시 미추홀구 학익동 745,미추홀 트루엘 파크,미추홀트루엘파크,미추홀 트루엘 파크,,1,아파트,5,336,2022-06-13,한국부동산원_공동주택 단지 식별정보_기본정보_20250918
28177100005548,2817710300200360010,인천광역시,미추홀구,,학익동,산36-10,인천광역시 미추홀구 학익동 산36-10,서원아파트,서원,,서원아파트,1,아파트,4,342,1990-05-25,한국부동산원_공동주택 단지 식별정보_기본정보_20250918
28177120454677,2817710300300000000,인천광역시,미추홀구,,학익동,가-,인천광역시 미추홀구 학익동 가-,시티오씨엘 3단지,시티오씨엘3단지,시티오씨엘 3단지,,1,아파트,6,977,2024-12-26,한국부동산원_공동주택 단지 식별정보_기본정보_20250918
28177100005539,2817710400100960001,인천광역시,미추홀구,,도화동,96-1,인천광역시 미추홀구 도화동 96-1,인성아파트,인성,인성아파트,인성아파트,1,아파트,1,30,1984-12-26,한국부동산원_공동주택 단지 식별정보_기본정보_20250918
28177100052183,2817710400101030028,인천광역시,미추홀구,,도화동,103-28,인천광역시 미추홀구 도화동 103-28,미추홀 타워,미추홀타워,미추홀 타워,미추홀 타워,1,아파트,1,19,2003-06-25,한국부동산원_공동주택 단지 식별정보_기본정보_20250918
28177100005540,2817710400101050001,인천광역시,미추홀구,,도화동,105-1,인천광역시 미추홀구 도화동 105-1,태화아파트,태화,,태화아파트,1,아파트,4,180,1984-04-09,한국부동산원_공동주택 단지 식별정보_기본정보_20250918
28177100005527,2817710400101060004,인천광역시,미추홀구,,도화동,106-4,인천광역시 미추홀구 도화동 106-4,삼덕진주아파트,삼덕진주,,삼덕진주아파트,1,아파트,3,115,1984-04-27,한국부동산원_공동주택 단지 식별정보_기본정보_20250918
28177100005542,2817710400101080001,인천광역시,미추홀구,,도화동,108-1,인천광역시 미추홀구 도화동 108-1,티에스 굿모닝 아파트,TS굿모닝,티에스 굿모닝 아파트,티에스 굿모닝 아파트,1,아파트,1,147,2002-11-27,한국부동산원_공동주택 단지 식별정보_기본정보_20250918
28177100005538,2817710400101080002,인천광역시,미추홀구,,도화동,108-2,인천광역시 미추홀구 도화동 108-2,이화아파트,이화(108-2),이화아파트,이화아파트,1,아파트,1,25,1985-05-30,한국부동산원_공동주택 단지 식별정보_기본정보_20250918
28177100005541,2817710400101080005,인천광역시,미추홀구,,도화동,108-5,인천광역시 미추홀구 도화동 108-5,삼덕진주아파트,삼덕진주5,,삼덕진주아파트,1,아파트,2,50,1984-11-15,한국부동산원_공동주택 단지 식별정보_기본정보_20250918
28177100005529,2817710400101090001,인천광역시,미추홀구,,도화동,109-1,인천광역시 미추홀구 도화동 109-1,성락아파트,성락,,성락아파트,1,아파트,4,110,1981-05-21,한국부동산원_공동주택 단지 식별정보_기본정보_20250918
28177100050216,2817710400101190007,인천광역시,미추홀구,,도화동,119-7,인천광역시 미추홀구 도화동 119-7,이화아파트,이화,,이화아파트,1,아파트,2,70,1986-12-02,한국부동산원_공동주택 단지 식별정보_기본정보_20250918
28177100005531,2817710400101190042,인천광역시,미추홀구,,도화동,119-42,인천광역시 미추홀구 도화동 119-42,신태양아파트,신태양1차,,신태양아파트,1,아파트,2,46,1981-12-05,한국부동산원_공동주택 단지 식별정보_기본정보_20250918
28177100005533,2817710400101320001,인천광역시,미추홀구,,도화동,132-1,인천광역시 미추홀구 도화동 132-1,신태양아파트,신태양3차,,신태양아파트,1,아파트,5,175,1983-12-20,한국부동산원_공동주택 단지 식별정보_기본정보_20250918
28177100005534,2817710400101340002,인천광역시,미추홀구,,도화동,134-2,인천광역시 미추홀구 도화동 134-2,신태양아파트,신태양4차,,신태양아파트,1,아파트,1,40,1984-12-22,한국부동산원_공동주택 단지 식별정보_기본정보_20250918
28177100005528,2817710400101360016,인천광역시,미추홀구,,도화동,136-16,인천광역시 미추홀구 도화동 136-16,삼원아파트,삼원,,삼원아파트,1,아파트,2,60,1985-07-16,한국부동산원_공동주택 단지 식별정보_기본정보_20250918
28177100005532,2817710400101370002,인천광역시,미추홀구,,도화동,137-2,인천광역시 미추홀구 도화동 137-2,신태양아파트,신태양2차,,신태양아파트,1,아파트,2,60,1982-10-16,한국부동산원_공동주택 단지 식별정보_기본정보_20250918
28177120331222,2817710400103690001,인천광역시,미추홀구,,도화동,369-1,인천광역시 미추홀구 도화동 369-1,BS VIEW,BSVIEW,BS VIEW ,BS VIEW,1,아파트,1,26,2016-01-12,한국부동산원_공동주택 단지 식별정보_기본정보_20250918
28177100218704,2817710400103690017,인천광역시,미추홀구,,도화동,369-17,인천광역시 미추홀구 도화동 369-17,금강아파트,금강(369-17),금강아파트,금강아파트,1,아파트,1,10,2003-11-12,한국부동산원_공동주택 단지 식별정보_기본정보_20250918
28177100218705,2817710400103720013,인천광역시,미추홀구,,도화동,372-13,인천광역시 미추홀구 도화동 372-13,세명아파트103동,세명103동,세명아파트103동,세명아파트103동,1,아파트,1,9,2002-12-20,한국부동산원_공동주택 단지 식별정보_기본정보_20250918
28177100256571,2817710400103720014,인천광역시,미추홀구,,도화동,372-14,인천광역시 미추홀구 도화동 372-14,세명아파트,세명102동,세명아파트,세명아파트,1,아파트,1,10,2002-12-24,한국부동산원_공동주택 단지 식별정보_기본정보_20250918
28177100218707,2817710400103720015,인천광역시,미추홀구,,도화동,372-15,인천광역시 미추홀구 도화동 372-15,세명아파트101동,세명101동,세명아파트101동,세명아파트101동,1,아파트,1,10,2002-12-20,한국부동산원_공동주택 단지 식별정보_기본정보_20250918
28177100050969,2817710400103720018,인천광역시,미추홀구,,도화동,372-18,인천광역시 미추홀구 도화동 372-18,세명VIP아파트,세명VIP,세명VIP아파트,세명VIP아파트,1,아파트,1,11,2003-06-03,한국부동산원_공동주택 단지 식별정보_기본정보_20250918
28177120355133,2817710400103770002,인천광역시,미추홀구,,도화동,377-2,인천광역시 미추홀구 도화동 377-2,홈유레카,홈유레카,홈유레카,홈유레카,1,아파트,1,24,2017-07-26,한국부동산원_공동주택 단지 식별정보_기본정보_20250918
28177120326868,2817710400103770011,인천광역시,미추홀구,,도화동,377-11,인천광역시 미추홀구 도화동 377-11,아이홈아파트,아이홈아파트,아이홈아파트,,1,아파트,1,26,2015-10-20,한국부동산원_공동주택 단지 식별정보_기본정보_20250918
28177120291286,2817710400103770013,인천광역시,미추홀구,,도화동,377-13,인천광역시 미추홀구 도화동 377-13,주안애 팰리스,주안애팰리스,주안애 팰리스,주안애 팰리스,1,아파트,1,44,2014-05-22,한국부동산원_공동주택 단지 식별정보_기본정보_20250918
28177120287350,2817710400103890013,인천광역시,미추홀구,,도화동,389-13,인천광역시 미추홀구 도화동 389-13,주영팰리스,주영팰리스,주영팰리스,주영팰리스,1,아파트,1,54,2014-04-08,한국부동산원_공동주택 단지 식별정보_기본정보_20250918
28177120348884,2817710400104240002,인천광역시,미추홀구,,도화동,424-2,인천광역시 미추홀구 도화동 424-2,신세계아파트,신세계아파트,신세계아파트,신세계아파트,1,아파트,1,60,2017-03-24,한국부동산원_공동주택 단지 식별정보_기본정보_20250918
28177120306462,2817710400104270002,인천광역시,미추홀구,,도화동,427-2,인천광역시 미추홀구 도화동 427-2,그랜트아파트,그랜트,그랜트아파트,그랜트아파트,1,아파트,1,18,2014-12-29,한국부동산원_공동주택 단지 식별정보_기본정보_20250918
28177120033395,2817710400104310003,인천광역시,미추홀구,,도화동,431-3,인천광역시 미추홀구 도화동 431-3,도화한승미메이드,도화한승미메이드,도화한승미메이드,도화한승미메이드(경인로544),1,아파트,1,93,2006-03-03,한국부동산원_공동주택 단지 식별정보_기본정보_20250918
28177120375992,2817710400104320002,인천광역시,미추홀구,,도화동,432-2,인천광역시 미추홀구 도화동 432-2,올레오,올레오,올레오,올레오,1,아파트,1,104,2018-10-17,한국부동산원_공동주택 단지 식별정보_기본정보_20250918
28177120048646,2817710400104340002,인천광역시,미추홀구,,도화동,434-2,인천광역시 미추홀구 도화동 434-2,삼라마이다스,삼라마이다스,삼라마이다스,삼라마이다스,1,아파트,1,50,2005-10-19,한국부동산원_공동주택 단지 식별정보_기본정보_20250918
28177120312201,2817710400104370004,인천광역시,미추홀구,,도화동,437-4,인천광역시 미추홀구 도화동 437-4,더젠시티,더젠시티,더젠시티,더젠시티,1,아파트,1,35,2015-01-12,한국부동산원_공동주택 단지 식별정보_기본정보_20250918
28177120354752,2817710400104400001,인천광역시,미추홀구,,도화동,440-1,인천광역시 미추홀구 도화동 440-1,대영아파트,대영아파트,대영아파트,대영아파트,1,아파트,1,35,2017-06-30,한국부동산원_공동주택 단지 식별정보_기본정보_20250918
28177120311461,2817710400104420004,인천광역시,미추홀구,,도화동,442-4,인천광역시 미추홀구 도화동 442-4,연주프라임,연주프라임,연주프라임,연주프라임,1,아파트,1,46,2015-01-07,한국부동산원_공동주택 단지 식별정보_기본정보_20250918
28177100005536,2817710400104440018,인천광역시,미추홀구,,도화동,444-18,인천광역시 미추홀구 도화동 444-18,원일아파트,원일,,원일아파트,1,아파트,2,45,1980-03-20,한국부동산원_공동주택 단지 식별정보_기본정보_20250918
28177120291261,2817710400104570004,인천광역시,미추홀구,,도화동,457-4,인천광역시 미추홀구 도화동 457-4,엔에스파크,앤에스파크,엔에스파크,엔에스파크,1,아파트,1,56,2014-05-21,한국부동산원_공동주택 단지 식별정보_기본정보_20250918
28177120101326,2817710400104610002,인천광역시,미추홀구,,도화동,461-2,인천광역시 미추홀구 도화동 461-2,대경 이즈뷰,대경이즈뷰,대경 이즈뷰,대경 이즈뷰,1,아파트,1,19,2008-07-16,한국부동산원_공동주택 단지 식별정보_기본정보_20250918
28177100052184,2817710400104630003,인천광역시,미추홀구,,도화동,463-3,인천광역시 미추홀구 도화동 463-3,삼성건영아파트,삼성건영,삼성건영아파트,삼성건영아파트,1,아파트,1,16,2003-12-24,한국부동산원_공동주택 단지 식별정보_기본정보_20250918
28177120123419,2817710400104800003,인천광역시,미추홀구,,도화동,480-3,인천광역시 미추홀구 도화동 480-3,솔리체아파트,솔리체,솔리체아파트,솔리체아파트,1,아파트,1,14,2009-10-12,한국부동산원_공동주택 단지 식별정보_기본정보_20250918
28177120326280,2817710400105340001,인천광역시,미추홀구,,도화동,534-1,인천광역시 미추홀구 도화동 534-1,해든빌,해든빌,해든빌,해든빌,1,아파트,1,50,2015-10-01,한국부동산원_공동주택 단지 식별정보_기본정보_20250918
28177100218710,2817710400105340013,인천광역시,미추홀구,,도화동,534-13,인천광역시 미추홀구 도화동 534-13,봉림쑥골마을@102동,봉림쑥골마을(534-13),봉림쑥골마을@102동,봉림쑥골마을@102동,1,아파트,1,19,2002-03-28,한국부동산원_공동주택 단지 식별정보_기본정보_20250918
28177100218711,2817710400105340014,인천광역시,미추홀구,,도화동,534-14,인천광역시 미추홀구 도화동 534-14,쑥골마을아파트,백영쑥골마을(534-14),쑥골마을아파트,쑥골마을아파트104동,1,아파트,2,19,2002-03-19,한국부동산원_공동주택 단지 식별정보_기본정보_20250918
28177100218712,2817710400105340015,인천광역시,미추홀구,,도화동,534-15,인천광역시 미추홀구 도화동 534-15,쑥골마을아파트,백영쑥골마을(534-15),쑥골마을아파트,쑥골마을아파트108동,1,아파트,2,19,2002-03-19,한국부동산원_공동주택 단지 식별정보_기본정보_20250918
28177100218713,2817710400105340016,인천광역시,미추홀구,,도화동,534-16,인천광역시 미추홀구 도화동 534-16,쑥골마을아파트,백영쑥골마을(534-16),쑥골마을아파트,쑥골마을아파트,1,아파트,1,19,2002-08-24,한국부동산원_공동주택 단지 식별정보_기본정보_20250918
28177100218714,2817710400105340020,인천광역시,미추홀구,,도화동,534-20,인천광역시 미추홀구 도화동 534-20,쑥골마을아파트,백영쑥골마을(534-20),쑥골마을아파트,쑥골마을아파트,1,아파트,1,19,2002-08-24,한국부동산원_공동주택 단지 식별정보_기본정보_20250918
28177100218715,2817710400105340024,인천광역시,미추홀구,,도화동,534-24,인천광역시 미추홀구 도화동 534-24,봉림쑥골마을아파트101동,봉림쑥골마을(534-24),봉림쑥골마을아파트101동,봉림쑥골마을아파트101동,1,아파트,1,19,2002-03-28,한국부동산원_공동주택 단지 식별정보_기본정보_20250918
28177100218716,2817710400105340028,인천광역시,미추홀구,,도화동,534-28,인천광역시 미추홀구 도화동 534-28,쑥골마을아파트109동,백영쑥골마을(534-28),쑥골마을아파트109동,쑥골마을아파트109동,1,아파트,1,20,2002-03-19,한국부동산원_공동주택 단지 식별정보_기본정보_20250918
28177100218717,2817710400105340029,인천광역시,미추홀구,,도화동,534-29,인천광역시 미추홀구 도화동 534-29,쑥골마을아파트,백영쑥골마을(534-29),쑥골마을아파트,쑥골마을아파트105동,1,아파트,2,19,2002-03-19,한국부동산원_공동주택 단지 식별정보_기본정보_20250918
28177100218718,2817710400105450002,인천광역시,미추홀구,,도화동,545-2,인천광역시 미추홀구 도화동 545-2,버드나무아파트101동,버드나무(윌로우),버드나무아파트101동,버드나무아파트101동,1,아파트,1,36,2005-01-17,한국부동산원_공동주택 단지 식별정보_기본정보_20250918
28177120345367,2817710400105450003,인천광역시,미추홀구,,도화동,545-3,인천광역시 미추홀구 도화동 545-3,리치빌,리치빌,리치빌,리치빌,1,아파트,1,19,2016-12-16,한국부동산원_공동주택 단지 식별정보_기본정보_20250918
28177120393774,2817710400105500007,인천광역시,미추홀구,,도화동,550-7,인천광역시 미추홀구 도화동 550-7,세림펠리체,세림펠리체,세림펠리체,세림펠리체,1,아파트,1,120,2019-08-30,한국부동산원_공동주택 단지 식별정보_기본정보_20250918
28177100005526,2817710400105570001,인천광역시,미추홀구,,도화동,557-1,인천광역시 미추홀구 도화동 557-1,동원아파트,동원,,동원아파트,1,아파트,5,375,1987-05-22,한국부동산원_공동주택 단지 식별정보_기본정보_20250918
28177100448840,2817710400105630007,인천광역시,미추홀구,,도화동,563-7,인천광역시 미추홀구 도화동 563-7,제국칸스빌아파트,제국칸스빌,제국칸스빌아파트,제국칸스빌아파트,1,아파트,1,32,2005-02-04,한국부동산원_공동주택 단지 식별정보_기본정보_20250918
28177100005525,2817710400105740003,인천광역시,미추홀구,,도화동,574-3,인천광역시 미추홀구 도화동 574-3,동오아파트,동오,,동오아파트,1,아파트,2,80,1989-09-30,한국부동산원_공동주택 단지 식별정보_기본정보_20250918
28177120383799,2817710400105940004,인천광역시,미추홀구,,도화동,594-4,인천광역시 미추홀구 도화동 594-4,삼성캐슬,삼성캐슬,삼성캐슬,,1,아파트,1,32,2019-01-30,한국부동산원_공동주택 단지 식별정보_기본정보_20250918
28177100005524,2817710400106010001,인천광역시,미추홀구,,도화동,601-1,인천광역시 미추홀구 도화동 601-1,동아아파트,동아,,동아아파트,1,아파트,4,496,1992-02-29,한국부동산원_공동주택 단지 식별정보_기본정보_20250918
28177100005522,2817710400106010002,인천광역시,미추홀구,,도화동,601-2,인천광역시 미추홀구 도화동 601-2,나산아파트,나산,나산아파트,나산아파트,1,아파트,2,211,1996-10-04,한국부동산원_공동주택 단지 식별정보_기본정보_20250918
28177120339098,2817710400106180002,인천광역시,미추홀구,,도화동,618-2,인천광역시 미추홀구 도화동 618-2,뉴 더웰,뉴더웰,뉴 더웰,뉴 더웰,1,아파트,1,44,2016-06-23,한국부동산원_공동주택 단지 식별정보_기본정보_20250918
28177120180008,2817710400106180009,인천광역시,미추홀구,,도화동,618-9,인천광역시 미추홀구 도화동 618-9,가온누리,가온누리,가온누리,,1,아파트,1,18,2013-06-05,한국부동산원_공동주택 단지 식별정보_기본정보_20250918
28177120344210,2817710400106380003,인천광역시,미추홀구,,도화동,638-3,인천광역시 미추홀구 도화동 638-3,라이프타워,라이프타워,라이프타워,라이프타워,1,아파트,1,52,2016-11-21,한국부동산원_공동주택 단지 식별정보_기본정보_20250918
28177120346697,2817710400106380005,인천광역시,미추홀구,,도화동,638-5,인천광역시 미추홀구 도화동 638-5,하임스토리,하임스토리,하임스토리,하임스토리,1,아파트,1,52,2017-01-06,한국부동산원_공동주택 단지 식별정보_기본정보_20250918
28177120297504,2817710400106390004,인천광역시,미추홀구,,도화동,639-4,인천광역시 미추홀구 도화동 639-4,패리스빌,패리스빌,패리스빌,패리스빌,1,아파트,1,15,2014-08-27,한국부동산원_공동주택 단지 식별정보_기본정보_20250918
28177100218720,2817710400106410012,인천광역시,미추홀구,,도화동,641-12,인천광역시 미추홀구 도화동 641-12,갑을아파트,갑을,갑을아파트,갑을아파트,1,아파트,1,10,2003-10-16,한국부동산원_공동주택 단지 식별정보_기본정보_20250918
28177120403589,2817710400106420004,인천광역시,미추홀구,,도화동,642-4,인천광역시 미추홀구 도화동 642-4,더젠씨티,더젠씨티,더젠씨티,더젠씨티,1,아파트,1,57,2020-05-15,한국부동산원_공동주택 단지 식별정보_기본정보_20250918
28177120418383,2817710400106420017,인천광역시,미추홀구,,도화동,642-17,인천광역시 미추홀구 도화동 642-17,더프레스티움,더프레스티움,더프레스티움,,1,아파트,1,63,2021-04-09,한국부동산원_공동주택 단지 식별정보_기본정보_20250918
28177120322634,2817710400106480015,인천광역시,미추홀구,,도화동,648-15,인천광역시 미추홀구 도화동 648-15,해피타운,해피타운,해피타운,해피타운,1,아파트,1,72,2015-07-01,한국부동산원_공동주택 단지 식별정보_기본정보_20250918
28177100218721,2817710400108790001,인천광역시,미추홀구,,도화동,879-1,인천광역시 미추홀구 도화동 879-1,상일아파트,상일,상일아파트,상일아파트,1,아파트,1,15,1985-02-11,한국부동산원_공동주택 단지 식별정보_기본정보_20250918
28177100005523,2817710400109190000,인천광역시,미추홀구,,도화동,919,인천광역시 미추홀구 도화동 919,대동아파트,대동(919-0),,대동아파트,1,아파트,2,70,1983-12-05,한국부동산원_공동주택 단지 식별정보_기본정보_20250918
28177120164724,2817710400109820000,인천광역시,미추홀구,,도화동,982,인천광역시 미추홀구 도화동 982,도화동 신동아파밀리에 아파트,도화동신동아파밀리에,도화동 신동아파밀리에 아파트,도화동 신동아파밀리에 아파트,1,아파트,4,396,2012-09-13,한국부동산원_공동주택 단지 식별정보_기본정보_20250918
28177120299483,2817710400109840000,인천광역시,미추홀구,,도화동,984,인천광역시 미추홀구 도화동 984,도화역대성유니드아파트,도화역대성유니드,도화역대성유니드아파트,도화역대성유니드아파트,1,아파트,4,265,2014-09-11,한국부동산원_공동주택 단지 식별정보_기본정보_20250918
28177120414805,2817710400109870000,인천광역시,미추홀구,,도화동,987,인천광역시 미추홀구 도화동 987,도화역 금강펜테리움 센트럴파크,도화역금강펜테리움센트럴파크,도화역 금강펜테리움 센트럴파크,도화역 금강펜테리움 센트럴파크,1,아파트,5,479,2020-11-27,한국부동산원_공동주택 단지 식별정보_기본정보_20250918
28177120414738,2817710400110020000,인천광역시,미추홀구,,도화동,1002,인천광역시 미추홀구 도화동 1002,더샵 인천스카이타워 2단지,더샵인천스카이타워2단지,더샵 인천스카이타워 2단지,더샵 인천스카이타워 2단지,1,아파트,3,588,2020-11-25,한국부동산원_공동주택 단지 식별정보_기본정보_20250918
28177120360521,2817710400110040000,인천광역시,미추홀구,,도화동,1004,인천광역시 미추홀구 도화동 1004,e편한세상 도화 5단지,e편한세상도화5단지,e편한세상 도화 5단지,e편한세상 도화 5단지,1,아파트,10,932,2018-01-25,한국부동산원_공동주택 단지 식별정보_기본정보_20250918
28177120343064,2817710400110070000,인천광역시,미추홀구,,도화동,1007,인천광역시 미추홀구 도화동 1007,도화서희스타힐스,도화서희스타힐스,도화서희스타힐스,도화서희스타힐스,1,아파트,6,520,2016-10-27,한국부동산원_공동주택 단지 식별정보_기본정보_20250918
28177120360523,2817710400110080000,인천광역시,미추홀구,,도화동,1008,인천광역시 미추홀구 도화동 1008,e편한세상 도화 6-2단지,e편한세상도화6-2단지,e편한세상 도화 6-2단지,e편한세상 도화 6-2단지,1,아파트,4,548,2018-01-25,한국부동산원_공동주택 단지 식별정보_기본정보_20250918
28177120360522,2817710400110090000,인천광역시,미추홀구,,도화동,1009,인천광역시 미추홀구 도화동 1009,e편한세상 도화 6-1단지,e편한세상도화6-1단지,e편한세상 도화 6-1단지,e편한세상 도화 6-1단지,1,아파트,11,1173,2018-01-25,한국부동산원_공동주택 단지 식별정보_기본정보_20250918
28177120414739,2817710400110110000,인천광역시,미추홀구,,도화동,1011,인천광역시 미추홀구 도화동 1011,더샵 인천스카이타워 1단지,더샵인천스카이타워1단지,더샵 인천스카이타워 1단지,더샵 인천스카이타워 1단지,1,아파트,8,1309,2020-11-25,한국부동산원_공동주택 단지 식별정보_기본정보_20250918
28177120447596,2817710400110400000,인천광역시,미추홀구,,도화동,1040,인천광역시 미추홀구 도화동 1040,주안역 미추홀 더리브,주안역미추홀더리브,주안역 미추홀 더리브,,1,아파트,3,345,2023-08-28,한국부동산원_공동주택 단지 식별정보_기본정보_20250918
28177100005530,2817710400200500016,인천광역시,미추홀구,,도화동,산50-16,인천광역시 미추홀구 도화동 산50-16,수봉아파트,수봉아파트B동,수봉아파트,수봉아파트,1,아파트,1,30,1980-07-24,한국부동산원_공동주택 단지 식별정보_기본정보_20250918
28177100005614,2817710500100090003,인천광역시,미추홀구,,주안동,9-3,인천광역시 미추홀구 주안동 9-3,연흥아파트,연흥(9-3),,연흥아파트,1,아파트,2,70,1984-12-20,한국부동산원_공동주택 단지 식별정보_기본정보_20250918
28177100005635,2817710500100130001,인천광역시,미추홀구,,주안동,13-1,인천광역시 미추홀구 주안동 13-1,주안현대홈타운,주안현대홈타운,주안현대홈타운,주안현대홈타운,1,아파트,5,443,2002-11-29,한국부동산원_공동주택 단지 식별정보_기본정보_20250918
28177120021589,2817710500100150038,인천광역시,미추홀구,,주안동,15-38,인천광역시 미추홀구 주안동 15-38,대산 고운누리 아파트,대산고운누리,,대산 고운누리 아파트,1,아파트,1,108,2005-07-04,한국부동산원_공동주택 단지 식별정보_기본정보_20250918
28177100005593,2817710500100180002,인천광역시,미추홀구,,주안동,18-2,인천광역시 미추홀구 주안동 18-2,미도아파트,미도,,미도아파트,1,아파트,4,170,1984-05-09,한국부동산원_공동주택 단지 식별정보_기본정보_20250918
28177100005619,2817710500100180141,인천광역시,미추홀구,,주안동,18-141,인천광역시 미추홀구 주안동 18-141,우정아파트,우정,,우정아파트,1,아파트,6,230,1982-12-30,한국부동산원_공동주택 단지 식별정보_기본정보_20250918
28177100005597,2817710500100190048,인천광역시,미추홀구,,주안동,19-48,인천광역시 미추홀구 주안동 19-48,삼미아파트,삼미,,삼미아파트,1,아파트,2,90,1988-09-21,한국부동산원_공동주택 단지 식별정보_기본정보_20250918
28177120362772,2817710500100200003,인천광역시,미추홀구,,주안동,20-3,인천광역시 미추홀구 주안동 20-3,제이카운티,제이카운티,제이카운티,제이카운티,1,아파트,1,29,2018-04-11,한국부동산원_공동주택 단지 식별정보_기본정보_20250918
28177100005577,2817710500100200004,인천광역시,미추홀구,,주안동,20-4,인천광역시 미추홀구 주안동 20-4,광명아파트,광명(20-4),,광명아파트,1,아파트,2,90,1986-05-21,한국부동산원_공동주택 단지 식별정보_기본정보_20250918
28177100005578,2817710500100200007,인천광역시,미추홀구,,주안동,20-7,인천광역시 미추홀구 주안동 20-7,광명아파트,광명(20-7),,광명아파트,1,아파트,2,55,1984-04-19,한국부동산원_공동주택 단지 식별정보_기본정보_20250918
28177100005598,2817710500100200011,인천광역시,미추홀구,,주안동,20-11,인천광역시 미추홀구 주안동 20-11,삼영아파트,"삼영(1,2동)",삼영아파트,삼영아파트,1,아파트,2,100,1978-12-26,한국부동산원_공동주택 단지 식별정보_기본정보_20250918
28177100005600,2817710500100200014,인천광역시,미추홀구,,주안동,20-14,인천광역시 미추홀구 주안동 20-14,삼영아파트,삼영(20-14),,삼영아파트,1,아파트,2,50,1981-04-29,한국부동산원_공동주택 단지 식별정보_기본정보_20250918
28177100005604,2817710500100220033,인천광역시,미추홀구,,주안동,22-33,인천광역시 미추홀구 주안동 22-33,선정아파트,선정,선정아파트,선정아파트,1,아파트,1,103,2001-05-08,한국부동산원_공동주택 단지 식별정보_기본정보_20250918
28177100005596,2817710500100220034,인천광역시,미추홀구,,주안동,22-34,인천광역시 미추홀구 주안동 22-34,삼덕진주아파트,삼덕,,삼덕진주아파트,1,아파트,3,90,1982-07-20,한국부동산원_공동주택 단지 식별정보_기본정보_20250918
28177120277800,2817710500100230001,인천광역시,미추홀구,,주안동,23-1,인천광역시 미추홀구 주안동 23-1,주안프라움에스,주안프라움에스,주안프라움에스,주안프라움에스,1,아파트,1,149,2013-11-19,한국부동산원_공동주택 단지 식별정보_기본정보_20250918
28177120068932,2817710500100230003,인천광역시,미추홀구,,주안동,23-3,인천광역시 미추홀구 주안동 23-3,행복마을아파트,행복마을APT,행복마을아파트,행복마을아파트,1,아파트,1,91,2007-01-29,한국부동산원_공동주택 단지 식별정보_기본정보_20250918
28177100005616,2817710500100230020,인천광역시,미추홀구,,주안동,23-20,인천광역시 미추홀구 주안동 23-20,연흥아파트,연흥(23-20),,연흥아파트,1,아파트,1,40,1983-11-19,한국부동산원_공동주택 단지 식별정보_기본정보_20250918
28177120009220,2817710500100240024,인천광역시,미추홀구,,주안동,24-24,인천광역시 미추홀구 주안동 24-24,진도로르빌,진도로르빌,진도로르빌,진도로르빌,1,아파트,1,78,2005-08-05,한국부동산원_공동주택 단지 식별정보_기본정보_20250918
28177120165758,2817710500100250034,인천광역시,미추홀구,,주안동,25-34,인천광역시 미추홀구 주안동 25-34,베스티움,베스티움,베스티움,베스티움,1,아파트,1,149,2012-10-31,한국부동산원_공동주택 단지 식별정보_기본정보_20250918
28177100005579,2817710500100260005,인천광역시,미추홀구,,주안동,26-5,인천광역시 미추홀구 주안동 26-5,광명아파트,광명(4차),,광명아파트,1,아파트,4,105,1984-10-12,한국부동산원_공동주택 단지 식별정보_기본정보_20250918
28177100050218,2817710500100260008,인천광역시,미추홀구,,주안동,26-8,인천광역시 미추홀구 주안동 26-8,주안태화아파트,주안태화2차,주안태화아파트,주안태화아파트,1,아파트,2,143,1993-05-13,한국부동산원_공동주택 단지 식별정보_기본정보_20250918
28177100005595,2817710500100260047,인천광역시,미추홀구,,주안동,26-47,인천광역시 미추홀구 주안동 26-47,민들레아파트,민들레,,민들레아파트,1,아파트,1,55,1983-10-27,한국부동산원_공동주택 단지 식별정보_기본정보_20250918
28177120319081,2817710500100290001,인천광역시,미추홀구,,주안동,29-1,인천광역시 미추홀구 주안동 29-1,드림시티,드림시티,드림시티,드림시티,1,아파트,1,264,2015-05-29,한국부동산원_공동주택 단지 식별정보_기본정보_20250918
28177100005588,2817710500100310001,인천광역시,미추홀구,,주안동,31-1,인천광역시 미추홀구 주안동 31-1,동인아파트,동인,,동인아파트,1,아파트,4,140,1978-12-06,한국부동산원_공동주택 단지 식별정보_기본정보_20250918
28177100005633,2817710500100320001,인천광역시,미추홀구,,주안동,32-1,인천광역시 미추홀구 주안동 32-1,현광아파트,현광(32-1),,현광아파트,1,아파트,1,273,1995-10-30,한국부동산원_공동주택 단지 식별정보_기본정보_20250918
28177100005571,2817710500100330001,인천광역시,미추홀구,,주안동,33-1,인천광역시 미추홀구 주안동 33-1,가람아파트,가람,,가람아파트,1,아파트,2,119,1988-05-10,한국부동산원_공동주택 단지 식별정보_기본정보_20250918
28177120322423,2817710500100500001,인천광역시,미추홀구,,주안동,50-1,인천광역시 미추홀구 주안동 50-1,이츠 아파트,이츠,이츠 아파트,이츠 아파트,1,아파트,1,52,2015-07-06,한국부동산원_공동주택 단지 식별정보_기본정보_20250918
28177120101328,2817710500100510001,인천광역시,미추홀구,,주안동,51-1,인천광역시 미추홀구 주안동 51-1,주안애 캐슬,주안애캐슬(51-1),주안애 캐슬,주안애 캐슬,1,아파트,1,17,2008-07-28,한국부동산원_공동주택 단지 식별정보_기본정보_20250918
28177120101329,2817710500100510003,인천광역시,미추홀구,,주안동,51-3,인천광역시 미추홀구 주안동 51-3,주안애캐슬,주안애캐슬(51-3),주안애캐슬,주안애캐슬,1,아파트,1,17,2008-07-28,한국부동산원_공동주택 단지 식별정보_기본정보_20250918
28177100607965,2817710500100560004,인천광역시,미추홀구,,주안동,56-4,인천광역시 미추홀구 주안동 56-4,삼흥그린빌,삼흥그린빌,삼흥그린빌,삼흥그린빌,1,아파트,1,13,2002-10-25,한국부동산원_공동주택 단지 식별정보_기본정보_20250918
28177100607966,2817710500100560010,인천광역시,미추홀구,,주안동,56-10,인천광역시 미추홀구 주안동 56-10,두산아파트,두산,두산아파트,두산아파트,1,아파트,1,15,2002-10-16,한국부동산원_공동주택 단지 식별정보_기본정보_20250918
28177120118541,2817710500100560013,인천광역시,미추홀구,,주안동,56-13,인천광역시 미추홀구 주안동 56-13,남송 아파트,남송,남송 아파트,남송 아파트,1,아파트,1,19,2009-05-22,한국부동산원_공동주택 단지 식별정보_기본정보_20250918
28177120337464,2817710500100570002,인천광역시,미추홀구,,주안동,57-2,인천광역시 미추홀구 주안동 57-2,이안 애비뉴,이안애비뉴,이안 애비뉴,이안 애비뉴,1,아파트,1,22,2016-06-03,한국부동산원_공동주택 단지 식별정보_기본정보_20250918
28177120351116,2817710500100580011,인천광역시,미추홀구,,주안동,58-11,인천광역시 미추홀구 주안동 58-11,위드팰리스,위드팰리스,위드팰리스,,1,아파트,1,26,2017-05-25,한국부동산원_공동주택 단지 식별정보_기본정보_20250918
28177100607968,2817710500100580033,인천광역시,미추홀구,,주안동,58-33,인천광역시 미추홀구 주안동 58-33,신한아파트3차,신한아파트3차(103동),신한아파트3차,신한아파트3차,1,아파트,1,9,2003-02-15,한국부동산원_공동주택 단지 식별정보_기본정보_20250918
28177100218724,2817710500100580034,인천광역시,미추홀구,,주안동,58-34,인천광역시 미추홀구 주안동 58-34,신한아파트3차,신한아파트3차(102동),신한아파트3차,신한아파트3차,1,아파트,1,18,2002-11-01,한국부동산원_공동주택 단지 식별정보_기본정보_20250918
28177120333222,2817710500100660002,인천광역시,미추홀구,,주안동,66-2,인천광역시 미추홀구 주안동 66-2,더젠씨티,더젠씨티,더젠씨티,더젠씨티,1,아파트,1,30,2016-02-22,한국부동산원_공동주택 단지 식별정보_기본정보_20250918
28177120134275,2817710500100690007,인천광역시,미추홀구,,주안동,69-7,인천광역시 미추홀구 주안동 69-7,세복아파트,세복,세복아파트,세복아파트,1,아파트,1,15,2010-12-27,한국부동산원_공동주택 단지 식별정보_기본정보_20250918
28177120178228,2817710500100690025,인천광역시,미추홀구,,주안동,69-25,인천광역시 미추홀구 주안동 69-25,주은캐슬(69-25),주은캐슬(69-25),,,1,아파트,1,18,2013-05-14,한국부동산원_공동주택 단지 식별정보_기본정보_20250918
28177120127149,2817710500100700012,인천광역시,미추홀구,,주안동,70-12,인천광역시 미추홀구 주안동 70-12,필하우스Ⅱ,필하우스2,필하우스Ⅱ,필하우스Ⅱ,1,아파트,1,19,2010-04-23,한국부동산원_공동주택 단지 식별정보_기본정보_20250918
28177120126392,2817710500100700034,인천광역시,미추홀구,,주안동,70-34,인천광역시 미추홀구 주안동 70-34,필하우스,필하우스1,필하우스,필하우스,1,아파트,1,12,2010-03-23,한국부동산원_공동주택 단지 식별정보_기본정보_20250918
28177100218725,2817710500100750004,인천광역시,미추홀구,,주안동,75-4,인천광역시 미추홀구 주안동 75-4,은성아파트A동,은성A동,은성아파트A동,은성아파트A동,1,아파트,1,10,2002-06-07,한국부동산원_공동주택 단지 식별정보_기본정보_20250918
28177100218726,2817710500100750005,인천광역시,미추홀구,,주안동,75-5,인천광역시 미추홀구 주안동 75-5,은성아파트B동,은성B동,은성아파트B동,은성아파트B동,1,아파트,1,10,2002-06-07,한국부동산원_공동주택 단지 식별정보_기본정보_20250918
28177120279055,2817710500100750008,인천광역시,미추홀구,,주안동,75-8,인천광역시 미추홀구 주안동 75-8,트인자리애,트인자리애,트인자리애,트인자리애,1,아파트,1,54,2013-12-13,한국부동산원_공동주택 단지 식별정보_기본정보_20250918
28177120174547,2817710500100750010,인천광역시,미추홀구,,주안동,75-10,인천광역시 미추홀구 주안동 75-10,대경이즈뷰,대경이즈뷰(75-10),대경이즈뷰,대경이즈뷰,1,아파트,1,55,2013-03-29,한국부동산원_공동주택 단지 식별정보_기본정보_20250918
28177100218727,2817710500100750013,인천광역시,미추홀구,,주안동,75-13,인천광역시 미추홀구 주안동 75-13,지예아트홈 아파트,지예아트홈(102동),지예아트홈 아파트,지예아트홈 아파트,1,아파트,1,14,2003-04-18,한국부동산원_공동주택 단지 식별정보_기본정보_20250918
28177100218728,2817710500100750014,인천광역시,미추홀구,,주안동,75-14,인천광역시 미추홀구 주안동 75-14,지예아트홈아파트,지예아트홈(101동),지예아트홈아파트,지예아트홈아파트,1,아파트,1,14,2003-04-18,한국부동산원_공동주택 단지 식별정보_기본정보_20250918
28177100218730,2817710500100750244,인천광역시,미추홀구,,주안동,75-244,인천광역시 미추홀구 주안동 75-244,은성아파트C동,은성C동,은성아파트C동,은성아파트C동,1,아파트,1,10,2002-06-07,한국부동산원_공동주택 단지 식별정보_기본정보_20250918
28177120395531,2817710500100770003,인천광역시,미추홀구,,주안동,77-3,인천광역시 미추홀구 주안동 77-3,주안 지웰에스테이트,주안지웰에스테이트,주안 지웰에스테이트,주안 지웰에스테이트,1,아파트,2,186,2019-10-16,한국부동산원_공동주택 단지 식별정보_기본정보_20250918
28177100005634,2817710500100800000,인천광역시,미추홀구,,주안동,80,인천광역시 미추홀구 주안동 80,현대아파트,현대,,현대아파트,1,아파트,4,338,1985-12-04,한국부동산원_공동주택 단지 식별정보_기본정보_20250918
28177120314207,2817710500100810004,인천광역시,미추홀구,,주안동,81-4,인천광역시 미추홀구 주안동 81-4,드림채,드림채(81-4),드림채,드림채,1,아파트,1,32,2015-03-13,한국부동산원_공동주택 단지 식별정보_기본정보_20250918
28177120299873,2817710500100810008,인천광역시,미추홀구,,주안동,81-8,인천광역시 미추홀구 주안동 81-8,한빛캐슬,한빛캐슬(81-8),한빛캐슬,한빛캐슬,1,아파트,1,34,2014-10-08,한국부동산원_공동주택 단지 식별정보_기본정보_20250918
28177120163902,2817710500100810015,인천광역시,미추홀구,,주안동,81-15,인천광역시 미추홀구 주안동 81-15,알바트로스,알바트로스,알바트로스,알바트로스,1,아파트,1,75,2012-08-28,한국부동산원_공동주택 단지 식별정보_기본정보_20250918
28177120143580,2817710500100840002,인천광역시,미추홀구,,주안동,84-2,인천광역시 미추홀구 주안동 84-2,조은하우스,조은하우스,조은하우스,조은하우스,1,아파트,1,56,2011-09-28,한국부동산원_공동주택 단지 식별정보_기본정보_20250918
28177100218731,2817710500100850008,인천광역시,미추홀구,,주안동,85-8,인천광역시 미추홀구 주안동 85-8,태영아파트,태영,태영아파트,태영아파트,1,아파트,1,15,2003-06-30,한국부동산원_공동주택 단지 식별정보_기본정보_20250918
28177120383549,2817710500100860027,인천광역시,미추홀구,,주안동,86-27,인천광역시 미추홀구 주안동 86-27,그레이스타워,그레이스타워,그레이스타워,,1,아파트,1,88,2019-01-25,한국부동산원_공동주택 단지 식별정보_기본정보_20250918
28177120313361,2817710500100940003,인천광역시,미추홀구,,주안동,94-3,인천광역시 미추홀구 주안동 94-3,올레오 아파트,올레오,올레오 아파트,올레오 아파트,1,아파트,1,52,2015-03-06,한국부동산원_공동주택 단지 식별정보_기본정보_20250918
28177120430955,2817710500101130001,인천광역시,미추홀구,,주안동,113-1,인천광역시 미추홀구 주안동 113-1,더플러스타워,더플러스타워,더플러스타워,,1,아파트,1,129,2021-12-20,한국부동산원_공동주택 단지 식별정보_기본정보_20250918
28177120177183,2817710500101140001,인천광역시,미추홀구,,주안동,114-1,인천광역시 미추홀구 주안동 114-1,주안애캐슬아파트,주안애캐슬,주안애캐슬아파트,주안애캐슬아파트,1,아파트,1,19,2013-04-25,한국부동산원_공동주택 단지 식별정보_기본정보_20250918
28177120286073,2817710500101150001,인천광역시,미추홀구,,주안동,115-1,인천광역시 미추홀구 주안동 115-1,주안 웰가,Wellga,주안 웰가,주안 웰가,1,아파트,1,280,2014-02-04,한국부동산원_공동주택 단지 식별정보_기본정보_20250918
28177120306316,2817710500101160008,인천광역시,미추홀구,,주안동,116-8,인천광역시 미추홀구 주안동 116-8,엔에스파크,엔에스파크,엔에스파크,엔에스파크,1,아파트,1,39,2014-12-19,한국부동산원_공동주택 단지 식별정보_기본정보_20250918
28177100218733,2817710500101160009,인천광역시,미추홀구,,주안동,116-9,인천광역시 미추홀구 주안동 116-9,석암2차아파트,석암2차,석암2차아파트,석암2차아파트,1,아파트,1,10,2002-09-18,한국부동산원_공동주택 단지 식별정보_기본정보_20250918
28177120357799,2817710500101240001,인천광역시,미추홀구,,주안동,124-1,인천광역시 미추홀구 주안동 124-1,주안행복주택,주안행복주택,주안행복주택,주안행복주택,1,아파트,1,140,2017-09-25,한국부동산원_공동주택 단지 식별정보_기본정보_20250918
28177120343819,2817710500101260001,인천광역시,미추홀구,,주안동,126-1,인천광역시 미추홀구 주안동 126-1,주안애아파트,주안애아파트,주안애아파트,,1,아파트,1,52,2016-10-25,한국부동산원_공동주택 단지 식별정보_기본정보_20250918
28177120325543,2817710500101550002,인천광역시,미추홀구,,주안동,155-2,인천광역시 미추홀구 주안동 155-2,스위트리아 아파트,스위트리아아파트,스위트리아 아파트,스위트리아 아파트,1,아파트,1,65,2015-09-18,한국부동산원_공동주택 단지 식별정보_기본정보_20250918
28177120324547,2817710500101700002,인천광역시,미추홀구,,주안동,170-2,인천광역시 미추홀구 주안동 170-2,이안아파트,이안아파트,이안아파트,이안아파트,1,아파트,1,26,2015-09-04,한국부동산원_공동주택 단지 식별정보_기본정보_20250918
28177120360745,2817710500101710003,인천광역시,미추홀구,,주안동,171-3,인천광역시 미추홀구 주안동 171-3,푸르미,푸르미,푸르미,푸르미,1,아파트,1,24,2018-02-02,한국부동산원_공동주택 단지 식별정보_기본정보_20250918
28177120355134,2817710500101740003,인천광역시,미추홀구,,주안동,174-3,인천광역시 미추홀구 주안동 174-3,이스트힐,이스트힐,이스트힐,이스트힐,1,아파트,1,70,2017-07-21,한국부동산원_공동주택 단지 식별정보_기본정보_20250918
28177120342247,2817710500101740005,인천광역시,미추홀구,,주안동,174-5,인천광역시 미추홀구 주안동 174-5,드림채,드림채,드림채,드림채,1,아파트,1,32,2016-09-23,한국부동산원_공동주택 단지 식별정보_기본정보_20250918
28177120130286,2817710500101790014,인천광역시,미추홀구,,주안동,179-14,인천광역시 미추홀구 주안동 179-14,주안애 캐슬3,주안애캐슬3,주안애 캐슬3,주안애 캐슬3,1,아파트,1,14,2010-07-08,한국부동산원_공동주택 단지 식별정보_기본정보_20250918
28177120101330,2817710500101970006,인천광역시,미추홀구,,주안동,197-6,인천광역시 미추홀구 주안동 197-6,주안동한양아파트,주안동한양,주안동한양아파트,주안동한양아파트,1,아파트,1,19,2008-07-02,한국부동산원_공동주택 단지 식별정보_기본정보_20250918
28177120297038,2817710500101970017,인천광역시,미추홀구,,주안동,197-17,인천광역시 미추홀구 주안동 197-17,스위트리아 아파트,스위트리아,스위트리아 아파트,스위트리아 아파트,1,아파트,1,35,2014-08-25,한국부동산원_공동주택 단지 식별정보_기본정보_20250918
28177120373696,2817710500101970022,인천광역시,미추홀구,,주안동,197-22,인천광역시 미추홀구 주안동 197-22,퍼스트아파트,퍼스트아파트,퍼스트아파트,퍼스트아파트,1,아파트,1,42,2018-07-26,한국부동산원_공동주택 단지 식별정보_기본정보_20250918
28177120147634,2817710500101990004,인천광역시,미추홀구,,주안동,199-4,인천광역시 미추홀구 주안동 199-4,대경이즈뷰아파트,대경이즈뷰,대경이즈뷰아파트,대경이즈뷰아파트,1,아파트,1,18,2011-11-28,한국부동산원_공동주택 단지 식별정보_기본정보_20250918
28177100218732,2817710500102000006,인천광역시,미추홀구,,주안동,200-6,인천광역시 미추홀구 주안동 200-6,우정아파트,우정(200-6),우정아파트,우정아파트,1,아파트,1,10,2002-07-09,한국부동산원_공동주택 단지 식별정보_기본정보_20250918
28177120164725,2817710500102000015,인천광역시,미추홀구,,주안동,200-15,인천광역시 미추홀구 주안동 200-15,NS타워텔,NS타워텔,NS타워텔,NS타워텔,1,아파트,1,63,2012-09-13,한국부동산원_공동주택 단지 식별정보_기본정보_20250918
28177120328856,2817710500102000023,인천광역시,미추홀구,,주안동,200-23,인천광역시 미추홀구 주안동 200-23,스타뷰,주안스타뷰아파트,스타뷰,스타뷰,1,아파트,1,55,2015-11-17,한국부동산원_공동주택 단지 식별정보_기본정보_20250918
28177120286440,2817710500102010002,인천광역시,미추홀구,,주안동,201-2,인천광역시 미추홀구 주안동 201-2,삼성올레오빌,삼성올레오빌,삼성올레오빌,삼성올레오빌,1,아파트,1,29,2014-03-05,한국부동산원_공동주택 단지 식별정보_기본정보_20250918
28177120163280,2817710500102010015,인천광역시,미추홀구,,주안동,201-15,인천광역시 미추홀구 주안동 201-15,엔에스파크,엔에스파크,엔에스파크,엔에스파크,1,아파트,1,31,2012-08-10,한국부동산원_공동주택 단지 식별정보_기본정보_20250918
28177100005591,2817710500102040002,인천광역시,미추홀구,,주안동,204-2,인천광역시 미추홀구 주안동 204-2,롯데하이텔,롯데하이텔,롯데하이텔,롯데하이텔,1,아파트,1,165,1999-09-11,한국부동산원_공동주택 단지 식별정보_기본정보_20250918
28177120345371,2817710500102140005,인천광역시,미추홀구,,주안동,214-5,인천광역시 미추홀구 주안동 214-5,드림에비뉴(214-5),드림에비뉴(214-5),,,1,아파트,1,40,2016-12-20,한국부동산원_공동주택 단지 식별정보_기본정보_20250918
28177120311516,2817710500102150001,인천광역시,미추홀구,,주안동,215-1,인천광역시 미추홀구 주안동 215-1,창우빌라트,창우빌라트101동,창우빌라트,창우빌라트,1,아파트,1,52,2015-01-08,한국부동산원_공동주택 단지 식별정보_기본정보_20250918
28177120332368,2817710500102150008,인천광역시,미추홀구,,주안동,215-8,인천광역시 미추홀구 주안동 215-8,창우빌라트Ⅱ,창우빌라트201,창우빌라트Ⅱ,창우빌라트Ⅱ,1,아파트,1,54,2016-02-05,한국부동산원_공동주택 단지 식별정보_기본정보_20250918
28177120324165,2817710500102160007,인천광역시,미추홀구,,주안동,216-7,인천광역시 미추홀구 주안동 216-7,주안애팰리스 2,주안애팰리스2(1동),주안애팰리스 2,주안애팰리스 2,1,아파트,1,45,2015-08-13,한국부동산원_공동주택 단지 식별정보_기본정보_20250918
28177120324166,2817710500102160008,인천광역시,미추홀구,,주안동,216-8,인천광역시 미추홀구 주안동 216-8,주안애팰리스2,주안애팰리스2(2동),주안애팰리스2,주안애팰리스2,1,아파트,1,45,2015-08-13,한국부동산원_공동주택 단지 식별정보_기본정보_20250918
28177120145764,2817710500102190004,인천광역시,미추홀구,,주안동,219-4,인천광역시 미추홀구 주안동 219-4,주안네오빌주상복합,네오빌3차,주안네오빌주상복합,주안네오빌주상복합,1,아파트,1,99,2011-11-10,한국부동산원_공동주택 단지 식별정보_기본정보_20250918
28177120134991,2817710500102190014,인천광역시,미추홀구,,주안동,219-14,인천광역시 미추홀구 주안동 219-14,주안동 현대카운티APT,현대카운티APT,주안동 현대카운티APT,주안동 현대카운티APT,1,아파트,1,12,2011-01-18,한국부동산원_공동주택 단지 식별정보_기본정보_20250918
28177120164726,2817710500102200001,인천광역시,미추홀구,,주안동,220-1,인천광역시 미추홀구 주안동 220-1,명주아르디에,명주아르디에,명주아르디에,명주아르디에,1,아파트,1,129,2012-09-14,한국부동산원_공동주택 단지 식별정보_기본정보_20250918
28177120345372,2817710500102200013,인천광역시,미추홀구,,주안동,220-13,인천광역시 미추홀구 주안동 220-13,삼성캐슬,삼성캐슬,삼성캐슬,삼성캐슬,1,아파트,1,63,2016-12-15,한국부동산원_공동주택 단지 식별정보_기본정보_20250918
28177120130320,2817710500102220002,인천광역시,미추홀구,,주안동,222-2,인천광역시 미추홀구 주안동 222-2,영캐슬아파트,영캐슬아파트,영캐슬아파트,영캐슬아파트,1,아파트,1,11,2010-07-08,한국부동산원_공동주택 단지 식별정보_기본정보_20250918
28177120329156,2817710500102290007,인천광역시,미추홀구,,주안동,229-7,인천광역시 미추홀구 주안동 229-7,성우아파트,성우아파트,성우아파트,성우아파트,1,아파트,1,46,2015-11-13,한국부동산원_공동주택 단지 식별정보_기본정보_20250918
28177120300034,2817710500102300006,인천광역시,미추홀구,,주안동,230-6,인천광역시 미추홀구 주안동 230-6,주은스카이빌,주은스카이빌,주은스카이빌,주은스카이빌,1,아파트,1,17,2014-09-29,한국부동산원_공동주택 단지 식별정보_기본정보_20250918
28177120135286,2817710500102300012,인천광역시,미추홀구,,주안동,230-12,인천광역시 미추홀구 주안동 230-12,미진도시형생활주택,미진도시형생활주택,미진도시형생활주택,미진도시형생활주택,1,아파트,1,38,2011-01-31,한국부동산원_공동주택 단지 식별정보_기본정보_20250918
28177120285967,2817710500102620001,인천광역시,미추홀구,,주안동,262-1,인천광역시 미추홀구 주안동 262-1,토담빌리지,토담빌리지,토담빌리지,토담빌리지,1,아파트,1,23,2014-02-21,한국부동산원_공동주택 단지 식별정보_기본정보_20250918
28177120287299,2817710500102640011,인천광역시,미추홀구,,주안동,264-11,인천광역시 미추홀구 주안동 264-11,해든빌,해든빌,해든빌,해든빌,1,아파트,1,36,2014-03-28,한국부동산원_공동주택 단지 식별정보_기본정보_20250918
28177100448842,2817710500102670001,인천광역시,미추홀구,,주안동,267-1,인천광역시 미추홀구 주안동 267-1,실크빌,실크빌,실크빌,실크빌,1,아파트,1,20,2004-07-01,한국부동산원_공동주택 단지 식별정보_기본정보_20250918
28177100218737,2817710500102700001,인천광역시,미추홀구,,주안동,270-1,인천광역시 미추홀구 주안동 270-1,아이앤비아파트,아이앤비,아이앤비아파트,아이앤비아파트,1,아파트,1,18,2003-07-19,한국부동산원_공동주택 단지 식별정보_기본정보_20250918
28177100005627,2817710500102790000,인천광역시,미추홀구,,주안동,279,인천광역시 미추홀구 주안동 279,태극아파트,태극아파트,,태극아파트,1,아파트,1,50,1980-10-16,한국부동산원_공동주택 단지 식별정보_기본정보_20250918
28177120327121,2817710500102840000,인천광역시,미추홀구,,주안동,284,인천광역시 미추홀구 주안동 284,미송아파트,미송아파트,미송아파트,미송아파트,1,아파트,1,56,2015-09-22,한국부동산원_공동주택 단지 식별정보_기본정보_20250918
28177120180736,2817710500102860001,인천광역시,미추홀구,,주안동,286-1,인천광역시 미추홀구 주안동 286-1,영재빌아파트,영재빌,영재빌아파트,영재빌아파트,1,아파트,1,18,2013-06-25,한국부동산원_공동주택 단지 식별정보_기본정보_20250918
28177120347143,2817710500102860008,인천광역시,미추홀구,,주안동,286-8,인천광역시 미추홀구 주안동 286-8,우성아파트,우성아파트,우성아파트,우성아파트,1,아파트,1,10,2017-01-16,한국부동산원_공동주택 단지 식별정보_기본정보_20250918
28177100218740,2817710500102870002,인천광역시,미추홀구,,주안동,287-2,인천광역시 미추홀구 주안동 287-2,삼성건영아파트,삼성건영(101동),삼성건영아파트,삼성건영아파트,1,아파트,1,10,2002-11-18,한국부동산원_공동주택 단지 식별정보_기본정보_20250918
28177100218741,2817710500102880006,인천광역시,미추홀구,,주안동,288-6,인천광역시 미추홀구 주안동 288-6,삼성건영아파트,삼성건영(102동),삼성건영아파트,삼성건영아파트,1,아파트,1,9,2003-06-27,한국부동산원_공동주택 단지 식별정보_기본정보_20250918
28177120431729,2817710500102950000,인천광역시,미추홀구,,주안동,295,인천광역시 미추홀구 주안동 295,플랫폼시티Platform City,플랫폼시티PlatformCity,플랫폼시티Platform City,,1,아파트,1,108,2021-12-30,한국부동산원_공동주택 단지 식별정보_기본정보_20250918
28177120341814,2817710500103940000,인천광역시,미추홀구,,주안동,394,인천광역시 미추홀구 주안동 394,스위트리아,스위트리아,스위트리아,스위트리아,1,아파트,1,59,2016-09-12,한국부동산원_공동주택 단지 식별정보_기본정보_20250918
28177100218742,2817710500103950006,인천광역시,미추홀구,,주안동,395-6,인천광역시 미추홀구 주안동 395-6,세중아파트,세중(395-6),세중아파트,세중아파트,1,아파트,1,8,2002-11-16,한국부동산원_공동주택 단지 식별정보_기본정보_20250918
28177100218743,2817710500103950007,인천광역시,미추홀구,,주안동,395-7,인천광역시 미추홀구 주안동 395-7,세중아파트,세중(395-7),세중아파트,세중아파트,1,아파트,1,9,2002-11-16,한국부동산원_공동주택 단지 식별정보_기본정보_20250918
28177120329157,2817710500103950020,인천광역시,미추홀구,,주안동,395-20,인천광역시 미추홀구 주안동 395-20,더원시티,더원시티,더원시티,더원시티,1,아파트,1,80,2015-11-24,한국부동산원_공동주택 단지 식별정보_기본정보_20250918
28177100218744,2817710500103950029,인천광역시,미추홀구,,주안동,395-29,인천광역시 미추홀구 주안동 395-29,세명아파트101동,세명101동,세명아파트101동,세명아파트101동,1,아파트,1,12,2002-04-04,한국부동산원_공동주택 단지 식별정보_기본정보_20250918
28177100218745,2817710500103950030,인천광역시,미추홀구,,주안동,395-30,인천광역시 미추홀구 주안동 395-30,세명아파트102동,세명102동,세명아파트102동,세명아파트102동,1,아파트,1,12,2002-04-04,한국부동산원_공동주택 단지 식별정보_기본정보_20250918
28177100218746,2817710500103950031,인천광역시,미추홀구,,주안동,395-31,인천광역시 미추홀구 주안동 395-31,세명아파트103동,세명103동,세명아파트103동,세명아파트103동,1,아파트,1,12,2002-04-25,한국부동산원_공동주택 단지 식별정보_기본정보_20250918
28177120442137,2817710500104000001,인천광역시,미추홀구,,주안동,400-1,인천광역시 미추홀구 주안동 400-1,어반플러스아파트,어반플러스아파트,어반플러스아파트,,1,아파트,1,99,2022-12-19,한국부동산원_공동주택 단지 식별정보_기본정보_20250918
28177100218747,2817710500104780054,인천광역시,미추홀구,,주안동,478-54,인천광역시 미추홀구 주안동 478-54,삼원아파트,삼원아파트,삼원아파트,삼원아파트,1,아파트,1,10,2002-06-27,한국부동산원_공동주택 단지 식별정보_기본정보_20250918
28177100218759,2817710500106080013,인천광역시,미추홀구,,주안동,608-13,인천광역시 미추홀구 주안동 608-13,봉재아파트,봉재,봉재아파트,봉재아파트,1,아파트,1,20,2002-10-23,한국부동산원_공동주택 단지 식별정보_기본정보_20250918
28177120340735,2817710500106220002,인천광역시,미추홀구,,주안동,622-2,인천광역시 미추홀구 주안동 622-2,대명아파트,대명아파트,대명아파트,대명아파트,1,아파트,1,45,2016-08-11,한국부동산원_공동주택 단지 식별정보_기본정보_20250918
28177100554495,2817710500106310003,인천광역시,미추홀구,,주안동,631-3,인천광역시 미추홀구 주안동 631-3,우정아파트,우정,우정아파트,우정아파트,1,아파트,1,10,2002-12-04,한국부동산원_공동주택 단지 식별정보_기본정보_20250918
28177120383264,2817710500106320001,인천광역시,미추홀구,,주안동,632-1,인천광역시 미추홀구 주안동 632-1,센트라스,센트라스,,,1,아파트,1,52,2018-12-20,한국부동산원_공동주택 단지 식별정보_기본정보_20250918
28177120286014,2817710500106340002,인천광역시,미추홀구,,주안동,634-2,인천광역시 미추홀구 주안동 634-2,대경이즈뷰아파트,대경이즈뷰,대경이즈뷰아파트,대경이즈뷰아파트,1,아파트,1,17,2014-02-21,한국부동산원_공동주택 단지 식별정보_기본정보_20250918
28177100005589,2817710500106560033,인천광역시,미추홀구,,주안동,656-33,인천광역시 미추홀구 주안동 656-33,두진아파트,두진,,두진아파트,1,아파트,2,60,1983-08-10,한국부동산원_공동주택 단지 식별정보_기본정보_20250918
28177120341254,2817710500106930017,인천광역시,미추홀구,,주안동,693-17,인천광역시 미추홀구 주안동 693-17,다솜,다솜,다솜,다솜,1,아파트,1,27,2016-08-19,한국부동산원_공동주택 단지 식별정보_기본정보_20250918
28177120330240,2817710500106940002,인천광역시,미추홀구,,주안동,694-2,인천광역시 미추홀구 주안동 694-2,한빛캐슬,한빛캐슬,한빛캐슬,한빛캐슬,1,아파트,1,52,2015-12-23,한국부동산원_공동주택 단지 식별정보_기본정보_20250918
28177120417439,2817710500106980003,인천광역시,미추홀구,,주안동,698-3,인천광역시 미추홀구 주안동 698-3,청울림,청울림,청울림,청울림,1,아파트,1,95,2021-02-25,한국부동산원_공동주택 단지 식별정보_기본정보_20250918
28177100005602,2817710500107180002,인천광역시,미추홀구,,주안동,718-2,인천광역시 미추홀구 주안동 718-2,석락아파트,석락맨숀아파트,,석락아파트,1,아파트,2,60,1978-10-28,한국부동산원_공동주택 단지 식별정보_기본정보_20250918
28177100005607,2817710500107570001,인천광역시,미추홀구,,주안동,757-1,인천광역시 미추홀구 주안동 757-1,신라아파트,신라(757-1),,신라아파트,1,아파트,2,80,1984-10-02,한국부동산원_공동주택 단지 식별정보_기본정보_20250918
28177100005573,2817710500108670008,인천광역시,미추홀구,,주안동,867-8,인천광역시 미추홀구 주안동 867-8,경신아파트,경신,경신아파트,경신아파트,1,아파트,3,96,1990-12-27,한국부동산원_공동주택 단지 식별정보_기본정보_20250918
28177100607984,2817710500108810003,인천광역시,미추홀구,,주안동,881-3,인천광역시 미추홀구 주안동 881-3,승미,승미,,,1,아파트,1,17,2002-10-07,한국부동산원_공동주택 단지 식별정보_기본정보_20250918
28177100607985,2817710500108810006,인천광역시,미추홀구,,주안동,881-6,인천광역시 미추홀구 주안동 881-6,대영아트빌,대영아트빌,,,1,아파트,1,9,2002-01-23,한국부동산원_공동주택 단지 식별정보_기본정보_20250918
28177100005624,2817710500108920001,인천광역시,미추홀구,,주안동,892-1,인천광역시 미추홀구 주안동 892-1,두산주상복합아파트,주안두산,두산주상복합아파트,두산주상복합아파트,1,아파트,1,76,1998-01-31,한국부동산원_공동주택 단지 식별정보_기본정보_20250918
28177100448853,2817710500109280007,인천광역시,미추홀구,,주안동,928-7,인천광역시 미추홀구 주안동 928-7,대경월드아파트,대경월드(928-7),대경월드아파트,대경월드아파트,1,아파트,1,10,2003-01-24,한국부동산원_공동주택 단지 식별정보_기본정보_20250918
28177120329554,2817710500109280008,인천광역시,미추홀구,,주안동,928-8,인천광역시 미추홀구 주안동 928-8,해마루 더펠리체,해마루더펠리체,해마루 더펠리체,해마루 더펠리체,1,아파트,1,100,2015-12-02,한국부동산원_공동주택 단지 식별정보_기본정보_20250918
28177120341815,2817710500109280009,인천광역시,미추홀구,,주안동,928-9,인천광역시 미추홀구 주안동 928-9,힐카운티,힐카운티,힐카운티,힐카운티,1,아파트,1,27,2016-09-07,한국부동산원_공동주택 단지 식별정보_기본정보_20250918
28177100607987,2817710500109280020,인천광역시,미추홀구,,주안동,928-20,인천광역시 미추홀구 주안동 928-20,대경월드아파트,대경월드(928-20),대경월드아파트,대경월드아파트,1,아파트,1,10,2003-01-24,한국부동산원_공동주택 단지 식별정보_기본정보_20250918
28177100218775,2817710500109280021,인천광역시,미추홀구,,주안동,928-21,인천광역시 미추홀구 주안동 928-21,대경월드아파트,대경월드,대경월드아파트,대경월드아파트,1,아파트,1,10,2003-01-24,한국부동산원_공동주택 단지 식별정보_기본정보_20250918
28177100448854,2817710500109280022,인천광역시,미추홀구,,주안동,928-22,인천광역시 미추홀구 주안동 928-22,대경월드아파트,대경월드(928-22),대경월드아파트,대경월드아파트,1,아파트,1,10,2003-01-24,한국부동산원_공동주택 단지 식별정보_기본정보_20250918
28177120102061,2817710500109290005,인천광역시,미추홀구,,주안동,929-5,인천광역시 미추홀구 주안동 929-5,대성빌리뷰,대성빌리뷰,대성빌리뷰,대성빌리뷰,1,아파트,1,14,2008-10-10,한국부동산원_공동주택 단지 식별정보_기본정보_20250918
28177120141384,2817710500109290016,인천광역시,미추홀구,,주안동,929-16,인천광역시 미추홀구 주안동 929-16,보미 리즌빌,보미리즌빌,보미 리즌빌,보미 리즌빌,1,아파트,1,80,2011-07-20,한국부동산원_공동주택 단지 식별정보_기본정보_20250918
28177120130285,2817710500109610005,인천광역시,미추홀구,,주안동,961-5,인천광역시 미추홀구 주안동 961-5,씨티프라임 아파트,씨티프라임,씨티프라임 아파트,씨티프라임 아파트,1,아파트,1,19,2010-06-28,한국부동산원_공동주택 단지 식별정보_기본정보_20250918
28177100218778,2817710500109620001,인천광역시,미추홀구,,주안동,962-1,인천광역시 미추홀구 주안동 962-1,광해 리드빌,광해리드빌(101동),광해 리드빌,광해 리드빌,1,아파트,1,70,2001-04-24,한국부동산원_공동주택 단지 식별정보_기본정보_20250918
28177100052354,2817710500109660003,인천광역시,미추홀구,,주안동,966-3,인천광역시 미추홀구 주안동 966-3,광해리드빌,광해리드빌(102동),광해리드빌,광해리드빌,1,아파트,1,85,2002-10-02,한국부동산원_공동주택 단지 식별정보_기본정보_20250918
28177120433644,2817710500109680001,인천광역시,미추홀구,,주안동,968-1,인천광역시 미추홀구 주안동 968-1,주안역 청울림,주안역청울림,주안역 청울림,주안역 청울림,1,아파트,1,111,2022-04-14,한국부동산원_공동주택 단지 식별정보_기본정보_20250918
28177120331224,2817710500109720004,인천광역시,미추홀구,,주안동,972-4,인천광역시 미추홀구 주안동 972-4,주안 아파트,주안아파트(972-4),주안 아파트,주안 아파트,1,아파트,1,56,2016-01-12,한국부동산원_공동주택 단지 식별정보_기본정보_20250918
28177120101331,2817710500109750002,인천광역시,미추홀구,,주안동,975-2,인천광역시 미추홀구 주안동 975-2,이루미아,이루미아,이루미아,이루미아,1,아파트,1,17,2008-06-27,한국부동산원_공동주택 단지 식별정보_기본정보_20250918
28177100448855,2817710500109750005,인천광역시,미추홀구,,주안동,975-5,인천광역시 미추홀구 주안동 975-5,웅빈아파트,웅빈(975-5),웅빈아파트,웅빈아파트,1,아파트,1,15,2002-11-04,한국부동산원_공동주택 단지 식별정보_기본정보_20250918
28177120307856,2817710500109770006,인천광역시,미추홀구,,주안동,977-6,인천광역시 미추홀구 주안동 977-6,도경퍼스트타운,도경퍼스트타운,,,1,아파트,1,15,2014-12-31,한국부동산원_공동주택 단지 식별정보_기본정보_20250918
28177100448856,2817710500109800006,인천광역시,미추홀구,,주안동,980-6,인천광역시 미추홀구 주안동 980-6,청도 스카이뷰 102동,청도스카이뷰,청도 스카이뷰 102동,청도 스카이뷰 102동,1,아파트,1,40,2004-08-17,한국부동산원_공동주택 단지 식별정보_기본정보_20250918
28177100005603,2817710500109910011,인천광역시,미추홀구,,주안동,991-11,인천광역시 미추홀구 주안동 991-11,석암(991-11),석암(991-11),,,1,아파트,1,30,1984-11-19,한국부동산원_공동주택 단지 식별정보_기본정보_20250918
28177100448857,2817710500109920015,인천광역시,미추홀구,,주안동,992-15,인천광역시 미추홀구 주안동 992-15,고려아파트,고려,고려아파트,고려아파트,1,아파트,1,18,2002-05-08,한국부동산원_공동주택 단지 식별정보_기본정보_20250918
28177120337466,2817710500110010002,인천광역시,미추홀구,,주안동,1001-2,인천광역시 미추홀구 주안동 1001-2,뉴더웰,뉴더웰,뉴더웰,뉴더웰,1,아파트,1,42,2016-06-08,한국부동산원_공동주택 단지 식별정보_기본정보_20250918
28177100005622,2817710500112100002,인천광역시,미추홀구,,주안동,1210-2,인천광역시 미추홀구 주안동 1210-2,윤성아파트,윤성,,윤성아파트,1,아파트,2,108,1989-10-28,한국부동산원_공동주택 단지 식별정보_기본정보_20250918
28177100005605,2817710500112100003,인천광역시,미추홀구,,주안동,1210-3,인천광역시 미추홀구 주안동 1210-3,시영아파트,주안아파트,,시영아파트,1,아파트,3,110,1986-12-31,한국부동산원_공동주택 단지 식별정보_기본정보_20250918
28177100005574,2817710500112110031,인천광역시,미추홀구,,주안동,1211-31,인천광역시 미추홀구 주안동 1211-31,경일아파트,경일,,경일아파트,1,아파트,1,50,1988-12-01,한국부동산원_공동주택 단지 식별정보_기본정보_20250918
28177100005611,2817710500112500000,인천광역시,미추홀구,,주안동,1250,인천광역시 미추홀구 주안동 1250,쌍용주안아파트,쌍용주안,,쌍용주안아파트,1,아파트,9,768,1984-11-26,한국부동산원_공동주택 단지 식별정보_기본정보_20250918
28177100005628,2817710500112860000,인천광역시,미추홀구,,주안동,1286,인천광역시 미추홀구 주안동 1286,태평아파트,태평,,태평아파트,1,아파트,3,252,1989-10-25,한국부동산원_공동주택 단지 식별정보_기본정보_20250918
28177100005583,2817710500112980000,인천광역시,미추홀구,,주안동,1298,인천광역시 미추홀구 주안동 1298,한덕주상복합아파트,금양아파트,한덕주상복합아파트,한덕주상복합아파트,1,아파트,1,187,1998-03-12,한국부동산원_공동주택 단지 식별정보_기본정보_20250918
28177100005587,2817710500114210041,인천광역시,미추홀구,,주안동,1421-41,인천광역시 미추홀구 주안동 1421-41,대일개나리,대일개나리,,,1,아파트,1,45,1984-04-25,한국부동산원_공동주택 단지 식별정보_기본정보_20250918
28177120399422,2817710500114220000,인천광역시,미추홀구,,주안동,1422,인천광역시 미추홀구 주안동 1422,골든스테이트,골든스테이트,골든스테이트,,1,아파트,1,120,2019-12-26,한국부동산원_공동주택 단지 식별정보_기본정보_20250918
28177100448858,2817710500114220002,인천광역시,미추홀구,,주안동,1422-2,인천광역시 미추홀구 주안동 1422-2,호산아파트,호산,호산아파트,호산아파트,1,아파트,1,19,1994-09-16,한국부동산원_공동주택 단지 식별정보_기본정보_20250918
28177100005608,2817710500114410000,인천광역시,미추홀구,,주안동,1441,인천광역시 미추홀구 주안동 1441,남광로얄아파트,신로얄,,남광로얄아파트,1,아파트,3,125,1981-05-21,한국부동산원_공동주택 단지 식별정보_기본정보_20250918
28177100005584,2817710500114430000,인천광역시,미추홀구,,주안동,1443,인천광역시 미추홀구 주안동 1443,남광로얄아파트,남광로얄,,남광로얄아파트,1,아파트,13,474,1980-02-21,한국부동산원_공동주택 단지 식별정보_기본정보_20250918
28177100005621,2817710500114650036,인천광역시,미추홀구,,주안동,1465-36,인천광역시 미추홀구 주안동 1465-36,욱일,욱일,,,1,아파트,3,60,1982-09-16,한국부동산원_공동주택 단지 식별정보_기본정보_20250918
28177100005580,2817710500114660003,인천광역시,미추홀구,,주안동,1466-3,인천광역시 미추홀구 주안동 1466-3,광성아파트,광성,,광성아파트,1,아파트,4,160,1984-09-27,한국부동산원_공동주택 단지 식별정보_기본정보_20250918
28177100005626,2817710500114660013,인천광역시,미추홀구,,주안동,1466-13,인천광역시 미추홀구 주안동 1466-13,청운아파트,청운,,청운아파트,1,아파트,2,45,1983-12-17,한국부동산원_공동주택 단지 식별정보_기본정보_20250918
28177100005594,2817710500114670001,인천광역시,미추홀구,,주안동,1467-1,인천광역시 미추홀구 주안동 1467-1,미성,미성,,,1,아파트,1,45,1984-06-13,한국부동산원_공동주택 단지 식별정보_기본정보_20250918
28177100005632,2817710500114870004,인천광역시,미추홀구,,주안동,1487-4,인천광역시 미추홀구 주안동 1487-4,현광아파트,현광,현광아파트,현광아파트,1,아파트,1,90,1987-10-19,한국부동산원_공동주택 단지 식별정보_기본정보_20250918
28177100005576,2817710500114870007,인천광역시,미추홀구,,주안동,1487-7,인천광역시 미추홀구 주안동 1487-7,광명아파트,광명8,,광명아파트,1,아파트,6,462,1988-07-19,한국부동산원_공동주택 단지 식별정보_기본정보_20250918
28177100050173,2817710500114870008,인천광역시,미추홀구,,주안동,1487-8,인천광역시 미추홀구 주안동 1487-8,광명아파트,광명9,광명아파트,광명아파트,1,아파트,1,48,1988-10-29,한국부동산원_공동주택 단지 식별정보_기본정보_20250918
28177100005585,2817710500114890013,인천광역시,미추홀구,,주안동,1489-13,인천광역시 미추홀구 주안동 1489-13,남부아주,남부아주,,,1,아파트,1,64,1984-10-15,한국부동산원_공동주택 단지 식별정보_기본정보_20250918
28177100005572,2817710500114900003,인천광역시,미추홀구,,주안동,1490-3,인천광역시 미추홀구 주안동 1490-3,경민,경민,,,1,아파트,2,60,1984-09-01,한국부동산원_공동주택 단지 식별정보_기본정보_20250918
28177100005615,2817710500114910003,인천광역시,미추홀구,,주안동,1491-3,인천광역시 미추홀구 주안동 1491-3,연흥아파트,연흥,,연흥아파트,1,아파트,5,235,1985-12-03,한국부동산원_공동주택 단지 식별정보_기본정보_20250918
28177100005612,2817710500114930001,인천광역시,미추홀구,,주안동,1493-1,인천광역시 미추홀구 주안동 1493-1,가동,아주,,가동,1,아파트,2,70,1983-09-14,한국부동산원_공동주택 단지 식별정보_기본정보_20250918
28177100005617,2817710500115030001,인천광역시,미추홀구,,주안동,1503-1,인천광역시 미추홀구 주안동 1503-1,영동,영동,,,1,아파트,2,70,1984-11-03,한국부동산원_공동주택 단지 식별정보_기본정보_20250918
28177100005592,2817710500115250005,인천광역시,미추홀구,,주안동,1525-5,인천광역시 미추홀구 주안동 1525-5,문원아파트,문원,,문원아파트,1,아파트,2,40,1984-11-23,한국부동산원_공동주택 단지 식별정보_기본정보_20250918
28177100005606,2817710500115280004,인천광역시,미추홀구,,주안동,1528-4,인천광역시 미추홀구 주안동 1528-4,신라아파트,신라,,신라아파트,1,아파트,2,90,1983-11-11,한국부동산원_공동주택 단지 식별정보_기본정보_20250918
28177120146488,2817710500115420030,인천광역시,미추홀구,,주안동,1542-30,인천광역시 미추홀구 주안동 1542-30,헤렌하우스,헤렌하우스,헤렌하우스,헤렌하우스,1,아파트,1,20,2011-12-12,한국부동산원_공동주택 단지 식별정보_기본정보_20250918
28177120123425,2817710500115620000,인천광역시,미추홀구,,주안동,1562,인천광역시 미추홀구 주안동 1562,예하임아파트,예하임아파트,예하임아파트,예하임아파트,1,아파트,1,48,2009-09-28,한국부동산원_공동주택 단지 식별정보_기본정보_20250918
28177120071333,2817710500115660001,인천광역시,미추홀구,,주안동,1566-1,인천광역시 미추홀구 주안동 1566-1,삼우아파트,삼우,삼우아파트,삼우아파트,1,아파트,2,46,2007-05-28,한국부동산원_공동주택 단지 식별정보_기본정보_20250918
28177100005609,2817710500116000000,인천광역시,미추홀구,,주안동,1600,인천광역시 미추홀구 주안동 1600,신비마을아파트,신비마을,신비마을아파트,신비마을아파트,1,아파트,9,720,1994-03-18,한국부동산원_공동주택 단지 식별정보_기본정보_20250918
28177100005625,2817710500116060000,인천광역시,미추홀구,,주안동,1606,인천광역시 미추홀구 주안동 1606,진흥아파트,진흥,진흥아파트,진흥아파트,1,아파트,10,828,1995-12-27,한국부동산원_공동주택 단지 식별정보_기본정보_20250918
28177120068943,2817710500116070000,인천광역시,미추홀구,,주안동,1607,인천광역시 미추홀구 주안동 1607,인천주안한신휴플러스,한신휴플러스,인천주안한신휴플러스,인천주안한신휴플러스,1,아파트,9,494,2006-09-26,한국부동산원_공동주택 단지 식별정보_기본정보_20250918
28177120050458,2817710500116130000,인천광역시,미추홀구,,주안동,1613,인천광역시 미추홀구 주안동 1613,주안 휴먼빌 아파트,주안휴먼빌,주안 휴먼빌 아파트,주안 휴먼빌 아파트,1,아파트,1,99,2006-06-30,한국부동산원_공동주택 단지 식별정보_기본정보_20250918
28177120095493,2817710500116140000,인천광역시,미추홀구,,주안동,1614,인천광역시 미추홀구 주안동 1614,주안더월드스테이트,월드스테이트,주안더월드스테이트,주안더월드스테이트,1,아파트,12,961,2008-05-28,한국부동산원_공동주택 단지 식별정보_기본정보_20250918
28177120095494,2817710500116140000,인천광역시,미추홀구,,주안동,1614,인천광역시 미추홀구 주안동 1614,주안더월드스테이트,월드스테이트,주안더월드스테이트,주안더월드스테이트,1,아파트,20,1696,2008-05-28,한국부동산원_공동주택 단지 식별정보_기본정보_20250918
28177120095495,2817710500116140000,인천광역시,미추홀구,,주안동,1614,인천광역시 미추홀구 주안동 1614,주안더월드스테이트,월드스테이트,주안더월드스테이트,주안더월드스테이트,1,아파트,5,503,2008-05-28,한국부동산원_공동주택 단지 식별정보_기본정보_20250918
28177120125298,2817710500116210000,인천광역시,미추홀구,,주안동,1621,인천광역시 미추홀구 주안동 1621,인천관교 한신휴플러스,관교한신휴플러스,인천관교 한신휴플러스,인천관교 한신휴플러스,1,아파트,18,1509,2010-07-30,한국부동산원_공동주택 단지 식별정보_기본정보_20250918
28177120430909,2817710500116280000,인천광역시,미추홀구,,주안동,1628,인천광역시 미추홀구 주안동 1628,주안역 센트레빌,주안역센트레빌,주안역 센트레빌,,1,아파트,12,1458,2021-07-27,한국부동산원_공동주택 단지 식별정보_기본정보_20250918
28177120433490,2817710500116380000,인천광역시,미추홀구,,주안동,1638,인천광역시 미추홀구 주안동 1638,주안역 신일해피트리,주안역신일해피트리,주안역 신일해피트리,주안역 신일해피트리,1,아파트,4,244,2022-03-28,한국부동산원_공동주택 단지 식별정보_기본정보_20250918
28177120446351,2817710500116620000,인천광역시,미추홀구,,주안동,1662,인천광역시 미추홀구 주안동 1662,주안파크자이더플래티넘,주안파크자이더플래티넘,주안파크자이더플래티넘,,1,아파트,13,2054,2023-02-24,한국부동산원_공동주택 단지 식별정보_기본정보_20250918
28177120450839,2817710500116780000,인천광역시,미추홀구,,주안동,1678,인천광역시 미추홀구 주안동 1678,힐스테이트푸르지오주안,힐스테이트푸르지오주안,힐스테이트푸르지오주안,,1,아파트,22,2958,2023-10-23,한국부동산원_공동주택 단지 식별정보_기본정보_20250918
28177120450783,2817710500116880000,인천광역시,미추홀구,,주안동,1688,인천광역시 미추홀구 주안동 1688,e편한세상 주안 에듀서밋,e편한세상주안에듀서밋,e편한세상 주안 에듀서밋,,1,아파트,6,386,2024-01-31,한국부동산원_공동주택 단지 식별정보_기본정보_20250918
28177120439153,2817710500300000000,인천광역시,미추홀구,,주안동,가-,인천광역시 미추홀구 주안동 가-,포레나 미추홀,포레나미추홀,포레나 미추홀,포레나 미추홀,1,아파트,4,864,2022-08-31,한국부동산원_공동주택 단지 식별정보_기본정보_20250918
28177100005513,2817710600100130003,인천광역시,미추홀구,,관교동,13-3,인천광역시 미추홀구 관교동 13-3,동아아파트,동아(관교동아),,동아아파트,1,아파트,4,390,1990-10-12,한국부동산원_공동주택 단지 식별정보_기본정보_20250918
28177100005514,2817710600100130006,인천광역시,미추홀구,,관교동,13-6,인천광역시 미추홀구 관교동 13-6,삼환아파트,삼환1(관교삼환나우빌),삼환아파트,삼환아파트,1,아파트,5,352,1992-04-21,한국부동산원_공동주택 단지 식별정보_기본정보_20250918
28177100005517,2817710600100130007,인천광역시,미추홀구,,관교동,13-7,인천광역시 미추홀구 관교동 13-7,쌍용아파트,쌍용,,쌍용아파트,1,아파트,5,464,1991-07-16,한국부동산원_공동주택 단지 식별정보_기본정보_20250918
28177100005519,2817710600100130008,인천광역시,미추홀구,,관교동,13-8,인천광역시 미추홀구 관교동 13-8,풍림아파트,풍림,,풍림아파트,1,아파트,4,300,1991-02-01,한국부동산원_공동주택 단지 식별정보_기본정보_20250918
28177100005515,2817710600100130009,인천광역시,미추홀구,,관교동,13-9,인천광역시 미추홀구 관교동 13-9,성지아파트,성지,,성지아파트,1,아파트,4,420,1991-08-12,한국부동산원_공동주택 단지 식별정보_기본정보_20250918
28177100050171,2817710600100130010,인천광역시,미추홀구,,관교동,13-10,인천광역시 미추홀구 관교동 13-10,삼환아파트,삼환2(삼환관교2단지),,삼환아파트,1,아파트,3,410,1991-11-28,한국부동산원_공동주택 단지 식별정보_기본정보_20250918
28177100005512,2817710600100130011,인천광역시,미추홀구,,관교동,13-11,인천광역시 미추홀구 관교동 13-11,동부아파트,동부(관교동부),,동부아파트,1,아파트,4,420,1991-09-19,한국부동산원_공동주택 단지 식별정보_기본정보_20250918
28177100005516,2817710600105080000,인천광역시,미추홀구,,관교동,508,인천광역시 미추홀구 관교동 508,신비마을아파트,신비마을,신비마을아파트,신비마을아파트,1,아파트,2,240,1994-03-18,한국부동산원_공동주택 단지 식별정보_기본정보_20250918
28177100448860,2817710700101560013,인천광역시,미추홀구,,문학동,156-13,인천광역시 미추홀구 문학동 156-13,파인 아파트,파인,파인 아파트,파인 아파트,1,아파트,1,12,2004-05-24,한국부동산원_공동주택 단지 식별정보_기본정보_20250918
28177100005521,2817710700103760001,인천광역시,미추홀구,,문학동,376-1,인천광역시 미추홀구 문학동 376-1,호산아파트,호산,호산아파트,호산아파트,1,아파트,1,105,1996-12-14,한국부동산원_공동주택 단지 식별정보_기본정보_20250918
28177100218794,2817710700103790004,인천광역시,미추홀구,,문학동,379-4,인천광역시 미추홀구 문학동 379-4,삼영아파트,삼영,삼영아파트,삼영아파트,1,아파트,1,10,2001-04-25,한국부동산원_공동주택 단지 식별정보_기본정보_20250918
28177100005520,2817710700103900004,인천광역시,미추홀구,,문학동,390-4,인천광역시 미추홀구 문학동 390-4,국일아파트,국일,국일아파트,국일아파트,1,아파트,1,104,1994-12-16,한국부동산원_공동주택 단지 식별정보_기본정보_20250918
28185100009663,2818510100101940012,인천광역시,연수구,,옥련동,194-12,인천광역시 연수구 옥련동 194-12,윤성아파트,윤성,윤성아파트,윤성아파트,1,아파트,2,132,1991-04-22,한국부동산원_공동주택 단지 식별정보_기본정보_20250918
28185120096757,2818510100102050026,인천광역시,연수구,,옥련동,205-26,인천광역시 연수구 옥련동 205-26,해마루아파트,해마루,해마루아파트,해마루아파트,1,아파트,1,18,2008-06-09,한국부동산원_공동주택 단지 식별정보_기본정보_20250918
28185100009651,2818510100106260000,인천광역시,연수구,,옥련동,626,인천광역시 연수구 옥련동 626,럭키송도아파트,럭키송도,럭키송도아파트,럭키송도아파트,1,아파트,16,1304,1993-04-21,한국부동산원_공동주택 단지 식별정보_기본정보_20250918
28185100009667,2818510100106280000,인천광역시,연수구,,옥련동,628,인천광역시 연수구 옥련동 628,현대아파트,현대1,현대아파트,현대아파트,1,아파트,5,674,1994-06-28,한국부동산원_공동주택 단지 식별정보_기본정보_20250918
28185100009652,2818510100106300000,인천광역시,연수구,,옥련동,630,인천광역시 연수구 옥련동 630,백산아파트,백산,백산아파트,백산아파트,1,아파트,2,307,1994-09-23,한국부동산원_공동주택 단지 식별정보_기본정보_20250918
28185100009662,2818510100106310000,인천광역시,연수구,,옥련동,631,인천광역시 연수구 옥련동 631,원흥아파트,원흥,원흥아파트,원흥아파트,1,아파트,3,359,1994-11-03,한국부동산원_공동주택 단지 식별정보_기본정보_20250918
28185100009656,2818510100106320000,인천광역시,연수구,,옥련동,632,인천광역시 연수구 옥련동 632,서해아파트,서해,서해아파트,서해아파트,1,아파트,2,600,1995-10-24,한국부동산원_공동주택 단지 식별정보_기본정보_20250918
28185100009668,2818510100106330000,인천광역시,연수구,,옥련동,633,인천광역시 연수구 옥련동 633,"현대2차아파트,상가,유치원",현대2차아파트,"현대2차아파트,상가,유치원",현대2차아파트,1,아파트,9,1180,1995-12-22,한국부동산원_공동주택 단지 식별정보_기본정보_20250918
28185100009655,2818510100106340001,인천광역시,연수구,,옥련동,634-1,인천광역시 연수구 옥련동 634-1,삼성아파트,삼성,삼성아파트,삼성아파트,1,아파트,4,612,1996-03-15,한국부동산원_공동주택 단지 식별정보_기본정보_20250918
28185100009669,2818510100106350001,인천광역시,연수구,,옥련동,635-1,인천광역시 연수구 옥련동 635-1,현대3차아파트,현대3,현대3차아파트,현대3차아파트,1,아파트,4,368,1996-07-20,한국부동산원_공동주택 단지 식별정보_기본정보_20250918
28185100009661,2818510100106360001,인천광역시,연수구,,옥련동,636-1,인천광역시 연수구 옥련동 636-1,우성아파트,우성,우성아파트,우성아파트,1,아파트,4,498,1996-09-30,한국부동산원_공동주택 단지 식별정보_기본정보_20250918
28185100009670,2818510100106370001,인천광역시,연수구,,옥련동,637-1,인천광역시 연수구 옥련동 637-1,현대아파트,현대4,현대아파트,현대아파트 402동,1,아파트,9,1011,1997-05-23,한국부동산원_공동주택 단지 식별정보_기본정보_20250918
28185100009653,2818510100106380001,인천광역시,연수구,,옥련동,638-1,인천광역시 연수구 옥련동 638-1,옥련2차 백산아파트,백산2,옥련2차 백산아파트,옥련2차 백산아파트,1,아파트,3,301,1997-09-30,한국부동산원_공동주택 단지 식별정보_기본정보_20250918
28185100009671,2818510100106390001,인천광역시,연수구,,옥련동,639-1,인천광역시 연수구 옥련동 639-1,현대아파트,현대5,현대아파트,현대아파트,1,아파트,7,621,1997-06-26,한국부동산원_공동주택 단지 식별정보_기본정보_20250918
28185100009659,2818510100106400001,인천광역시,연수구,,옥련동,640-1,인천광역시 연수구 옥련동 640-1,아주아파트,아주1,아주아파트,아주1차아파트,1,아파트,3,384,1997-08-02,한국부동산원_공동주택 단지 식별정보_기본정보_20250918
28185100009664,2818510100106410001,인천광역시,연수구,,옥련동,641-1,인천광역시 연수구 옥련동 641-1,태평아파트,태평,태평아파트,태평아파트,1,아파트,3,273,1997-11-19,한국부동산원_공동주택 단지 식별정보_기본정보_20250918
28185100009666,2818510100106420001,인천광역시,연수구,,옥련동,642-1,인천광역시 연수구 옥련동 642-1,한국아파트,한국,한국아파트,한국아파트,1,아파트,6,481,1997-12-31,한국부동산원_공동주택 단지 식별정보_기본정보_20250918
28185100009665,2818510100106430002,인천광역시,연수구,,옥련동,643-2,인천광역시 연수구 옥련동 643-2,풍림아파트,풍림,풍림아파트,풍림아파트,1,아파트,3,386,1998-03-26,한국부동산원_공동주택 단지 식별정보_기본정보_20250918
28185100009658,2818510100106440001,인천광역시,연수구,,옥련동,644-1,인천광역시 연수구 옥련동 644-1,쌍용아파트,쌍용,쌍용아파트,쌍용아파트,1,아파트,6,574,1998-08-23,한국부동산원_공동주택 단지 식별정보_기본정보_20250918
28185100009672,2818510100106450001,인천광역시,연수구,,옥련동,645-1,인천광역시 연수구 옥련동 645-1,옥련2차 우성아파트,옥련2우성,옥련2차 우성아파트,옥련2차 우성아파트,1,아파트,3,255,2002-06-28,한국부동산원_공동주택 단지 식별정보_기본정보_20250918
28185120451878,2818510100106470000,인천광역시,연수구,,옥련동,647,인천광역시 연수구 옥련동 647,송도역 서해그랑블,송도역서해그랑블,송도역 서해그랑블,,1,아파트,4,215,2024-03-04,한국부동산원_공동주택 단지 식별정보_기본정보_20250918
28185100009626,2818510200103400000,인천광역시,연수구,,선학동,340,인천광역시 연수구 선학동 340,태산아파트,"태산,대진.정광아파트",,태산아파트,1,아파트,13,900,1991-06-29,한국부동산원_공동주택 단지 식별정보_기본정보_20250918
28185112114699,2818510200103470000,인천광역시,연수구,,선학동,347,인천광역시 연수구 선학동 347,선학동 시영아파트,선학동시영,,선학동 시영아파트,1,아파트,19,1300,1993-06-19,한국부동산원_공동주택 단지 식별정보_기본정보_20250918
28185100009619,2818510200103500000,인천광역시,연수구,,선학동,350,인천광역시 연수구 선학동 350,금호타운,금호타운,금호타운,금호타운,1,아파트,6,540,1992-11-25,한국부동산원_공동주택 단지 식별정보_기본정보_20250918
28185100009620,2818510200103520000,인천광역시,연수구,,선학동,352,인천광역시 연수구 선학동 352,뉴서울1차아파트,뉴서울,뉴서울1차아파트,뉴서울1차아파트,1,아파트,7,720,1992-10-10,한국부동산원_공동주택 단지 식별정보_기본정보_20250918
28185100009623,2818510200103530000,인천광역시,연수구,,선학동,353,인천광역시 연수구 선학동 353,아주아파트,아주,,아주아파트,1,아파트,3,390,1992-05-20,한국부동산원_공동주택 단지 식별정보_기본정보_20250918
28185100009621,2818510200103530000,인천광역시,연수구,,선학동,353,인천광역시 연수구 선학동 353,대동아파트,대동,,대동아파트,1,아파트,3,390,1992-05-20,한국부동산원_공동주택 단지 식별정보_기본정보_20250918
28185100009624,2818510200103870000,인천광역시,연수구,,선학동,387,인천광역시 연수구 선학동 387,윤성아파트,윤성,윤성아파트,윤성아파트,1,아파트,4,423,1995-08-04,한국부동산원_공동주택 단지 식별정보_기본정보_20250918
28185100009628,2818510200103890000,인천광역시,연수구,,선학동,389,인천광역시 연수구 선학동 389,희영무지개아파트,희영무지개2,희영무지개아파트,희영무지개아파트,1,아파트,1,157,1995-08-04,한국부동산원_공동주택 단지 식별정보_기본정보_20250918
28185100009627,2818510200103950000,인천광역시,연수구,,선학동,395,인천광역시 연수구 선학동 395,희영무지개아파트,희영무지개,희영무지개아파트,희영무지개아파트,1,아파트,1,120,1995-03-09,한국부동산원_공동주택 단지 식별정보_기본정보_20250918
28185120447989,2818510200104420000,인천광역시,연수구,,선학동,442,인천광역시 연수구 선학동 442,한화 포레나 인천 연수,한화포레나인천연수,한화 포레나 인천 연수,,1,아파트,9,767,2023-09-22,한국부동산원_공동주택 단지 식별정보_기본정보_20250918
28185100009629,2818510300105320000,인천광역시,연수구,,연수동,532,인천광역시 연수구 연수동 532,연수경남아파트,경남,연수경남아파트,연수경남아파트,1,아파트,7,620,1993-05-24,한국부동산원_공동주택 단지 식별정보_기본정보_20250918
28185100009631,2818510300105320000,인천광역시,연수구,,연수동,532,인천광역시 연수구 연수동 532,연수경남아파트,대림,연수경남아파트,대림아파트 107동,1,아파트,7,640,1993-05-25,한국부동산원_공동주택 단지 식별정보_기본정보_20250918
28185100009645,2818510300105330000,인천광역시,연수구,,연수동,533,인천광역시 연수구 연수동 533,연수주공2차아파트 203동,연수주공2차,,연수주공2차아파트 203동,1,아파트,8,960,1992-06-22,한국부동산원_공동주택 단지 식별정보_기본정보_20250918
28185120106432,2818510300105330000,인천광역시,연수구,,연수동,533,인천광역시 연수구 연수동 533,연수주공1차아파트,연수주공1차,,연수주공1차아파트,1,아파트,6,1654,1992-06-22,한국부동산원_공동주택 단지 식별정보_기본정보_20250918
28185100009643,2818510300105340000,인천광역시,연수구,,연수동,534,인천광역시 연수구 연수동 534,연수유천아파트,유천,연수유천아파트,연수유천아파트,1,아파트,10,788,1993-09-15,한국부동산원_공동주택 단지 식별정보_기본정보_20250918
28185100009647,2818510300105350002,인천광역시,연수구,,연수동,535-2,인천광역시 연수구 연수동 535-2,"태경아파트,인향아파트,우주아파트",태경,"태경아파트,인향아파트,우주아파트",태경아파트,1,아파트,5,220,1992-07-09,한국부동산원_공동주택 단지 식별정보_기본정보_20250918
28185100009642,2818510300105350002,인천광역시,연수구,,연수동,535-2,인천광역시 연수구 연수동 535-2,"태경아파트,인향아파트,우주아파트",우주,"태경아파트,인향아파트,우주아파트",우주아파트 103동,1,아파트,5,230,1992-06-19,한국부동산원_공동주택 단지 식별정보_기본정보_20250918
28185100009644,2818510300105350002,인천광역시,연수구,,연수동,535-2,인천광역시 연수구 연수동 535-2,"태경아파트,인향아파트,우주아파트",인향,"태경아파트,인향아파트,우주아파트",인향아파트 101동,1,아파트,6,220,1992-06-04,한국부동산원_공동주택 단지 식별정보_기본정보_20250918
28185100009634,2818510300105360000,인천광역시,연수구,,연수동,536,인천광역시 연수구 연수동 536,동남아파트,동남,동남아파트,동남아파트,1,아파트,5,420,1994-02-04,한국부동산원_공동주택 단지 식별정보_기본정보_20250918
28185100009650,2818510300105370000,인천광역시,연수구,,연수동,537,인천광역시 연수구 연수동 537,효정아파트,효정,효정아파트,효정아파트,1,아파트,3,312,1993-12-29,한국부동산원_공동주택 단지 식별정보_기본정보_20250918
28185100009636,2818510300105380000,인천광역시,연수구,,연수동,538,인천광역시 연수구 연수동 538,성일아파트 전체동,성일,성일아파트 전체동,성일아파트,1,아파트,5,414,1994-10-15,한국부동산원_공동주택 단지 식별정보_기본정보_20250918
28185100009635,2818510300105400000,인천광역시,연수구,,연수동,540,인천광역시 연수구 연수동 540,문남마을 아파트,문남마을,문남마을 아파트,문남마을아파트,1,아파트,9,400,1994-12-13,한국부동산원_공동주택 단지 식별정보_기본정보_20250918
28185100009632,2818510300105410000,인천광역시,연수구,,연수동,541,인천광역시 연수구 연수동 541,연수대명아파트,대명,연수대명아파트,연수대명아파트,1,아파트,2,108,1993-07-05,한국부동산원_공동주택 단지 식별정보_기본정보_20250918
28185100009648,2818510300105760000,인천광역시,연수구,,연수동,576,인천광역시 연수구 연수동 576,태산아파트,태산,,태산아파트,1,아파트,5,420,1993-12-03,한국부동산원_공동주택 단지 식별정보_기본정보_20250918
28185100009639,2818510300105770000,인천광역시,연수구,,연수동,577,인천광역시 연수구 연수동 577,영남아파트,영남,영남아파트,영남아파트,1,아파트,16,622,1992-12-28,한국부동산원_공동주택 단지 식별정보_기본정보_20250918
28185100257068,2818510300105780001,인천광역시,연수구,,연수동,578-1,인천광역시 연수구 연수동 578-1,세경아파트,세경,세경아파트,세경아파트,1,아파트,5,567,1997-08-08,한국부동산원_공동주택 단지 식별정보_기본정보_20250918
28185100009646,2818510300105780002,인천광역시,연수구,,연수동,578-2,인천광역시 연수구 연수동 578-2,연수주공3차아파트,주공3,,연수주공3차아파트,1,아파트,8,1170,1993-10-28,한국부동산원_공동주택 단지 식별정보_기본정보_20250918
28185100009633,2818510300105790000,인천광역시,연수구,,연수동,579,인천광역시 연수구 연수동 579,대우1차아파트,대우1,,대우1차아파트,1,아파트,6,390,1992-06-27,한국부동산원_공동주택 단지 식별정보_기본정보_20250918
28185100009649,2818510300105820000,인천광역시,연수구,,연수동,582,인천광역시 연수구 연수동 582,연수풍림1차아파트,풍림1,연수풍림1차아파트,연수풍림1차아파트,1,아파트,9,769,1992-03-27,한국부동산원_공동주택 단지 식별정보_기본정보_20250918
28185100009638,2818510300105820002,인천광역시,연수구,,연수동,582-2,인천광역시 연수구 연수동 582-2,솔밭마을아파트,연수2시영,,솔밭마을아파트,1,아파트,9,1200,1993-05-17,한국부동산원_공동주택 단지 식별정보_기본정보_20250918
28185100009637,2818510300105820002,인천광역시,연수구,,연수동,582-2,인천광역시 연수구 연수동 582-2,승기마을,"승기마을,연수1차시영",,승기마을,1,아파트,11,1370,1992-05-25,한국부동산원_공동주택 단지 식별정보_기본정보_20250918
28185100257094,2818510300105820002,인천광역시,연수구,,연수동,582-2,인천광역시 연수구 연수동 582-2,연수1차시영아파트,연수1차시영(영구임대),,연수1차시영아파트,1,아파트,6,1000,1992-05-27,한국부동산원_공동주택 단지 식별정보_기본정보_20250918
28185120140394,2818510300105930000,인천광역시,연수구,,연수동,593,인천광역시 연수구 연수동 593,연수 푸르지오 2단지,연수푸르지오2단지,연수 푸르지오 2단지,연수 푸르지오 2단지,1,아파트,1,110,2011-06-02,한국부동산원_공동주택 단지 식별정보_기본정보_20250918
28185120140505,2818510300105930003,인천광역시,연수구,,연수동,593-3,인천광역시 연수구 연수동 593-3,연수 푸르지오 1단지,연수푸르지오1단지,연수 푸르지오 1단지,연수푸르지오1단지,1,아파트,1,117,2011-06-02,한국부동산원_공동주택 단지 식별정보_기본정보_20250918
28185120140531,2818510300105960000,인천광역시,연수구,,연수동,596,인천광역시 연수구 연수동 596,연수 푸르지오 3단지,연수푸르지오3단지,연수 푸르지오 3단지,연수 푸르지오 3단지,1,아파트,1,102,2011-06-02,한국부동산원_공동주택 단지 식별정보_기본정보_20250918
28185100009630,2818510300106330000,인천광역시,연수구,,연수동,633,인천광역시 연수구 연수동 633,대동아파트,대동,,대동아파트,1,아파트,7,768,1993-11-13,한국부동산원_공동주택 단지 식별정보_기본정보_20250918
28185100009641,2818510300106340000,인천광역시,연수구,,연수동,634,인천광역시 연수구 연수동 634,우성아파트,우성2,우성아파트,우성아파트,1,아파트,20,2044,1994-02-27,한국부동산원_공동주택 단지 식별정보_기본정보_20250918
28185100009640,2818510300106350000,인천광역시,연수구,,연수동,635,인천광역시 연수구 연수동 635,연수1차우성아파트,우성1,,연수1차우성아파트,1,아파트,18,1088,1994-09-02,한국부동산원_공동주택 단지 식별정보_기본정보_20250918
28185100009678,2818510400100390001,인천광역시,연수구,,청학동,39-1,인천광역시 연수구 청학동 39-1,송학,송학,,,1,아파트,2,60,1990-10-29,한국부동산원_공동주택 단지 식별정보_기본정보_20250918
28185100009680,2818510400100620001,인천광역시,연수구,,청학동,62-1,인천광역시 연수구 청학동 62-1,영남청학아파트,영남청학,,영남청학아파트,1,아파트,2,45,1990-12-27,한국부동산원_공동주택 단지 식별정보_기본정보_20250918
28185100009675,2818510400104480001,인천광역시,연수구,,청학동,448-1,인천광역시 연수구 청학동 448-1,삼용아파트,삼용,삼용아파트,삼용아파트,1,아파트,3,300,1994-03-12,한국부동산원_공동주택 단지 식별정보_기본정보_20250918
28185100009677,2818510400104490000,인천광역시,연수구,,청학동,449,인천광역시 연수구 청학동 449,성호아파트,성호샤인힐스,성호아파트,성호아파트,1,아파트,7,488,1993-11-30,한국부동산원_공동주택 단지 식별정보_기본정보_20250918
28185100009676,2818510400104500000,인천광역시,연수구,,청학동,450,인천광역시 연수구 청학동 450,서해아파트,서해,,서해아파트,1,아파트,4,294,1993-06-25,한국부동산원_공동주택 단지 식별정보_기본정보_20250918
28185100257861,2818510400104510000,인천광역시,연수구,,청학동,451,인천광역시 연수구 청학동 451,시대아파트,시대,시대아파트,시대아파트,1,아파트,6,916,1994-10-20,한국부동산원_공동주택 단지 식별정보_기본정보_20250918
28185100009682,2818510400104540000,인천광역시,연수구,,청학동,454,인천광역시 연수구 청학동 454,용담마을아파트,용담마을,용담마을아파트,용담마을아파트,1,아파트,14,500,1994-09-14,한국부동산원_공동주택 단지 식별정보_기본정보_20250918
28185100009685,2818510400104550000,인천광역시,연수구,,청학동,455,인천광역시 연수구 청학동 455,연수1차하나아파트,하나타운1,연수1차하나아파트,연수1차하나아파트,1,아파트,8,724,1995-03-30,한국부동산원_공동주택 단지 식별정보_기본정보_20250918
28185120140523,2818510400104990000,인천광역시,연수구,,청학동,499,인천광역시 연수구 청학동 499,연수 푸르지오 4단지,연수푸르지오4단지,연수 푸르지오 4단지,연수 푸르지오 4단지,1,아파트,1,107,2011-06-02,한국부동산원_공동주택 단지 식별정보_기본정보_20250918
28185100009683,2818510400105230007,인천광역시,연수구,,청학동,523-7,인천광역시 연수구 청학동 523-7,청량,청량,,,1,아파트,2,50,1990-10-29,한국부동산원_공동주택 단지 식별정보_기본정보_20250918
28185100009673,2818510400105380012,인천광역시,연수구,,청학동,538-12,인천광역시 연수구 청학동 538-12,동남아파트,동남,동남아파트,동남아파트,1,아파트,2,131,1988-11-29,한국부동산원_공동주택 단지 식별정보_기본정보_20250918
28185100009686,2818510400105450001,인천광역시,연수구,,청학동,545-1,인천광역시 연수구 청학동 545-1,현대아파트,현대,현대아파트,현대아파트,1,아파트,7,420,2000-06-19,한국부동산원_공동주택 단지 식별정보_기본정보_20250918
28185100009684,2818510400105480006,인천광역시,연수구,,청학동,548-6,인천광역시 연수구 청학동 548-6,청학국민아파트,청학국민,청학국민아파트,청학국민아파트,1,아파트,1,45,1984-06-28,한국부동산원_공동주택 단지 식별정보_기본정보_20250918
28185100009679,2818510400105480007,인천광역시,연수구,,청학동,548-7,인천광역시 연수구 청학동 548-7,신성아파트,신성,,신성아파트,1,아파트,2,40,1985-06-29,한국부동산원_공동주택 단지 식별정보_기본정보_20250918
28185100009674,2818510400105590001,인천광역시,연수구,,청학동,559-1,인천광역시 연수구 청학동 559-1,동보아파트,동보,,동보아파트,1,아파트,1,135,1996-06-20,한국부동산원_공동주택 단지 식별정보_기본정보_20250918
28185100257862,2818510400105680001,인천광역시,연수구,,청학동,568-1,인천광역시 연수구 청학동 568-1,청학아파트,청학,,청학아파트,1,아파트,2,330,1993-10-18,한국부동산원_공동주택 단지 식별정보_기본정보_20250918
28185100009603,2818510500109170000,인천광역시,연수구,,동춘동,917,인천광역시 연수구 동춘동 917,롯데아파트,롯데,롯데아파트,롯데아파트,1,아파트,13,320,1993-08-30,한국부동산원_공동주택 단지 식별정보_기본정보_20250918
28185100009608,2818510500109180000,인천광역시,연수구,,동춘동,918,인천광역시 연수구 동춘동 918,조흥아파트,조흥,조흥아파트,조흥아파트,1,아파트,3,97,1997-02-20,한국부동산원_공동주택 단지 식별정보_기본정보_20250918
28185100009613,2818510500109190000,인천광역시,연수구,,동춘동,919,인천광역시 연수구 동춘동 919,하나아파트,하나타운2,하나아파트,하나아파트,1,아파트,9,264,1994-09-29,한국부동산원_공동주택 단지 식별정보_기본정보_20250918
28185100009599,2818510500109200001,인천광역시,연수구,,동춘동,920-1,인천광역시 연수구 동춘동 920-1,"아파트,상가",대우3,"아파트,상가",연수3차대우아파트,1,아파트,11,344,1993-12-11,한국부동산원_공동주택 단지 식별정보_기본정보_20250918
28185100009601,2818510500109210000,인천광역시,연수구,,동춘동,921,인천광역시 연수구 동춘동 921,동춘마을아파트,동춘마을,동춘마을아파트,동춘마을아파트 205동,1,아파트,18,930,1994-07-13,한국부동산원_공동주택 단지 식별정보_기본정보_20250918
28185100009612,2818510500109220000,인천광역시,연수구,,동춘동,922,인천광역시 연수구 동춘동 922,인천연수3차풍림아파트,풍림3,인천연수3차풍림아파트,연수3차풍림아파트,1,아파트,14,440,1993-12-17,한국부동산원_공동주택 단지 식별정보_기본정보_20250918
28185100009594,2818510500109230000,인천광역시,연수구,,동춘동,923,인천광역시 연수구 동춘동 923,연수타운,"연수타운(금호,동아)",연수타운,연수타운,1,아파트,18,1056,1993-04-19,한국부동산원_공동주택 단지 식별정보_기본정보_20250918
28185100009596,2818510500109240000,인천광역시,연수구,,동춘동,924,인천광역시 연수구 동춘동 924,"현대,대림아파트 상가.유치원",대림,"현대,대림아파트 상가.유치원",대림아파트 201동,1,아파트,8,350,1993-08-24,한국부동산원_공동주택 단지 식별정보_기본정보_20250918
28185100009616,2818510500109240000,인천광역시,연수구,,동춘동,924,인천광역시 연수구 동춘동 924,"현대,대림아파트 상가.유치원",현대,"현대,대림아파트 상가.유치원",현대아파트 211동,1,아파트,8,350,1993-08-21,한국부동산원_공동주택 단지 식별정보_기본정보_20250918
28185100009602,2818510500109240003,인천광역시,연수구,,동춘동,924-3,인천광역시 연수구 동춘동 924-3,삼성아파트,자이(xi),삼성아파트,럭키아파트,1,아파트,6,540,1993-11-25,한국부동산원_공동주택 단지 식별정보_기본정보_20250918
28185100009605,2818510500109240003,인천광역시,연수구,,동춘동,924-3,인천광역시 연수구 동춘동 924-3,삼성아파트,래미안,삼성아파트,럭키아파트,1,아파트,6,540,1993-08-16,한국부동산원_공동주택 단지 식별정보_기본정보_20250918
28185100009614,2818510500109250000,인천광역시,연수구,,동춘동,925,인천광역시 연수구 동춘동 925,한양아파트,한양1,한양아파트,한양아파트,1,아파트,11,1020,1994-12-29,한국부동산원_공동주택 단지 식별정보_기본정보_20250918
28185100009598,2818510500109250007,인천광역시,연수구,,동춘동,925-7,인천광역시 연수구 동춘동 925-7,"대우,삼환아파트 전체동",연수대우.삼환,"대우,삼환아파트 전체동",삼환아파트,1,아파트,20,1776,1994-05-30,한국부동산원_공동주택 단지 식별정보_기본정보_20250918
28185100009617,2818510500109280000,인천광역시,연수구,,동춘동,928,인천광역시 연수구 동춘동 928,"현대아파트,현대상가,유치원",현대1,"현대아파트,현대상가,유치원",현대아파트,1,아파트,23,1040,1993-01-21,한국부동산원_공동주택 단지 식별정보_기본정보_20250918
28185100009611,2818510500109290000,인천광역시,연수구,,동춘동,929,인천광역시 연수구 동춘동 929,연수2차풍림아파트,풍림2,연수2차풍림아파트,연수2차풍림아파트,1,아파트,16,1200,1993-06-28,한국부동산원_공동주택 단지 식별정보_기본정보_20250918
28185100009604,2818510500109310000,인천광역시,연수구,,동춘동,931,인천광역시 연수구 동춘동 931,무지개마을,무지개마을,무지개마을,무지개마을,1,아파트,16,1068,1995-08-26,한국부동산원_공동주택 단지 식별정보_기본정보_20250918
28185100009615,2818510500109320000,인천광역시,연수구,,동춘동,932,인천광역시 연수구 동춘동 932,연수2차한양아파트,한양2,연수2차한양아파트,한양아파트,1,아파트,41,1440,1994-06-29,한국부동산원_공동주택 단지 식별정보_기본정보_20250918
28185100009593,2818510500109380000,인천광역시,연수구,,동춘동,938,인천광역시 연수구 동춘동 938,건영아파트,건영,건영아파트,건영아파트,1,아파트,30,970,1994-04-27,한국부동산원_공동주택 단지 식별정보_기본정보_20250918
28185100009609,2818510500109390000,인천광역시,연수구,,동춘동,939,인천광역시 연수구 동춘동 939,태평아파트,태평1,태평아파트,태평아파트,1,아파트,5,192,1992-12-01,한국부동산원_공동주택 단지 식별정보_기본정보_20250918
28185100009597,2818510500109400000,인천광역시,연수구,,동춘동,940,인천광역시 연수구 동춘동 940,대림3차아파트,대림3,대림3차아파트,대림3차아파트,1,아파트,8,408,1993-07-10,한국부동산원_공동주택 단지 식별정보_기본정보_20250918
28185100009595,2818510500109410000,인천광역시,연수구,,동춘동,941,인천광역시 연수구 동춘동 941,대동아파트 및 단지내상가,대동,대동아파트 및 단지내상가,대동아파트,1,아파트,9,336,1994-05-13,한국부동산원_공동주택 단지 식별정보_기본정보_20250918
28185100009607,2818510500109420000,인천광역시,연수구,,동춘동,942,인천광역시 연수구 동춘동 942,아주아파트,아주,아주아파트,아주아파트,1,아파트,7,348,1994-04-27,한국부동산원_공동주택 단지 식별정보_기본정보_20250918
28185100009618,2818510500109430000,인천광역시,연수구,,동춘동,943,인천광역시 연수구 동춘동 943,동남아파트,동남,동남아파트,동남아파트,1,아파트,7,1350,1994-12-08,한국부동산원_공동주택 단지 식별정보_기본정보_20250918
28185100009610,2818510500109610000,인천광역시,연수구,,동춘동,961,인천광역시 연수구 동춘동 961,태평아파트,태평2,태평아파트,태평아파트,1,아파트,2,198,1995-11-22,한국부동산원_공동주택 단지 식별정보_기본정보_20250918
28185120450426,2818510500111310000,인천광역시,연수구,,동춘동,1131,인천광역시 연수구 동춘동 1131,연수 서해그랑블 에듀파크,연수서해그랑블에듀파크, 연수 서해그랑블 에듀파크,,1,아파트,12,641,2024-03-28,한국부동산원_공동주택 단지 식별정보_기본정보_20250918
28185120359594,2818510500111310001,인천광역시,연수구,,동춘동,1131-1,인천광역시 연수구 동춘동 1131-1,연수 서해그랑블 1단지,연수서해그랑블1단지,연수 서해그랑블 1단지,연수 서해그랑블 1단지,1,아파트,14,1043,2017-12-29,한국부동산원_공동주택 단지 식별정보_기본정보_20250918
28185120394027,2818510500111440000,인천광역시,연수구,,동춘동,1144,인천광역시 연수구 동춘동 1144,인천 연수 서해그랑블 3단지,인천연수서해그랑블3단지,인천 연수 서해그랑블 3단지,,1,아파트,4,251,2019-09-25,한국부동산원_공동주택 단지 식별정보_기본정보_20250918
28185120392681,2818510500111480001,인천광역시,연수구,,동춘동,1148-1,인천광역시 연수구 동춘동 1148-1,연수서해그랑블 5단지,연수서해그랑블5단지,연수서해그랑블 5단지,,1,아파트,3,82,2019-07-25,한국부동산원_공동주택 단지 식별정보_기본정보_20250918
28185120385580,2818510500111490000,인천광역시,연수구,,동춘동,1149,인천광역시 연수구 동춘동 1149,서해그랑블 포레스트,서해그랑블포레스트,서해그랑블 포레스트,서해그랑블 포레스트,1,아파트,6,334,2019-04-17,한국부동산원_공동주택 단지 식별정보_기본정보_20250918
28185120387319,2818510500300000000,인천광역시,연수구,,동춘동,가-,인천광역시 연수구 동춘동 가-,송도파크자이,송도파크자이,송도파크자이,송도파크자이,1,아파트,9,1023,2019-05-10,한국부동산원_공동주택 단지 식별정보_기본정보_20250918
28185120385060,2818510500300000000,인천광역시,연수구,,동춘동,가-,인천광역시 연수구 동춘동 가-,송도 동일하이빌 파크포레,송도동일하이빌파크포레,송도 동일하이빌 파크포레,송도 동일하이빌 파크포레,1,아파트,6,281,2019-03-28,한국부동산원_공동주택 단지 식별정보_기본정보_20250918
28185120385061,2818510500300000000,인천광역시,연수구,,동춘동,가-,인천광역시 연수구 동춘동 가-,송도 파크레인 동일하이빌,송도파크레인동일하이빌,송도 파크레인 동일하이빌,송도 파크레인 동일하이빌,1,아파트,11,1180,2019-03-29,한국부동산원_공동주택 단지 식별정보_기본정보_20250918
28185120035652,2818510600100020003,인천광역시,연수구,,송도동,2-3,인천광역시 연수구 송도동 2-3,송도이안,송도이안,송도이안,송도이안,1,아파트,2,108,2006-04-25,한국부동산원_공동주택 단지 식별정보_기본정보_20250918
28185120032035,2818510600100020005,인천광역시,연수구,,송도동,2-5,인천광역시 연수구 송도동 2-5,위드프리상뜨,위드프리상뜨,위드프리상뜨,위드프리상뜨,1,아파트,1,42,2006-02-10,한국부동산원_공동주택 단지 식별정보_기본정보_20250918
28185120009222,2818510600100020007,인천광역시,연수구,,송도동,2-7,인천광역시 연수구 송도동 2-7,송도풍림아이원아파트,송도풍림아이원1단지,송도풍림아이원아파트,송도풍림아이원아파트,1,아파트,18,1024,2005-07-18,한국부동산원_공동주택 단지 식별정보_기본정보_20250918
28185100448861,2818510600100020009,인천광역시,연수구,,송도동,2-9,인천광역시 연수구 송도동 2-9,송도풍림아이원아파트,송도풍림아이원4단지,송도풍림아이원아파트,송도풍림아이원아파트,1,아파트,13,504,2005-03-28,한국부동산원_공동주택 단지 식별정보_기본정보_20250918
28185120048815,2818510600100020012,인천광역시,연수구,,송도동,2-12,인천광역시 연수구 송도동 2-12,송도 성지리벨루스,성지리벨루스,송도 성지리벨루스,송도 성지리벨루스,1,아파트,12,626,2006-06-14,한국부동산원_공동주택 단지 식별정보_기본정보_20250918
28185120009226,2818510600100030010,인천광역시,연수구,,송도동,3-10,인천광역시 연수구 송도동 3-10,송도풍림아이원아파트,송도풍림아이원2단지,송도풍림아이원아파트,송도풍림아이원아파트,1,아파트,14,958,2005-07-18,한국부동산원_공동주택 단지 식별정보_기본정보_20250918
28185120009225,2818510600100030013,인천광역시,연수구,,송도동,3-13,인천광역시 연수구 송도동 3-13,송도풍림아이원아파트,송도풍림아이원3단지,송도풍림아이원아파트,송도풍림아이원아파트,1,아파트,7,504,2005-07-18,한국부동산원_공동주택 단지 식별정보_기본정보_20250918
28185120009224,2818510600100030038,인천광역시,연수구,,송도동,3-38,인천광역시 연수구 송도동 3-38,송도금호 어울림,송도금호어울림,송도금호 어울림,송도금호 어울림,1,아파트,11,510,2005-06-24,한국부동산원_공동주택 단지 식별정보_기본정보_20250918
28185100448862,2818510600100030040,인천광역시,연수구,,송도동,3-40,인천광역시 연수구 송도동 3-40,송도풍림아이원아파트,송도풍림아이원6단지,송도풍림아이원아파트,송도풍림아이원아파트,1,아파트,10,344,2005-03-28,한국부동산원_공동주택 단지 식별정보_기본정보_20250918
28185120039383,2818510600100030044,인천광역시,연수구,,송도동,3-44,인천광역시 연수구 송도동 3-44,송도해모로아파트,송도한진해모로,송도해모로아파트,송도해모로아파트,1,아파트,15,661,2006-05-12,한국부동산원_공동주택 단지 식별정보_기본정보_20250918
28185120009223,2818510600100030046,인천광역시,연수구,,송도동,3-46,인천광역시 연수구 송도동 3-46,아이파크송도,아이파크송도,아이파크송도,아이파크송도,1,아파트,13,616,2005-08-26,한국부동산원_공동주택 단지 식별정보_기본정보_20250918
28185120116346,2818510600100040001,인천광역시,연수구,,송도동,4-1,인천광역시 연수구 송도동 4-1,송도동 4-1,더샵퍼스트월드,송도동 4-1  ,송도 더샵 퍼스트월드,1,아파트,6,1596,2009-01-22,한국부동산원_공동주택 단지 식별정보_기본정보_20250918
28185120126227,2818510600100090005,인천광역시,연수구,,송도동,9-5,인천광역시 연수구 송도동 9-5,송도 웰카운티 4단지,송도웰카운티4단지,송도 웰카운티 4단지,송도 웰카운티 4단지,1,아파트,8,465,2010-02-12,한국부동산원_공동주택 단지 식별정보_기본정보_20250918
28185120126747,2818510600100090006,인천광역시,연수구,,송도동,9-6,인천광역시 연수구 송도동 9-6,웰카운티송도3단지,송도웰카운티3단지,웰카운티송도3단지,웰카운티송도3단지,1,아파트,9,515,2010-03-26,한국부동산원_공동주택 단지 식별정보_기본정보_20250918
28185120071712,2818510600100090029,인천광역시,연수구,,송도동,9-29,인천광역시 연수구 송도동 9-29,송도웰카운티2단지,송도웰카운티2단지,송도웰카운티2단지,송도웰카운티2단지,1,아파트,20,798,2007-08-24,한국부동산원_공동주택 단지 식별정보_기본정보_20250918
28185120090232,2818510600100090031,인천광역시,연수구,,송도동,9-31,인천광역시 연수구 송도동 9-31,송도웰카운티1단지,송도웰카운티1단지,송도웰카운티1단지,송도웰카운티1단지,1,아파트,25,980,2008-02-01,한국부동산원_공동주택 단지 식별정보_기본정보_20250918
28185120412909,2818510600100100030,인천광역시,연수구,,송도동,10-30,인천광역시 연수구 송도동 10-30,송도 SK뷰 센트럴,송도SK뷰센트럴,송도 SK뷰 센트럴,,1,아파트,3,299,2020-10-15,한국부동산원_공동주택 단지 식별정보_기본정보_20250918
28185120123844,2818510600100150002,인천광역시,연수구,,송도동,15-2,인천광역시 연수구 송도동 15-2,더샵 엑스포,더샵엑스포6단지,더샵 엑스포,더샵 엑스포,1,아파트,6,356,2009-09-30,한국부동산원_공동주택 단지 식별정보_기본정보_20250918
28185120162510,2818510600100150010,인천광역시,연수구,,송도동,15-10,인천광역시 연수구 송도동 15-10,송도 더 프라우 2,송도코오롱더프라우3단지,송도 더 프라우 2,송도 더 프라우 2,1,아파트,3,180,2012-07-27,한국부동산원_공동주택 단지 식별정보_기본정보_20250918
28185120123428,2818510600100150011,인천광역시,연수구,,송도동,15-11,인천광역시 연수구 송도동 15-11,송도 코오롱 더 프라우 2단지,송도코오롱더프라우2단지,송도 코오롱 더 프라우 2단지,송도 코오롱 더 프라우 2단지,1,아파트,2,104,2009-07-24,한국부동산원_공동주택 단지 식별정보_기본정보_20250918
28185120123429,2818510600100150012,인천광역시,연수구,,송도동,15-12,인천광역시 연수구 송도동 15-12,송도 코오롱 더 프라우 1단지,송도코오롱더프라우1단지,송도 코오롱 더 프라우 1단지,송도 코오롱 더 프라우 1단지,1,아파트,2,120,2009-07-24,한국부동산원_공동주택 단지 식별정보_기본정보_20250918
28185120123846,2818510600100160004,인천광역시,연수구,,송도동,16-4,인천광역시 연수구 송도동 16-4,더샵 엑스포,더샵엑스포10단지,더샵 엑스포,더샵 엑스포,1,아파트,6,461,2009-09-30,한국부동산원_공동주택 단지 식별정보_기본정보_20250918
28185120123847,2818510600100160006,인천광역시,연수구,,송도동,16-6,인천광역시 연수구 송도동 16-6,더샵 엑스포,더샵엑스포9단지,더샵 엑스포,더샵 엑스포,1,아파트,6,520,2009-09-30,한국부동산원_공동주택 단지 식별정보_기본정보_20250918
28185120161224,2818510600100160007,인천광역시,연수구,,송도동,16-7,인천광역시 연수구 송도동 16-7,송도 더샵 그린애비뉴 8단지,송도더샵그린애비뉴8단지,송도 더샵 그린애비뉴 8단지,송도 더샵 그린애비뉴 8단지,1,아파트,11,540,2012-06-11,한국부동산원_공동주택 단지 식별정보_기본정보_20250918
28185120161388,2818510600100160008,인천광역시,연수구,,송도동,16-8,인천광역시 연수구 송도동 16-8,송도 더샵 그린애비뉴 7단지,송도더샵그린애비뉴7단지,송도 더샵 그린애비뉴 7단지,송도 더샵 그린애비뉴 7단지,1,아파트,10,474,2012-06-11,한국부동산원_공동주택 단지 식별정보_기본정보_20250918
28185120297923,2818510600100170003,인천광역시,연수구,,송도동,17-3,인천광역시 연수구 송도동 17-3,더샵그린워크2차,더샵그린워크2차,더샵그린워크2차,더샵그린워크2차,1,아파트,6,665,2014-08-29,한국부동산원_공동주택 단지 식별정보_기본정보_20250918
28185120137488,2818510600100170005,인천광역시,연수구,,송도동,17-5,인천광역시 연수구 송도동 17-5,송도 더샵 하버뷰,송도더샵하버뷰(D13),송도 더샵 하버뷰,송도 더샵 하버뷰,1,아파트,8,553,2011-04-22,한국부동산원_공동주택 단지 식별정보_기본정보_20250918
28185120326862,2818510600100180005,인천광역시,연수구,,송도동,18-5,인천광역시 연수구 송도동 18-5,송도 더샵 그린워크 3차,송도더샵그린워크3차(17-1블럭),송도 더샵 그린워크 3차,송도 더샵 그린워크 3차,1,아파트,3,358,2015-10-07,한국부동산원_공동주택 단지 식별정보_기본정보_20250918
28185120297704,2818510600100180006,인천광역시,연수구,,송도동,18-6,인천광역시 연수구 송도동 18-6,더샵그린워크1차,더샵그린워크1차,더샵그린워크1차,더샵그린워크1차,1,아파트,6,736,2014-08-29,한국부동산원_공동주택 단지 식별정보_기본정보_20250918
28185120154588,2818510600100180007,인천광역시,연수구,,송도동,18-7,인천광역시 연수구 송도동 18-7,송도 더샵 하버뷰 2,송도더샵하버뷰(D15),송도 더샵 하버뷰 2,송도 더샵 하버뷰 2,1,아파트,8,548,2012-04-23,한국부동산원_공동주택 단지 식별정보_기본정보_20250918
28185120137471,2818510600100180010,인천광역시,연수구,,송도동,18-10,인천광역시 연수구 송도동 18-10,송도 더샵 하버뷰,송도더샵하버뷰(D14),송도 더샵 하버뷰,송도 더샵 하버뷰,1,아파트,4,292,2011-04-22,한국부동산원_공동주택 단지 식별정보_기본정보_20250918
28185120326863,2818510600100190003,인천광역시,연수구,,송도동,19-3,인천광역시 연수구 송도동 19-3,송도더샵그린워크3차,송도더샵그린워크3차(18-1블럭),송도더샵그린워크3차,송도 더샵 그린워크 3차,1,아파트,6,780,2015-10-07,한국부동산원_공동주택 단지 식별정보_기본정보_20250918
28185120137429,2818510600100190005,인천광역시,연수구,,송도동,19-5,인천광역시 연수구 송도동 19-5,송도 푸르지오 하버뷰,송도푸르지오하버뷰,송도 푸르지오 하버뷰,송도 푸르지오 하버뷰,1,아파트,7,593,2011-03-29,한국부동산원_공동주택 단지 식별정보_기본정보_20250918
28185120135534,2818510600100190006,인천광역시,연수구,,송도동,19-6,인천광역시 연수구 송도동 19-6,송도자이하버뷰1단지아파트,송도자이하버뷰1단지,송도자이하버뷰1단지아파트,송도자이하버뷰1단지아파트,1,아파트,8,546,2011-02-23,한국부동산원_공동주택 단지 식별정보_기본정보_20250918
28185120135559,2818510600100190007,인천광역시,연수구,,송도동,19-7,인천광역시 연수구 송도동 19-7,송도자이하버뷰2단지아파트,송도자이하버뷰2단지,송도자이하버뷰2단지아파트,송도자이하버뷰2단지아파트,1,아파트,9,523,2011-02-23,한국부동산원_공동주택 단지 식별정보_기본정보_20250918
28185120452420,2818510600100200004,인천광역시,연수구,,송도동,20-4,인천광역시 연수구 송도동 20-4,송도 아이비원,송도아이비원,송도 아이비원,,1,아파트,8,336,2024-07-30,한국부동산원_공동주택 단지 식별정보_기본정보_20250918
28185120133474,2818510600100200022,인천광역시,연수구,,송도동,20-22,인천광역시 연수구 송도동 20-22,송도 푸르지오 월드마크,송도푸르지오월드마크1단지,송도 푸르지오 월드마크,송도 푸르지오 월드마크,1,아파트,1,100,2010-11-19,한국부동산원_공동주택 단지 식별정보_기본정보_20250918
28185120133584,2818510600100200023,인천광역시,연수구,,송도동,20-23,인천광역시 연수구 송도동 20-23,송도 푸르지오 월드마크,송도푸르지오월드마크2단지,송도 푸르지오 월드마크,송도 푸르지오 월드마크,1,아파트,1,97,2010-11-19,한국부동산원_공동주택 단지 식별정보_기본정보_20250918
28185120447627,2818510600100210016,인천광역시,연수구,,송도동,21-16,인천광역시 연수구 송도동 21-16,월드메르디앙송도,월드메르디앙송도,월드메르디앙송도,,1,아파트,1,128,2023-08-31,한국부동산원_공동주택 단지 식별정보_기본정보_20250918
28185120435258,2818510600100210028,인천광역시,연수구,,송도동,21-28,인천광역시 연수구 송도동 21-28,더퍼스트시티송도,더퍼스트시티송도,,더퍼스트시티송도,1,아파트,1,144,2022-05-11,한국부동산원_공동주택 단지 식별정보_기본정보_20250918
28185120430345,2818510600100210034,인천광역시,연수구,,송도동,21-34,인천광역시 연수구 송도동 21-34,송도 대경 스위트리아 파크뷰,송도대경스위트리아파크뷰,송도 대경 스위트리아 파크뷰,송도 대경 스위트리아 파크뷰,1,아파트,1,64,2021-11-22,한국부동산원_공동주택 단지 식별정보_기본정보_20250918
28185120135332,2818510600100210059,인천광역시,연수구,,송도동,21-59,인천광역시 연수구 송도동 21-59,인천송도힐스테이트,인천송도힐스테이트3단지,인천송도힐스테이트,인천송도힐스테이트,1,아파트,2,118,2011-01-17,한국부동산원_공동주택 단지 식별정보_기본정보_20250918
28185120135403,2818510600100210060,인천광역시,연수구,,송도동,21-60,인천광역시 연수구 송도동 21-60,인천송도힐스테이트,인천송도힐스테이트4단지,인천송도힐스테이트,인천송도힐스테이트,1,아파트,2,118,2011-01-17,한국부동산원_공동주택 단지 식별정보_기본정보_20250918
28185120135280,2818510600100210064,인천광역시,연수구,,송도동,21-64,인천광역시 연수구 송도동 21-64,인천송도힐스테이트,인천송도힐스테이트5단지,인천송도힐스테이트,인천송도힐스테이트,1,아파트,2,118,2011-01-17,한국부동산원_공동주택 단지 식별정보_기본정보_20250918
28185120135329,2818510600100210065,인천광역시,연수구,,송도동,21-65,인천광역시 연수구 송도동 21-65,인천송도힐스테이트,인천송도힐스테이트6단지,인천송도힐스테이트,인천송도힐스테이트,1,아파트,2,122,2011-01-17,한국부동산원_공동주택 단지 식별정보_기본정보_20250918
28185120442901,2818510600100220006,인천광역시,연수구,,송도동,22-6,인천광역시 연수구 송도동 22-6,송도 아리스타프라임 아파트,송도아리스타프라임아파트,송도 아리스타프라임 아파트,,1,아파트,1,90,2023-02-24,한국부동산원_공동주택 단지 식별정보_기본정보_20250918
28185120448095,2818510600100220012,인천광역시,연수구,,송도동,22-12,인천광역시 연수구 송도동 22-12,송도 센트럴파크 리버리치,송도센트럴파크리버리치,송도 센트럴파크 리버리치,,1,아파트,1,96,2023-10-19,한국부동산원_공동주택 단지 식별정보_기본정보_20250918
28185120351122,2818510600100220018,인천광역시,연수구,,송도동,22-18,인천광역시 연수구 송도동 22-18,스위트리아 송도,스위트리아송도,스위트리아 송도,스위트리아 송도,1,아파트,1,48,2017-05-12,한국부동산원_공동주택 단지 식별정보_기본정보_20250918
28185120133544,2818510600100220021,인천광역시,연수구,,송도동,22-21,인천광역시 연수구 송도동 22-21,송도 푸르지오 월드마크,송도푸르지오월드마크7단지,송도 푸르지오 월드마크,송도 푸르지오 월드마크,1,아파트,1,95,2010-11-19,한국부동산원_공동주택 단지 식별정보_기본정보_20250918
28185120133522,2818510600100220022,인천광역시,연수구,,송도동,22-22,인천광역시 연수구 송도동 22-22,송도 푸르지오 월드마크,송도푸르지오월드마크8단지,송도 푸르지오 월드마크,송도 푸르지오 월드마크,1,아파트,1,116,2010-11-19,한국부동산원_공동주택 단지 식별정보_기본정보_20250918
28185120133279,2818510600100230003,인천광역시,연수구,,송도동,23-3,인천광역시 연수구 송도동 23-3,더샵센트럴파크1,더샵센트럴파크1,더샵센트럴파크1,더샵센트럴파크1,1,아파트,3,729,2010-11-17,한국부동산원_공동주택 단지 식별정보_기본정보_20250918
28185120142089,2818510600100230004,인천광역시,연수구,,송도동,23-4,인천광역시 연수구 송도동 23-4,더샵센트럴파크2,더샵센트럴파크2,더샵센트럴파크2,더샵센트럴파크2,1,아파트,3,632,2011-08-25,한국부동산원_공동주택 단지 식별정보_기본정보_20250918
28185120322447,2818510600100230005,인천광역시,연수구,,송도동,23-5,인천광역시 연수구 송도동 23-5,송도 센트럴파크 푸르지오,송도센트럴파크푸르지오,송도 센트럴파크 푸르지오,송도 센트럴파크 푸르지오,1,아파트,3,551,2015-06-26,한국부동산원_공동주택 단지 식별정보_기본정보_20250918
28185120448077,2818510600100300001,인천광역시,연수구,,송도동,30-1,인천광역시 연수구 송도동 30-1,디에트르 송도 시그니처뷰,디에트르송도시그니처뷰,디에트르 송도 시그니처뷰,,1,아파트,4,578,2023-09-26,한국부동산원_공동주택 단지 식별정보_기본정보_20250918
28185120451480,2818510600100300002,인천광역시,연수구,,송도동,30-2,인천광역시 연수구 송도동 30-2,힐스테이트 송도 더스카이,힐스테이트송도더스카이,힐스테이트 송도 더스카이,,1,아파트,5,1205,2024-05-29,한국부동산원_공동주택 단지 식별정보_기본정보_20250918
28185120324721,2818510600100330001,인천광역시,연수구,,송도동,33-1,인천광역시 연수구 송도동 33-1,송도아트윈푸르지오,송도아트윈푸르지오,,,1,아파트,2,999,2015-08-27,한국부동산원_공동주택 단지 식별정보_기본정보_20250918
28185120442121,2818510600100920000,인천광역시,연수구,,송도동,92,인천광역시 연수구 송도동 92,더샵송도센트럴파크Ⅲ,더샵송도센트럴파크Ⅲ,더샵송도센트럴파크Ⅲ,더샵송도센트럴파크Ⅲ,1,아파트,2,351,2022-12-30,한국부동산원_공동주택 단지 식별정보_기본정보_20250918
28185120358882,2818510600101000000,인천광역시,연수구,,송도동,100,인천광역시 연수구 송도동 100,송도 더샵 퍼스트파크 F13-1BL,송도더샵퍼스트파크F13-1BL,송도 더샵 퍼스트파크 F13-1BL,송도 더샵 퍼스트파크 F13-1BL,1,아파트,5,856,2017-11-17,한국부동산원_공동주택 단지 식별정보_기본정보_20250918
28185120358883,2818510600101010000,인천광역시,연수구,,송도동,101,인천광역시 연수구 송도동 101,송도 더샵 퍼스트파크 F14BL,송도더샵퍼스트파크F14BL,송도 더샵 퍼스트파크 F14BL,송도 더샵 퍼스트파크 F14BL,1,아파트,5,869,2017-11-17,한국부동산원_공동주택 단지 식별정보_기본정보_20250918
28185120358884,2818510600101020000,인천광역시,연수구,,송도동,102,인천광역시 연수구 송도동 102,송도 더샵 퍼스트파크 F15BL,송도더샵퍼스트파크F15BL,송도 더샵 퍼스트파크 F15BL,송도 더샵 퍼스트파크 F15BL,1,아파트,5,872,2017-11-17,한국부동산원_공동주택 단지 식별정보_기본정보_20250918
28185120381455,2818510600101030000,인천광역시,연수구,,송도동,103,인천광역시 연수구 송도동 103,송도 더샵 파크애비뉴,송도더샵파크애비뉴,송도 더샵 파크애비뉴,송도 더샵 파크애비뉴,1,아파트,4,668,2018-11-22,한국부동산원_공동주택 단지 식별정보_기본정보_20250918
28185120443940,2818510600101050002,인천광역시,연수구,,송도동,105-2,인천광역시 연수구 송도동 105-2,더샵 송도센터니얼,더샵송도센터니얼,더샵 송도센터니얼,더샵 송도센터니얼,1,아파트,4,342,2023-04-10,한국부동산원_공동주택 단지 식별정보_기본정보_20250918
28185120438545,2818510600101090000,인천광역시,연수구,,송도동,109,인천광역시 연수구 송도동 109,더샵 송도프라임뷰 20BL,더샵송도프라임뷰20BL,더샵 송도프라임뷰 20BL,더샵 송도프라임뷰 20BL,1,아파트,5,662,2022-07-29,한국부동산원_공동주택 단지 식별정보_기본정보_20250918
28185120323695,2818510600101100000,인천광역시,연수구,,송도동,110,인천광역시 연수구 송도동 110,송도 더샵 마스터뷰 21BL,송도더샵마스터뷰21BL,송도 더샵 마스터뷰 21BL,송도 더샵 마스터뷰 21BL,1,아파트,6,692,2015-07-29,한국부동산원_공동주택 단지 식별정보_기본정보_20250918
28185120323453,2818510600101110000,인천광역시,연수구,,송도동,111,인천광역시 연수구 송도동 111,송도 더샵 마스터뷰 22BL,송도더샵마스터뷰22BL,송도 더샵 마스터뷰 22BL,송도 더샵 마스터뷰 22BL,1,아파트,6,691,2015-07-29,한국부동산원_공동주택 단지 식별정보_기본정보_20250918
28185120323450,2818510600101120000,인천광역시,연수구,,송도동,112,인천광역시 연수구 송도동 112,송도 더샵 마스터뷰 23-1BL,송도더샵마스터뷰23-1BL,송도 더샵 마스터뷰 23-1BL,송도 더샵 마스터뷰 23-1BL,1,아파트,5,478,2015-07-29,한국부동산원_공동주택 단지 식별정보_기본정보_20250918
28185120429771,2818510600101140000,인천광역시,연수구,,송도동,114,인천광역시 연수구 송도동 114,더샵 송도프라임뷰 25BL,더샵송도프라임뷰25BL,더샵 송도프라임뷰 25BL,,1,아파트,4,164,2021-10-29,한국부동산원_공동주택 단지 식별정보_기본정보_20250918
28185120334207,2818510600101490000,인천광역시,연수구,,송도동,149,인천광역시 연수구 송도동 149,롯데캐슬 캠퍼스타운,롯데캐슬캠퍼스타운,롯데캐슬 캠퍼스타운,롯데캐슬 캠퍼스타운,1,아파트,6,1230,2016-03-10,한국부동산원_공동주택 단지 식별정보_기본정보_20250918
28185120166292,2818510600101500000,인천광역시,연수구,,송도동,150,인천광역시 연수구 송도동 150,롯데캐슬,롯데캐슬,롯데캐슬,롯데캐슬,1,아파트,6,643,2012-10-25,한국부동산원_공동주택 단지 식별정보_기본정보_20250918
28185120376353,2818510600101550000,인천광역시,연수구,,송도동,155,인천광역시 연수구 송도동 155,송도아메리칸타운아이파크,송도아메리칸타운아이파크,송도아메리칸타운아이파크,송도아메리칸타운아이파크,1,아파트,3,830,2018-10-26,한국부동산원_공동주택 단지 식별정보_기본정보_20250918
28185120167436,2818510600101570000,인천광역시,연수구,,송도동,157,인천광역시 연수구 송도동 157,송도 해모로월드뷰 아파트,해모로월드뷰,송도 해모로월드뷰 아파트,송도 해모로월드뷰 아파트,1,아파트,5,638,2012-12-03,한국부동산원_공동주택 단지 식별정보_기본정보_20250918
28185120275655,2818510600101610003,인천광역시,연수구,,송도동,161-3,인천광역시 연수구 송도동 161-3,송도 캐슬&해모로,송도캐슬&해모로,송도 캐슬&해모로,송도 캐슬&해모로,1,아파트,13,1439,2013-09-30,한국부동산원_공동주택 단지 식별정보_기본정보_20250918
28185120276673,2818510600101900002,인천광역시,연수구,,송도동,190-2,인천광역시 연수구 송도동 190-2,글로벌 캠퍼스 푸르지오,글로벌캠퍼스푸르지오,글로벌 캠퍼스 푸르지오,글로벌 캠퍼스 푸르지오,1,아파트,10,1703,2013-10-15,한국부동산원_공동주택 단지 식별정보_기본정보_20250918
28185120375466,2818510600101900004,인천광역시,연수구,,송도동,190-4,인천광역시 연수구 송도동 190-4,송도 더샵 센트럴시티,송도더샵센트럴시티,송도 더샵 센트럴시티,송도 더샵 센트럴시티,1,아파트,15,2610,2018-09-21,한국부동산원_공동주택 단지 식별정보_기본정보_20250918
28185120358885,2818510600101910002,인천광역시,연수구,,송도동,191-2,인천광역시 연수구 송도동 191-2,송도 글로벌파크 베르디움,송도글로벌파크베르디움,송도 글로벌파크 베르디움,,1,아파트,9,1153,2017-11-01,한국부동산원_공동주택 단지 식별정보_기본정보_20250918
28185120341807,2818510600101910004,인천광역시,연수구,,송도동,191-4,인천광역시 연수구 송도동 191-4,송도 에듀포레 푸르지오,송도에듀포레푸르지오,송도 에듀포레 푸르지오,송도 에듀포레 푸르지오,1,아파트,8,1406,2016-08-25,한국부동산원_공동주택 단지 식별정보_기본정보_20250918
28185120286928,2818510600101920001,인천광역시,연수구,,송도동,192-1,인천광역시 연수구 송도동 192-1,더샵  그린스퀘어,더샵그린스퀘어,더샵  그린스퀘어,더샵  그린스퀘어,1,아파트,12,1516,2014-03-11,한국부동산원_공동주택 단지 식별정보_기본정보_20250918
28185120347624,2818510600101920008,인천광역시,연수구,,송도동,192-8,인천광역시 연수구 송도동 192-8,베르디움 더퍼스트,베르디움더퍼스트,베르디움 더퍼스트,베르디움 더퍼스트,1,아파트,15,1834,2017-02-01,한국부동산원_공동주택 단지 식별정보_기본정보_20250918
28185120411147,2818510600103080001,인천광역시,연수구,,송도동,308-1,인천광역시 연수구 송도동 308-1,더샵송도 마리나베이,더샵송도마리나베이,더샵송도 마리나베이,,1,아파트,25,3100,2020-07-13,한국부동산원_공동주택 단지 식별정보_기본정보_20250918
28185120400482,2818510600103100001,인천광역시,연수구,,송도동,310-1,인천광역시 연수구 송도동 310-1,송도 오션파크 베르디움,송도오션파크베르디움,송도 오션파크 베르디움,호반베르디움 에듀시티,1,아파트,10,1530,2020-02-14,한국부동산원_공동주택 단지 식별정보_기본정보_20250918
28185120411148,2818510600103110000,인천광역시,연수구,,송도동,311,인천광역시 연수구 송도동 311,랜드마크시티 센트럴 더샵,랜드마크시티센트럴더샵,랜드마크시티 센트럴 더샵,,1,아파트,8,2230,2020-07-16,한국부동산원_공동주택 단지 식별정보_기본정보_20250918
28185120442696,2818510600103120001,인천광역시,연수구,,송도동,312-1,인천광역시 연수구 송도동 312-1,송도동 312-1외1필-호반 써밋 송도,호반써밋송도,송도동 312-1외1필-호반 써밋 송도,,1,아파트,7,1820,2023-02-14,한국부동산원_공동주택 단지 식별정보_기본정보_20250918
28185120392969,2818510600103150001,인천광역시,연수구,,송도동,315-1,인천광역시 연수구 송도동 315-1,송도 SK VIEW,송도SKVIEW,송도 SK VIEW,송도 SK VIEW,1,아파트,11,2100,2019-07-09,한국부동산원_공동주택 단지 식별정보_기본정보_20250918
28185120380778,2818510600103190001,인천광역시,연수구,,송도동,319-1,인천광역시 연수구 송도동 319-1,e편한세상 송도,e편한세상송도,e편한세상 송도,e편한세상 송도,1,아파트,15,2708,2018-11-06,한국부동산원_공동주택 단지 식별정보_기본정보_20250918
28185120451902,2818510600103960007,인천광역시,연수구,,송도동,396-7,인천광역시 연수구 송도동 396-7,송도자이크리스탈오션,송도자이크리스탈오션,송도자이크리스탈오션,,1,아파트,9,1503,2024-06-27,한국부동산원_공동주택 단지 식별정보_기본정보_20250918
28185120453802,2818510600103960011,인천광역시,연수구,,송도동,396-11,인천광역시 연수구 송도동 396-11,송도자이 더 스타,송도자이더스타,송도자이 더 스타,,1,아파트,9,1533,2024-12-27,한국부동산원_공동주택 단지 식별정보_기본정보_20250918
28185120448547,2818510600103970005,인천광역시,연수구,,송도동,397-5,인천광역시 연수구 송도동 397-5,힐스테이트 레이크 송도 3차,힐스테이트레이크송도3차,힐스테이트 레이크 송도 3차,,1,아파트,8,1100,2023-10-24,한국부동산원_공동주택 단지 식별정보_기본정보_20250918
28185120400200,2818510600103970008,인천광역시,연수구,,송도동,397-8,인천광역시 연수구 송도동 397-8,힐스테이트 레이크 송도 2차,힐스테이트레이크송도2차,힐스테이트 레이크 송도 2차,힐스테이트 레이크 송도 2차,1,아파트,9,889,2020-01-31,한국부동산원_공동주택 단지 식별정보_기본정보_20250918
28185120392974,2818510600103970011,인천광역시,연수구,,송도동,397-11,인천광역시 연수구 송도동 397-11,힐스테이트레이크송도,힐스테이트레이크송도1차,힐스테이트레이크송도,힐스테이트레이크송도,1,아파트,9,886,2019-06-27,한국부동산원_공동주택 단지 식별정보_기본정보_20250918
28200120061573,2820010100100060003,인천광역시,남동구,,구월동,6-3,인천광역시 남동구 구월동 6-3,두드림아파트,두드림,두드림아파트,두드림아파트,1,아파트,1,91,2006-12-28,한국부동산원_공동주택 단지 식별정보_기본정보_20250918
28200120072065,2820010100100200000,인천광역시,남동구,,구월동,20,인천광역시 남동구 구월동 20,구월 힐스테이트,구월힐스테이트3단지,구월 힐스테이트,구월 힐스테이트,1,아파트,5,474,2007-08-07,한국부동산원_공동주택 단지 식별정보_기본정보_20250918
28200120072066,2820010100100230000,인천광역시,남동구,,구월동,23,인천광역시 남동구 구월동 23,구월힐스테이트/롯데캐슬골드,구월힐스테이트1단지,구월힐스테이트/롯데캐슬골드,구월 힐스테이트,1,아파트,60,5076,2007-08-01,한국부동산원_공동주택 단지 식별정보_기본정보_20250918
28200120072067,2820010100100240000,인천광역시,남동구,,구월동,24,인천광역시 남동구 구월동 24,롯데캐슬골드,롯데캐슬골드,롯데캐슬골드,롯데캐슬골드,1,아파트,38,3384,2007-08-01,한국부동산원_공동주택 단지 식별정보_기본정보_20250918
28200100218795,2820010100102010034,인천광역시,남동구,,구월동,201-34,인천광역시 남동구 구월동 201-34,중앙아파트,중앙(201-34),중앙아파트,중앙아파트,1,아파트,1,19,2003-05-16,한국부동산원_공동주택 단지 식별정보_기본정보_20250918
28200100008966,2820010100102580000,인천광역시,남동구,,구월동,258,인천광역시 남동구 구월동 258,구월팬더아파트,팬더,구월팬더아파트,구월팬더아파트,1,아파트,8,946,1991-12-26,한국부동산원_공동주택 단지 식별정보_기본정보_20250918
28200100008950,2820010100102600005,인천광역시,남동구,,구월동,260-5,인천광역시 남동구 구월동 260-5,동아아파트,동아(260-5),동아아파트,동아아파트,1,아파트,3,486,1991-10-18,한국부동산원_공동주택 단지 식별정보_기본정보_20250918
28200100218796,2820010100102850012,인천광역시,남동구,,구월동,285-12,인천광역시 남동구 구월동 285-12,영빈맨션아파트,영빈맨션,영빈맨션아파트,영빈맨션아파트,1,아파트,1,18,2004-02-10,한국부동산원_공동주택 단지 식별정보_기본정보_20250918
28200100008949,2820010100102870000,인천광역시,남동구,,구월동,287,인천광역시 남동구 구월동 287,동남아파트,동남,,동남아파트,1,아파트,3,168,1991-05-06,한국부동산원_공동주택 단지 식별정보_기본정보_20250918
28200100008957,2820010100103420001,인천광역시,남동구,,구월동,342-1,인천광역시 남동구 구월동 342-1,신세계아파트,신세계,,신세계아파트,1,아파트,5,700,1980-05-20,한국부동산원_공동주택 단지 식별정보_기본정보_20250918
28200100050985,2820010100106200003,인천광역시,남동구,,구월동,620-3,인천광역시 남동구 구월동 620-3,듀크빌,듀크빌(102동),듀크빌,듀크빌,1,아파트,1,19,2003-08-01,한국부동산원_공동주택 단지 식별정보_기본정보_20250918
28200100050982,2820010100106200017,인천광역시,남동구,,구월동,620-17,인천광역시 남동구 구월동 620-17,듀크빌,듀크빌(101동),듀크빌,듀크빌,1,아파트,1,19,2003-08-01,한국부동산원_공동주택 단지 식별정보_기본정보_20250918
28200120167995,2820010100111240003,인천광역시,남동구,,구월동,1124-3,인천광역시 남동구 구월동 1124-3,룩소르 빌딩,룩소르빌딩,룩소르 빌딩,,1,아파트,1,26,2012-12-28,한국부동산원_공동주택 단지 식별정보_기본정보_20250918
28200120164737,2820010100111240005,인천광역시,남동구,,구월동,1124-5,인천광역시 남동구 구월동 1124-5,리치캐슬,리치캐슬,리치캐슬,,1,아파트,1,94,2012-09-24,한국부동산원_공동주택 단지 식별정보_기본정보_20250918
28200120294742,2820010100111240008,인천광역시,남동구,,구월동,1124-8,인천광역시 남동구 구월동 1124-8,구월베스티움,구월베스티움,구월베스티움,구월베스티움,1,아파트,1,57,2014-07-03,한국부동산원_공동주택 단지 식별정보_기본정보_20250918
28200100608055,2820010100111250000,인천광역시,남동구,,구월동,1125,인천광역시 남동구 구월동 1125,세연베르빌,세연베르빌,,,1,아파트,1,19,2002-10-26,한국부동산원_공동주택 단지 식별정보_기본정보_20250918
28200120102092,2820010100111250002,인천광역시,남동구,,구월동,1125-2,인천광역시 남동구 구월동 1125-2,아리수아파트,아리수,아리수아파트,아리수아파트,1,아파트,1,7,2008-10-15,한국부동산원_공동주택 단지 식별정보_기본정보_20250918
28200120142649,2820010100111250003,인천광역시,남동구,,구월동,1125-3,인천광역시 남동구 구월동 1125-3,M타워-2,M타워2,M타워-2,M타워-2,1,아파트,1,41,2011-09-29,한국부동산원_공동주택 단지 식별정보_기본정보_20250918
28200120323181,2820010100111250005,인천광역시,남동구,,구월동,1125-5,인천광역시 남동구 구월동 1125-5,캐슬베리,캐슬베리,,,1,아파트,1,30,2015-07-15,한국부동산원_공동주택 단지 식별정보_기본정보_20250918
28200120119474,2820010100111250008,인천광역시,남동구,,구월동,1125-8,인천광역시 남동구 구월동 1125-8,필하우스,필하우스,필하우스,필하우스,1,아파트,1,14,2009-05-07,한국부동산원_공동주택 단지 식별정보_기본정보_20250918
28200120142642,2820010100111250010,인천광역시,남동구,,구월동,1125-10,인천광역시 남동구 구월동 1125-10,M타워-1,M타워1,M타워-1,M타워-1,1,아파트,1,41,2011-09-29,한국부동산원_공동주택 단지 식별정보_기본정보_20250918
28200120331782,2820010100111280000,인천광역시,남동구,,구월동,1128,인천광역시 남동구 구월동 1128,탑클래스,탑클래스,탑클래스,,1,아파트,1,56,2016-01-19,한국부동산원_공동주택 단지 식별정보_기본정보_20250918
28200120163764,2820010100111280001,인천광역시,남동구,,구월동,1128-1,인천광역시 남동구 구월동 1128-1,아트뷰 주상복합,아트뷰,아트뷰 주상복합,,1,아파트,1,126,2012-09-12,한국부동산원_공동주택 단지 식별정보_기본정보_20250918
28200120159053,2820010100111290000,인천광역시,남동구,,구월동,1129,인천광역시 남동구 구월동 1129,아델라이,아델라이,,,1,아파트,1,116,2012-06-12,한국부동산원_공동주택 단지 식별정보_기본정보_20250918
28200120292347,2820010100111290001,인천광역시,남동구,,구월동,1129-1,인천광역시 남동구 구월동 1129-1,구월3룩소르빌딩,룩소르빌딩(1129-1),구월3룩소르빌딩,구월3룩소르빌딩,1,아파트,1,80,2014-05-28,한국부동산원_공동주택 단지 식별정보_기본정보_20250918
28200120340726,2820010100111290008,인천광역시,남동구,,구월동,1129-8,인천광역시 남동구 구월동 1129-8,구월룩소르주상복합아파트,구월룩소르주상복합아파트,구월룩소르주상복합아파트,,1,아파트,1,56,2016-07-29,한국부동산원_공동주택 단지 식별정보_기본정보_20250918
28200120330222,2820010100111290020,인천광역시,남동구,,구월동,1129-20,인천광역시 남동구 구월동 1129-20,로드힐,로드힐,로드힐,,1,아파트,1,39,2015-12-11,한국부동산원_공동주택 단지 식별정보_기본정보_20250918
28200120339506,2820010100111290021,인천광역시,남동구,,구월동,1129-21,인천광역시 남동구 구월동 1129-21,하비스트2,하비스트2,,,1,아파트,1,28,2016-06-29,한국부동산원_공동주택 단지 식별정보_기본정보_20250918
28200120383662,2820010100111310010,인천광역시,남동구,,구월동,1131-10,인천광역시 남동구 구월동 1131-10,하늘지움2차,하늘지움2차,하늘지움2차,,1,아파트,1,18,2019-01-30,한국부동산원_공동주택 단지 식별정보_기본정보_20250918
28200120340132,2820010100111310018,인천광역시,남동구,,구월동,1131-18,인천광역시 남동구 구월동 1131-18,구월프라움아트,구월프라움아트,구월프라움아트,구월프라움아트,1,아파트,1,244,2016-07-27,한국부동산원_공동주택 단지 식별정보_기본정보_20250918
28200120335989,2820010100111320006,인천광역시,남동구,,구월동,1132-6,인천광역시 남동구 구월동 1132-6,DS더웰가,DS더웰가,DS더웰가,,1,아파트,1,51,2016-05-04,한국부동산원_공동주택 단지 식별정보_기본정보_20250918
28200120161525,2820010100111320011,인천광역시,남동구,,구월동,1132-11,인천광역시 남동구 구월동 1132-11,"구월동 1132-11,12 주상복합빌딩",중앙헤리티지,"구월동 1132-11,12 주상복합빌딩",,1,아파트,1,143,2012-07-04,한국부동산원_공동주택 단지 식별정보_기본정보_20250918
28200120360501,2820010100111320015,인천광역시,남동구,,구월동,1132-15,인천광역시 남동구 구월동 1132-15,하늘지움,하늘지움,하늘지움,,1,아파트,1,54,2018-01-31,한국부동산원_공동주택 단지 식별정보_기본정보_20250918
28200120321907,2820010100111330000,인천광역시,남동구,,구월동,1133,인천광역시 남동구 구월동 1133,현대홈타운,현대홈타운,현대홈타운,현대홈타운,1,아파트,1,50,2015-06-24,한국부동산원_공동주택 단지 식별정보_기본정보_20250918
28200120354754,2820010100111330003,인천광역시,남동구,,구월동,1133-3,인천광역시 남동구 구월동 1133-3,메종야베스,메종야베스,메종야베스,,1,아파트,1,26,2017-07-07,한국부동산원_공동주택 단지 식별정보_기본정보_20250918
28200120354755,2820010100111330004,인천광역시,남동구,,구월동,1133-4,인천광역시 남동구 구월동 1133-4,더클래스Ⅱ-A동,더클래스Ⅱ-A동,더클래스Ⅱ-A동,더클래스Ⅱ-A동,1,아파트,1,27,2017-07-05,한국부동산원_공동주택 단지 식별정보_기본정보_20250918
28200120354756,2820010100111330006,인천광역시,남동구,,구월동,1133-6,인천광역시 남동구 구월동 1133-6,더클레스Ⅱ-B동,더클레스Ⅱ-B동,더클레스Ⅱ-B동,더클레스Ⅱ-B동,1,아파트,1,27,2017-07-05,한국부동산원_공동주택 단지 식별정보_기본정보_20250918
28200120321186,2820010100111330008,인천광역시,남동구,,구월동,1133-8,인천광역시 남동구 구월동 1133-8,더웰메이드,더웰메이드,,,1,아파트,1,36,2015-06-12,한국부동산원_공동주택 단지 식별정보_기본정보_20250918
28200120446729,2820010100111340006,인천광역시,남동구,,구월동,1134-6,인천광역시 남동구 구월동 1134-6,드림타운,드림타운,드림타운,,1,아파트,1,30,2023-07-03,한국부동산원_공동주택 단지 식별정보_기본정보_20250918
28200120147031,2820010100111350009,인천광역시,남동구,,구월동,1135-9,인천광역시 남동구 구월동 1135-9,유-프라우스,유-프라우스,유-프라우스,,1,아파트,1,54,2011-12-30,한국부동산원_공동주택 단지 식별정보_기본정보_20250918
28200120322545,2820010100111350015,인천광역시,남동구,,구월동,1135-15,인천광역시 남동구 구월동 1135-15,구월프라움시티,구월프라움시티,구월프라움시티,구월프라움시티,1,아파트,2,240,2015-06-30,한국부동산원_공동주택 단지 식별정보_기본정보_20250918
28200120355534,2820010100111360003,인천광역시,남동구,,구월동,1136-3,인천광역시 남동구 구월동 1136-3,위너스타워,위너스타워,,,1,아파트,1,48,2017-07-26,한국부동산원_공동주택 단지 식별정보_기본정보_20250918
28200120316396,2820010100111360007,인천광역시,남동구,,구월동,1136-7,인천광역시 남동구 구월동 1136-7,해드림아파트,해드림,해드림아파트,해드림아파트,1,아파트,1,45,2015-04-24,한국부동산원_공동주택 단지 식별정보_기본정보_20250918
28200120363169,2820010100111420002,인천광역시,남동구,,구월동,1142-2,인천광역시 남동구 구월동 1142-2,대명어반스테이,대명어반스테이,대명어반스테이,대명어반스테이,1,아파트,1,144,2018-04-25,한국부동산원_공동주택 단지 식별정보_기본정보_20250918
28200120297658,2820010100111420012,인천광역시,남동구,,구월동,1142-12,인천광역시 남동구 구월동 1142-12,골드클래스,골드클래스,골드클래스,,1,아파트,1,28,2014-09-04,한국부동산원_공동주택 단지 식별정보_기본정보_20250918
28200120312682,2820010100111420021,인천광역시,남동구,,구월동,1142-21,인천광역시 남동구 구월동 1142-21,나이스뷰,나이스뷰,나이스뷰,,1,아파트,1,144,2015-02-06,한국부동산원_공동주택 단지 식별정보_기본정보_20250918
28200120313280,2820010100111420025,인천광역시,남동구,,구월동,1142-25,인천광역시 남동구 구월동 1142-25,더웰,더웰,더웰,더웰,1,아파트,1,44,2015-03-03,한국부동산원_공동주택 단지 식별정보_기본정보_20250918
28200120313885,2820010100111430002,인천광역시,남동구,,구월동,1143-2,인천광역시 남동구 구월동 1143-2,센트럴타워,센트럴타워,센트럴타워,,1,아파트,1,18,2015-03-31,한국부동산원_공동주택 단지 식별정보_기본정보_20250918
28200120324158,2820010100111430011,인천광역시,남동구,,구월동,1143-11,인천광역시 남동구 구월동 1143-11,퍼스트클래스,퍼스트클래스,,,1,아파트,1,24,2015-08-25,한국부동산원_공동주택 단지 식별정보_기본정보_20250918
28200120347621,2820010100111430013,인천광역시,남동구,,구월동,1143-13,인천광역시 남동구 구월동 1143-13,지앤수,지앤수,지앤수,,1,아파트,1,24,2017-02-07,한국부동산원_공동주택 단지 식별정보_기본정보_20250918
28200120183117,2820010100111430031,인천광역시,남동구,,구월동,1143-31,인천광역시 남동구 구월동 1143-31,에코라이프 주상복합,에코라이프주상복합,에코라이프 주상복합,에코라이프 주상복합,1,아파트,1,78,2013-09-05,한국부동산원_공동주택 단지 식별정보_기본정보_20250918
28200120286513,2820010100111430034,인천광역시,남동구,,구월동,1143-34,인천광역시 남동구 구월동 1143-34,구월동 파라디아 빌딩,구월동파라디아빌딩,구월동 파라디아 빌딩,구월동 파라디아 빌딩,1,아파트,1,125,2014-02-27,한국부동산원_공동주택 단지 식별정보_기본정보_20250918
28200120161402,2820010100111440002,인천광역시,남동구,,구월동,1144-2,인천광역시 남동구 구월동 1144-2,룩소르빌딩,룩소르,룩소르빌딩,,1,아파트,1,20,2012-06-26,한국부동산원_공동주택 단지 식별정보_기본정보_20250918
28200120321146,2820010100111440010,인천광역시,남동구,,구월동,1144-10,인천광역시 남동구 구월동 1144-10,룩소르주상복합아파트,룩소르주상복합,룩소르주상복합아파트,룩소르주상복합아파트,1,아파트,1,80,2015-06-12,한국부동산원_공동주택 단지 식별정보_기본정보_20250918
28200120402376,2820010100111460000,인천광역시,남동구,,구월동,1146,인천광역시 남동구 구월동 1146,마커스,마커스,마커스,,1,아파트,1,72,2020-04-28,한국부동산원_공동주택 단지 식별정보_기본정보_20250918
28200120348500,2820010100111460005,인천광역시,남동구,,구월동,1146-5,인천광역시 남동구 구월동 1146-5,지앤이츠,지앤이츠,지앤이츠,지앤이츠,1,아파트,1,65,2017-03-03,한국부동산원_공동주택 단지 식별정보_기본정보_20250918
28200100008963,2820010100111530002,인천광역시,남동구,,구월동,1153-2,인천광역시 남동구 구월동 1153-2,정광아파트,정광,,정광아파트,1,아파트,2,70,1985-03-04,한국부동산원_공동주택 단지 식별정보_기본정보_20250918
28200100008956,2820010100111600000,인천광역시,남동구,,구월동,1160,인천광역시 남동구 구월동 1160,송정아파트,송정,,송정아파트,1,아파트,2,108,1988-01-27,한국부동산원_공동주택 단지 식별정보_기본정보_20250918
28200100008958,2820010100111610010,인천광역시,남동구,,구월동,1161-10,인천광역시 남동구 구월동 1161-10,아주정광,아주정광,,,1,아파트,1,45,1986-06-25,한국부동산원_공동주택 단지 식별정보_기본정보_20250918
28200120384352,2820010100111680000,인천광역시,남동구,,구월동,1168,인천광역시 남동구 구월동 1168,유니센트럴파크APT,유니센트럴파크APT,유니센트럴파크APT,유니센트럴파크APT,1,아파트,1,24,2019-01-09,한국부동산원_공동주택 단지 식별정보_기본정보_20250918
28200100256341,2820010100111840002,인천광역시,남동구,,구월동,1184-2,인천광역시 남동구 구월동 1184-2,삼보아파트,"삼보(다,라동)",,삼보아파트,1,아파트,2,40,1984-01-11,한국부동산원_공동주택 단지 식별정보_기본정보_20250918
28200100008953,2820010100111870000,인천광역시,남동구,,구월동,1187,인천광역시 남동구 구월동 1187,삼보아파트,"삼보(가,나동)",,삼보아파트,1,아파트,2,50,1984-01-11,한국부동산원_공동주택 단지 식별정보_기본정보_20250918
28200100008960,2820010100111880000,인천광역시,남동구,,구월동,1188,인천광역시 남동구 구월동 1188,우정개나리아파트,우정개나리,,우정개나리아파트,1,아파트,2,95,1983-12-03,한국부동산원_공동주택 단지 식별정보_기본정보_20250918
28200100008962,2820010100111890008,인천광역시,남동구,,구월동,1189-8,인천광역시 남동구 구월동 1189-8,이화,이화,,,1,아파트,1,40,1984-09-02,한국부동산원_공동주택 단지 식별정보_기본정보_20250918
28200120414908,2820010100112170008,인천광역시,남동구,,구월동,1217-8,인천광역시 남동구 구월동 1217-8,델루나,델루나(1217-8),델루나,델루나,1,아파트,1,26,2020-12-04,한국부동산원_공동주택 단지 식별정보_기본정보_20250918
28200120414909,2820010100112170009,인천광역시,남동구,,구월동,1217-9,인천광역시 남동구 구월동 1217-9,델루나,델루나(1217-9),델루나,델루나,1,아파트,1,26,2020-12-04,한국부동산원_공동주택 단지 식별정보_기본정보_20250918
28200100218797,2820010100112210007,인천광역시,남동구,,구월동,1221-7,인천광역시 남동구 구월동 1221-7,청솔아파트,청솔,청솔아파트,청솔아파트,1,아파트,1,18,2004-01-10,한국부동산원_공동주택 단지 식별정보_기본정보_20250918
28200100218798,2820010100112360000,인천광역시,남동구,,구월동,1236,인천광역시 남동구 구월동 1236,구월주상복합,구월와일드빌,구월주상복합,구월주상복합,1,아파트,1,17,2003-07-10,한국부동산원_공동주택 단지 식별정보_기본정보_20250918
28200100008965,2820010100112440010,인천광역시,남동구,,구월동,1244-10,인천광역시 남동구 구월동 1244-10,중앙,중앙,,,1,아파트,1,35,1984-04-25,한국부동산원_공동주택 단지 식별정보_기본정보_20250918
28200100008961,2820010100112510000,인천광역시,남동구,,구월동,1251,인천광역시 남동구 구월동 1251,원경,원경,,,1,아파트,1,36,1989-01-31,한국부동산원_공동주택 단지 식별정보_기본정보_20250918
28200100008948,2820010100112590014,인천광역시,남동구,,구월동,1259-14,인천광역시 남동구 구월동 1259-14,현광5차(다동),현광5차(다동),,,1,아파트,1,40,1987-09-26,한국부동산원_공동주택 단지 식별정보_기본정보_20250918
28200100008955,2820010100112910007,인천광역시,남동구,,구월동,1291-7,인천광역시 남동구 구월동 1291-7,성문아파트,성문,,성문아파트,1,아파트,1,103,1996-10-21,한국부동산원_공동주택 단지 식별정보_기본정보_20250918
28200100052502,2820010100112980000,인천광역시,남동구,,구월동,1298,인천광역시 남동구 구월동 1298,신화화인힐,신화화인힐,신화화인힐,신화화인힐,1,아파트,1,19,2003-04-09,한국부동산원_공동주택 단지 식별정보_기본정보_20250918
28200100008954,2820010100112980006,인천광역시,남동구,,구월동,1298-6,인천광역시 남동구 구월동 1298-6,서울,서울,,,1,아파트,1,40,1987-02-03,한국부동산원_공동주택 단지 식별정보_기본정보_20250918
28200100008952,2820010100113120006,인천광역시,남동구,,구월동,1312-6,인천광역시 남동구 구월동 1312-6,벽산아파트,벽산,,벽산아파트,1,아파트,2,149,1989-10-21,한국부동산원_공동주택 단지 식별정보_기본정보_20250918
28200100008951,2820010100113160008,인천광역시,남동구,,구월동,1316-8,인천광역시 남동구 구월동 1316-8,드림랜드아파트 및 시장,드림랜드프라자,드림랜드아파트 및 시장,드림랜드아파트 및 시장,1,아파트,1,32,1995-03-13,한국부동산원_공동주택 단지 식별정보_기본정보_20250918
28200120345275,2820010100113590015,인천광역시,남동구,,구월동,1359-15,인천광역시 남동구 구월동 1359-15,세종리젠시아파트,세종리젠시아파트,세종리젠시아파트,,1,아파트,1,12,2016-12-15,한국부동산원_공동주택 단지 식별정보_기본정보_20250918
28200120142091,2820010100114510001,인천광역시,남동구,,구월동,1451-1,인천광역시 남동구 구월동 1451-1,뉴다인,뉴다인우리가,뉴다인,뉴다인,1,아파트,1,35,2011-08-24,한국부동산원_공동주택 단지 식별정보_기본정보_20250918
28200120146650,2820010100114760000,인천광역시,남동구,,구월동,1476,인천광역시 남동구 구월동 1476,대우재 한신 휴플러스,대우재한신휴플러스,대우재 한신 휴플러스,대우재 한신 휴플러스,1,아파트,3,120,2011-12-06,한국부동산원_공동주택 단지 식별정보_기본정보_20250918
28200120320926,2820010100114850000,인천광역시,남동구,,구월동,1485,인천광역시 남동구 구월동 1485,구월아시아드선수촌2단지,구월아시아드선수촌2단지,구월아시아드선수촌2단지,구월아시아드선수촌2단지,1,아파트,8,636,2015-06-02,한국부동산원_공동주택 단지 식별정보_기본정보_20250918
28200120320895,2820010100114860000,인천광역시,남동구,,구월동,1486,인천광역시 남동구 구월동 1486,구월아시아드선수촌1단지,구월아시아드선수촌1단지,구월아시아드선수촌1단지,구월아시아드선수촌1단지,1,아파트,7,511,2015-06-02,한국부동산원_공동주택 단지 식별정보_기본정보_20250918
28200120344353,2820010100115080000,인천광역시,남동구,,구월동,1508,인천광역시 남동구 구월동 1508,구월 유승한내들 퍼스티지,구월유승한내들퍼스티지,구월 유승한내들 퍼스티지,구월 유승한내들 퍼스티지,1,아파트,11,860,2016-12-01,한국부동산원_공동주택 단지 식별정보_기본정보_20250918
28200120320937,2820010100115100000,인천광역시,남동구,,구월동,1510,인천광역시 남동구 구월동 1510,구월 아시아드선수촌 센트럴자이,구월아시아드선수촌센트럴자이,구월 아시아드선수촌 센트럴자이,구월 아시아드선수촌 센트럴자이,1,아파트,7,850,2015-06-02,한국부동산원_공동주택 단지 식별정보_기본정보_20250918
28200120320983,2820010100115130000,인천광역시,남동구,,구월동,1513,인천광역시 남동구 구월동 1513,구월아시아드선수촌5단지,구월아시아드선수촌5단지,구월아시아드선수촌5단지,구월아시아드선수촌5단지,1,아파트,7,782,2015-06-02,한국부동산원_공동주택 단지 식별정보_기본정보_20250918
28200120318089,2820010100115240000,인천광역시,남동구,,구월동,1524,인천광역시 남동구 구월동 1524,구월아시아드선수촌 6단지,구월아시아드선수촌6단지,구월아시아드선수촌 6단지,구월아시아드선수촌 6단지,1,아파트,7,602,2015-06-02,한국부동산원_공동주택 단지 식별정보_기본정보_20250918
28200120339507,2820010100115300000,인천광역시,남동구,,구월동,1530,인천광역시 남동구 구월동 1530,두플라스,두플라스,두플라스,두플라스,1,아파트,1,168,2016-06-30,한국부동산원_공동주택 단지 식별정보_기본정보_20250918
28200120442487,2820010100115510000,인천광역시,남동구,,구월동,1551,인천광역시 남동구 구월동 1551,구월 아시아드선수촌 7단지,구월아시아드선수촌7단지,구월 아시아드선수촌 7단지,구월 아시아드선수촌 7단지,1,아파트,6,1109,2023-02-03,한국부동산원_공동주택 단지 식별정보_기본정보_20250918
28200120317954,2820010100115540000,인천광역시,남동구,,구월동,1554,인천광역시 남동구 구월동 1554,구월 아시아드 선수촌 8단지,구월아시아드선수촌8단지,구월 아시아드 선수촌 8단지,구월 아시아드 선수촌 8단지,1,아파트,8,768,2015-06-02,한국부동산원_공동주택 단지 식별정보_기본정보_20250918
28200120415663,2820010100116080000,인천광역시,남동구,,구월동,1608,인천광역시 남동구 구월동 1608,신영구월지웰시티푸르지오,신영구월지웰시티푸르지오,신영구월지웰시티푸르지오,신영구월지웰시티푸르지오,1,아파트,3,376,2020-12-30,한국부동산원_공동주택 단지 식별정보_기본정보_20250918
28200120426583,2820010100116090000,인천광역시,남동구,,구월동,1609,인천광역시 남동구 구월동 1609,센트럴시티 그랑베르,센트럴시티그랑베르,센트럴시티 그랑베르,,1,아파트,1,97,2021-02-23,한국부동산원_공동주택 단지 식별정보_기본정보_20250918
28200120439991,2820010100116100000,인천광역시,남동구,,구월동,1610,인천광역시 남동구 구월동 1610,뷰그리안,뷰그리안,뷰그리안,뷰그리안,1,아파트,1,120,2022-09-07,한국부동산원_공동주택 단지 식별정보_기본정보_20250918
28200120450814,2820010100116360000,인천광역시,남동구,,구월동,1636,인천광역시 남동구 구월동 1636,한화 포레나 인천구월,한화포레나인천구월,한화 포레나 인천구월,,1,아파트,11,1115,2023-11-29,한국부동산원_공동주택 단지 식별정보_기본정보_20250918
28200100008947,2820010100200160001,인천광역시,남동구,,구월동,산16-1,인천광역시 남동구 구월동 산16-1,현광아파트,(구)현광,,현광아파트,1,아파트,2,80,1984-10-10,한국부동산원_공동주택 단지 식별정보_기본정보_20250918
28200100008987,2820010200100320005,인천광역시,남동구,,간석동,32-5,인천광역시 남동구 간석동 32-5,신한APT,신한,,신한APT,1,아파트,4,216,1990-04-13,한국부동산원_공동주택 단지 식별정보_기본정보_20250918
28200120152562,2820010200100420006,인천광역시,남동구,,간석동,42-6,인천광역시 남동구 간석동 42-6,신승바이올렛,신승바이올렛,신승바이올렛,신승바이올렛,1,아파트,1,19,2012-03-23,한국부동산원_공동주택 단지 식별정보_기본정보_20250918
28200120041655,2820010200100430002,인천광역시,남동구,,간석동,43-2,인천광역시 남동구 간석동 43-2,우성꾸메마을II,우성꾸메마을II,우성꾸메마을II,우성꾸메마을II,1,아파트,1,36,2006-04-27,한국부동산원_공동주택 단지 식별정보_기본정보_20250918
28200120125784,2820010200100430009,인천광역시,남동구,,간석동,43-9,인천광역시 남동구 간석동 43-9,대은 주거복합 아파트,대은팰리스뷰,대은 주거복합 아파트,대은 주거복합 아파트,1,아파트,1,25,2010-01-06,한국부동산원_공동주택 단지 식별정보_기본정보_20250918
28200120427493,2820010200100440010,인천광역시,남동구,,간석동,44-10,인천광역시 남동구 간석동 44-10,간석동 44-10 공동주택,더포레스트간석,간석동 44-10 공동주택 ,,1,아파트,1,26,2021-07-16,한국부동산원_공동주택 단지 식별정보_기본정보_20250918
28200100008977,2820010200100450008,인천광역시,남동구,,간석동,45-8,인천광역시 남동구 간석동 45-8,동원아파트,동원,동원아파트,동원아파트,1,아파트,1,118,1996-03-09,한국부동산원_공동주택 단지 식별정보_기본정보_20250918
28200120009230,2820010200100480001,인천광역시,남동구,,간석동,48-1,인천광역시 남동구 간석동 48-1,유영 아파트,유영(48-1),유영 아파트,유영 아파트,1,아파트,1,52,2005-07-27,한국부동산원_공동주택 단지 식별정보_기본정보_20250918
28200120284809,2820010200100490005,인천광역시,남동구,,간석동,49-5,인천광역시 남동구 간석동 49-5,삼양힐아파트,삼양힐,삼양힐아파트,삼양힐아파트,1,아파트,1,52,2014-01-21,한국부동산원_공동주택 단지 식별정보_기본정보_20250918
28200120286878,2820010200100490022,인천광역시,남동구,,간석동,49-22,인천광역시 남동구 간석동 49-22,리젠시아,리젠시아,,,1,아파트,1,19,2014-03-28,한국부동산원_공동주택 단지 식별정보_기본정보_20250918
28200120284668,2820010200100490029,인천광역시,남동구,,간석동,49-29,인천광역시 남동구 간석동 49-29,이츠,이츠,이츠,이츠,1,아파트,1,19,2014-01-07,한국부동산원_공동주택 단지 식별정보_기본정보_20250918
28200100441987,2820010200100510001,인천광역시,남동구,,간석동,51-1,인천광역시 남동구 간석동 51-1,우성꾸메마을I,우성꾸메마을I,우성꾸메마을I,우성꾸메마을I,1,아파트,1,28,2005-08-03,한국부동산원_공동주택 단지 식별정보_기본정보_20250918
28200100218799,2820010200100510002,인천광역시,남동구,,간석동,51-2,인천광역시 남동구 간석동 51-2,가영아파트,가영,가영아파트,가영아파트,1,아파트,1,32,2002-12-07,한국부동산원_공동주택 단지 식별정보_기본정보_20250918
28200120322180,2820010200100510003,인천광역시,남동구,,간석동,51-3,인천광역시 남동구 간석동 51-3,리더스아파트,리더스,리더스아파트,리더스아파트,1,아파트,1,21,2015-06-12,한국부동산원_공동주택 단지 식별정보_기본정보_20250918
28200100052495,2820010200100920002,인천광역시,남동구,,간석동,92-2,인천광역시 남동구 간석동 92-2,우진아파트,우진,우진아파트,우진아파트,1,아파트,1,13,2003-04-04,한국부동산원_공동주택 단지 식별정보_기본정보_20250918
28200100052499,2820010200100930002,인천광역시,남동구,,간석동,93-2,인천광역시 남동구 간석동 93-2,경원아파트,경원,경원아파트,경원아파트,1,아파트,1,11,2003-06-10,한국부동산원_공동주택 단지 식별정보_기본정보_20250918
28200100218802,2820010200100930003,인천광역시,남동구,,간석동,93-3,인천광역시 남동구 간석동 93-3,세중아파트,세중,세중아파트,세중아파트,1,아파트,1,14,2003-07-23,한국부동산원_공동주택 단지 식별정보_기본정보_20250918
28200100218804,2820010200100940012,인천광역시,남동구,,간석동,94-12,인천광역시 남동구 간석동 94-12,세종아파트,세종2차,세종아파트,세종아파트,1,아파트,1,10,2002-09-23,한국부동산원_공동주택 단지 식별정보_기본정보_20250918
28200100218808,2820010200101000003,인천광역시,남동구,,간석동,100-3,인천광역시 남동구 간석동 100-3,아이닉스아파트,아이닉스,,아이닉스아파트,1,아파트,1,14,2003-12-08,한국부동산원_공동주택 단지 식별정보_기본정보_20250918
28200120117570,2820010200101000007,인천광역시,남동구,,간석동,100-7,인천광역시 남동구 간석동 100-7,아이닉스아파트 102동,아이닉스2,아이닉스아파트 102동,아이닉스아파트 102동,1,아파트,1,14,2009-01-09,한국부동산원_공동주택 단지 식별정보_기본정보_20250918
28200120140025,2820010200101020003,인천광역시,남동구,,간석동,102-3,인천광역시 남동구 간석동 102-3,동민캐슬아파트,동민캐슬7차,동민캐슬아파트,동민캐슬아파트,1,아파트,1,28,2011-06-02,한국부동산원_공동주택 단지 식별정보_기본정보_20250918
28200120356588,2820010200101030003,인천광역시,남동구,,간석동,103-3,인천광역시 남동구 간석동 103-3,유진펠리스,유진펠리스,유진펠리스,유진펠리스,1,아파트,1,26,2017-09-13,한국부동산원_공동주택 단지 식별정보_기본정보_20250918
28200120349292,2820010200101060007,인천광역시,남동구,,간석동,106-7,인천광역시 남동구 간석동 106-7,베네시안 2차,베네시안2차,베네시안 2차,베네시안 2차,1,아파트,1,9,2017-04-12,한국부동산원_공동주택 단지 식별정보_기본정보_20250918
28200120349985,2820010200101070004,인천광역시,남동구,,간석동,107-4,인천광역시 남동구 간석동 107-4,미래타운,미래타운,미래타운,미래타운,1,아파트,1,22,2017-04-17,한국부동산원_공동주택 단지 식별정보_기본정보_20250918
28200120355857,2820010200101080001,인천광역시,남동구,,간석동,108-1,인천광역시 남동구 간석동 108-1,씨엠쎄레니티힐,씨엠쎄레니티힐,씨엠쎄레니티힐,씨엠쎄레니티힐,1,아파트,1,12,2017-08-10,한국부동산원_공동주택 단지 식별정보_기본정보_20250918
28200120325170,2820010200101090001,인천광역시,남동구,,간석동,109-1,인천광역시 남동구 간석동 109-1,리코팰리스,리코팰리스,리코팰리스,,1,아파트,1,52,2015-08-28,한국부동산원_공동주택 단지 식별정보_기본정보_20250918
28200100218811,2820010200101100002,인천광역시,남동구,,간석동,110-2,인천광역시 남동구 간석동 110-2,효성탑스아파트,효성탑스,효성탑스아파트,효성탑스아파트,1,아파트,1,17,2001-03-20,한국부동산원_공동주택 단지 식별정보_기본정보_20250918
28200120351123,2820010200101110010,인천광역시,남동구,,간석동,111-10,인천광역시 남동구 간석동 111-10,도담,도담,도담,,1,아파트,1,32,2017-05-12,한국부동산원_공동주택 단지 식별정보_기본정보_20250918
28200120355139,2820010200101110016,인천광역시,남동구,,간석동,111-16,인천광역시 남동구 간석동 111-16,정우팰리스,정우팰리스2차,정우팰리스,,1,아파트,1,39,2017-07-18,한국부동산원_공동주택 단지 식별정보_기본정보_20250918
28200120329556,2820010200101140004,인천광역시,남동구,,간석동,114-4,인천광역시 남동구 간석동 114-4,휴하임,휴하임(114-4),휴하임,,1,아파트,1,21,2015-12-03,한국부동산원_공동주택 단지 식별정보_기본정보_20250918
28200120348882,2820010200101170004,인천광역시,남동구,,간석동,117-4,인천광역시 남동구 간석동 117-4,파티오,파티오,파티오,,1,아파트,1,21,2017-03-15,한국부동산원_공동주택 단지 식별정보_기본정보_20250918
28200120316361,2820010200101170012,인천광역시,남동구,,간석동,117-12,인천광역시 남동구 간석동 117-12,더 레지던스,더레지던스,더 레지던스,더 레지던스,1,아파트,1,12,2015-04-24,한국부동산원_공동주택 단지 식별정보_기본정보_20250918
28200120348501,2820010200101220015,인천광역시,남동구,,간석동,122-15,인천광역시 남동구 간석동 122-15,솔리채 아파트,솔리채(122-15),솔리채 아파트,,1,아파트,1,52,2017-02-28,한국부동산원_공동주택 단지 식별정보_기본정보_20250918
28200120393845,2820010200101230019,인천광역시,남동구,,간석동,123-19,인천광역시 남동구 간석동 123-19,대준블루인,대준블루인,대준블루인,대준블루인,1,아파트,1,39,2019-09-11,한국부동산원_공동주택 단지 식별정보_기본정보_20250918
28200120399905,2820010200101250007,인천광역시,남동구,,간석동,125-7,인천광역시 남동구 간석동 125-7,퍼플하임아파트,퍼플하임아파트,퍼플하임아파트,퍼플하임아파트,1,아파트,1,14,2020-01-21,한국부동산원_공동주택 단지 식별정보_기본정보_20250918
28200120009232,2820010200101290007,인천광역시,남동구,,간석동,129-7,인천광역시 남동구 간석동 129-7,유영아파트,유영,유영아파트,유영아파트,1,아파트,1,49,2005-06-13,한국부동산원_공동주택 단지 식별정보_기본정보_20250918
28200120107117,2820010200101380001,인천광역시,남동구,,간석동,138-1,인천광역시 남동구 간석동 138-1,로즈힐아파트,로즈힐,로즈힐아파트,로즈힐아파트,1,아파트,1,45,2008-10-20,한국부동산원_공동주택 단지 식별정보_기본정보_20250918
28200100008978,2820010200101560008,인천광역시,남동구,,간석동,156-8,인천광역시 남동구 간석동 156-8,동진아파트,동진,,동진아파트,1,아파트,2,55,1988-04-21,한국부동산원_공동주택 단지 식별정보_기본정보_20250918
28200100448872,2820010200101570001,인천광역시,남동구,,간석동,157-1,인천광역시 남동구 간석동 157-1,우신아파트,"우신아파트(다,라,마동)",,우신아파트,1,아파트,3,41,1981-11-14,한국부동산원_공동주택 단지 식별정보_기본정보_20250918
28200100008991,2820010200101590003,인천광역시,남동구,,간석동,159-3,인천광역시 남동구 간석동 159-3,우신아파트,"우신아파트(가,나동)",,우신아파트,1,아파트,2,40,1981-11-14,한국부동산원_공동주택 단지 식별정보_기본정보_20250918
28200120347133,2820010200101670002,인천광역시,남동구,,간석동,167-2,인천광역시 남동구 간석동 167-2,렉스타워,렉스타워,렉스타워,,1,아파트,1,72,2017-01-10,한국부동산원_공동주택 단지 식별정보_기본정보_20250918
28200120410698,2820010200101680001,인천광역시,남동구,,간석동,168-1,인천광역시 남동구 간석동 168-1,더웰노블레스,더웰노블레스,더웰노블레스,더웰노블레스,1,아파트,1,64,2020-06-26,한국부동산원_공동주택 단지 식별정보_기본정보_20250918
28200120348502,2820010200101690005,인천광역시,남동구,,간석동,169-5,인천광역시 남동구 간석동 169-5,더레지던트아파트,The레지던스아파트,더레지던트아파트,,1,아파트,1,24,2017-02-28,한국부동산원_공동주택 단지 식별정보_기본정보_20250918
28200120436847,2820010200101760010,인천광역시,남동구,,간석동,176-10,인천광역시 남동구 간석동 176-10,더프라임,더프라임,,,1,아파트,1,150,2022-05-27,한국부동산원_공동주택 단지 식별정보_기본정보_20250918
28200100008976,2820010200101870001,인천광역시,남동구,,간석동,187-1,인천광역시 남동구 간석동 187-1,동암,동암,,,1,아파트,2,60,1983-12-28,한국부동산원_공동주택 단지 식별정보_기본정보_20250918
28200100008995,2820010200101910001,인천광역시,남동구,,간석동,191-1,인천광역시 남동구 간석동 191-1,인향,인향,,,1,아파트,1,45,1986-12-24,한국부동산원_공동주택 단지 식별정보_기본정보_20250918
28200120145528,2820010200101930002,인천광역시,남동구,,간석동,193-2,인천광역시 남동구 간석동 193-2,희망아파트,"희망(1동,2동)",,희망아파트,1,아파트,2,160,1983-10-10,한국부동산원_공동주택 단지 식별정보_기본정보_20250918
28200100218814,2820010200102100001,인천광역시,남동구,,간석동,210-1,인천광역시 남동구 간석동 210-1,스카이타운 주상복합,스카이타운,스카이타운 주상복합,스카이타운 주상복합,1,아파트,1,49,2002-11-19,한국부동산원_공동주택 단지 식별정보_기본정보_20250918
28200100008984,2820010200102100003,인천광역시,남동구,,간석동,210-3,인천광역시 남동구 간석동 210-3,삼익목화,삼익목화,,,1,아파트,3,50,1985-07-03,한국부동산원_공동주택 단지 식별정보_기본정보_20250918
28200120361184,2820010200102130001,인천광역시,남동구,,간석동,213-1,인천광역시 남동구 간석동 213-1,어반 카운티,어반카운티,어반 카운티,어반 카운티,1,아파트,1,39,2018-02-27,한국부동산원_공동주택 단지 식별정보_기본정보_20250918
28200120360900,2820010200102140006,인천광역시,남동구,,간석동,214-6,인천광역시 남동구 간석동 214-6,타워블레스,타워블레스,타워블레스,,1,아파트,1,28,2018-02-09,한국부동산원_공동주택 단지 식별정보_기본정보_20250918
28200120292285,2820010200102140015,인천광역시,남동구,,간석동,214-15,인천광역시 남동구 간석동 214-15,웰스하임,웰스하임,웰스하임,,1,아파트,1,182,2014-05-30,한국부동산원_공동주택 단지 식별정보_기본정보_20250918
28200120313900,2820010200102160001,인천광역시,남동구,,간석동,216-1,인천광역시 남동구 간석동 216-1,베네시안,베네시안,베네시안,,1,아파트,1,50,2015-03-25,한국부동산원_공동주택 단지 식별정보_기본정보_20250918
28200120145968,2820010200102160002,인천광역시,남동구,,간석동,216-2,인천광역시 남동구 간석동 216-2,솔리채,솔리채,솔리채,솔리채,1,아파트,1,72,2011-11-29,한국부동산원_공동주택 단지 식별정보_기본정보_20250918
28200120173898,2820010200102160005,인천광역시,남동구,,간석동,216-5,인천광역시 남동구 간석동 216-5,간석리페(1차) 도시형생활주택,간석리페(1차)도시형생활주택,간석리페(1차) 도시형생활주택,간석리페(1차) 도시형생활주택,1,아파트,1,106,2013-03-20,한국부동산원_공동주택 단지 식별정보_기본정보_20250918
28200120125785,2820010200102160008,인천광역시,남동구,,간석동,216-8,인천광역시 남동구 간석동 216-8,다솜팔라시오,다솜팔라시오,다솜팔라시오,다솜팔라시오,1,아파트,1,19,2010-01-15,한국부동산원_공동주택 단지 식별정보_기본정보_20250918
28200120345499,2820010200102160018,인천광역시,남동구,,간석동,216-18,인천광역시 남동구 간석동 216-18,TK 리즈빌,TK리즈빌,TK 리즈빌,TK 리즈빌,1,아파트,1,88,2016-12-06,한국부동산원_공동주택 단지 식별정보_기본정보_20250918
28200120173899,2820010200102160019,인천광역시,남동구,,간석동,216-19,인천광역시 남동구 간석동 216-19,간석리페(2차) 도시형생활주택,간석리페(2차)도시형생활주택,간석리페(2차) 도시형생활주택,간석리페(2차) 도시형생활주택,1,아파트,1,98,2013-03-20,한국부동산원_공동주택 단지 식별정보_기본정보_20250918
28200120402746,2820010200102170002,인천광역시,남동구,,간석동,217-2,인천광역시 남동구 간석동 217-2,아크로팰리스,아크로팰리스,아크로팰리스,아크로팰리스,1,아파트,1,52,2020-04-29,한국부동산원_공동주택 단지 식별정보_기본정보_20250918
28200100008998,2820010200102290001,인천광역시,남동구,,간석동,229-1,인천광역시 남동구 간석동 229-1,청실프라자,청실프라자,청실프라자,청실프라자,1,아파트,1,58,1994-06-29,한국부동산원_공동주택 단지 식별정보_기본정보_20250918
28200100008986,2820010200102300004,인천광역시,남동구,,간석동,230-4,인천광역시 남동구 간석동 230-4,세종보라아파트,세종보라,세종보라아파트,세종보라아파트,1,아파트,1,137,2000-06-02,한국부동산원_공동주택 단지 식별정보_기본정보_20250918
28200120009235,2820010200102340021,인천광역시,남동구,,간석동,234-21,인천광역시 남동구 간석동 234-21,유성,유성,,,1,아파트,1,18,2005-11-11,한국부동산원_공동주택 단지 식별정보_기본정보_20250918
28200120149368,2820010200102410010,인천광역시,남동구,,간석동,241-10,인천광역시 남동구 간석동 241-10,도영A베네치움,도영A베네치움,도영A베네치움,도영A베네치움,1,아파트,1,42,2012-01-06,한국부동산원_공동주택 단지 식별정보_기본정보_20250918
28200120149521,2820010200102410011,인천광역시,남동구,,간석동,241-11,인천광역시 남동구 간석동 241-11,도영B베네치움,베네치움B,도영B베네치움,도영B베네치움,1,아파트,1,43,2012-01-06,한국부동산원_공동주택 단지 식별정보_기본정보_20250918
28200120149559,2820010200102480001,인천광역시,남동구,,간석동,248-1,인천광역시 남동구 간석동 248-1,코지빌제에이동,코지빌에이(HK),코지빌제에이동,코지빌제에이동,1,아파트,1,60,2012-01-09,한국부동산원_공동주택 단지 식별정보_기본정보_20250918
28200120133394,2820010200102480003,인천광역시,남동구,,간석동,248-3,인천광역시 남동구 간석동 248-3,부경해피하임아파트,부경해피하임,부경해피하임아파트,부경해피하임아파트,1,아파트,1,16,2010-11-24,한국부동산원_공동주택 단지 식별정보_기본정보_20250918
28200120150248,2820010200102480004,인천광역시,남동구,,간석동,248-4,인천광역시 남동구 간석동 248-4,코지빌 비,코지빌비,코지빌 비,,1,아파트,1,60,2012-02-15,한국부동산원_공동주택 단지 식별정보_기본정보_20250918
28200120328380,2820010200102490006,인천광역시,남동구,,간석동,249-6,인천광역시 남동구 간석동 249-6,이츠아파트,이츠아파트,이츠아파트,이츠아파트,1,아파트,1,39,2015-11-06,한국부동산원_공동주택 단지 식별정보_기본정보_20250918
28200120375891,2820010200102760001,인천광역시,남동구,,간석동,276-1,인천광역시 남동구 간석동 276-1,더샵퍼스트,더샵퍼스트,더샵퍼스트,,1,아파트,1,24,2018-10-15,한국부동산원_공동주택 단지 식별정보_기본정보_20250918
28200100050978,2820010200102810002,인천광역시,남동구,,간석동,281-2,인천광역시 남동구 간석동 281-2,우성늘푸른아파트,우성늘푸른,우성늘푸른아파트,우성늘푸른아파트,1,아파트,2,38,2003-12-15,한국부동산원_공동주택 단지 식별정보_기본정보_20250918
28200100008992,2820010200102920001,인천광역시,남동구,,간석동,292-1,인천광역시 남동구 간석동 292-1,은하,은하,,,1,아파트,2,55,1985-03-23,한국부동산원_공동주택 단지 식별정보_기본정보_20250918
28200100008983,2820010200102930001,인천광역시,남동구,,간석동,293-1,인천광역시 남동구 간석동 293-1,삼우아파트,삼우,,삼우아파트,1,아파트,2,60,1986-12-08,한국부동산원_공동주택 단지 식별정보_기본정보_20250918
28200100008982,2820010200102930002,인천광역시,남동구,,간석동,293-2,인천광역시 남동구 간석동 293-2,삼용아파트,삼용,삼용아파트,삼용아파트,1,아파트,1,75,1987-08-08,한국부동산원_공동주택 단지 식별정보_기본정보_20250918
28200120402488,2820010200103130001,인천광역시,남동구,,간석동,313-1,인천광역시 남동구 간석동 313-1,라온 휴,라온휴,라온 휴,,1,아파트,1,124,2020-05-04,한국부동산원_공동주택 단지 식별정보_기본정보_20250918
28200100009006,2820010200103130003,인천광역시,남동구,,간석동,313-3,인천광역시 남동구 간석동 313-3,형진프라자,형진프라자,형진프라자,형진프라자,1,아파트,1,90,1996-03-12,한국부동산원_공동주택 단지 식별정보_기본정보_20250918
28200120335185,2820010200103150005,인천광역시,남동구,,간석동,315-5,인천광역시 남동구 간석동 315-5,간석 트인자리애,간석트인자리애,간석 트인자리애,간석 트인자리애,1,아파트,1,30,2016-04-22,한국부동산원_공동주택 단지 식별정보_기본정보_20250918
28200120354287,2820010200103160003,인천광역시,남동구,,간석동,316-3,인천광역시 남동구 간석동 316-3,센트라움,센트라움,센트라움,센트라움,1,아파트,1,56,2017-06-15,한국부동산원_공동주택 단지 식별정보_기본정보_20250918
28200120384221,2820010200103180001,인천광역시,남동구,,간석동,318-1,인천광역시 남동구 간석동 318-1,세인트원,세인트원,세인트원,세인트원,1,아파트,1,28,2019-01-04,한국부동산원_공동주택 단지 식별정보_기본정보_20250918
28200120365947,2820010200103830017,인천광역시,남동구,,간석동,383-17,인천광역시 남동구 간석동 383-17,해냄스토리아파트2,해냄스토리아파트2,해냄스토리아파트2,해냄스토리아파트2,1,아파트,1,28,2018-05-18,한국부동산원_공동주택 단지 식별정보_기본정보_20250918
28200120365948,2820010200103830018,인천광역시,남동구,,간석동,383-18,인천광역시 남동구 간석동 383-18,해냄스토리아파트1,해냄스토리아파트1,해냄스토리아파트1,해냄스토리아파트1,1,아파트,1,28,2018-05-18,한국부동산원_공동주택 단지 식별정보_기본정보_20250918
28200100008981,2820010200103840003,인천광역시,남동구,,간석동,384-3,인천광역시 남동구 간석동 384-3,복음,복음,,,1,아파트,1,60,1983-03-05,한국부동산원_공동주택 단지 식별정보_기본정보_20250918
28200100009001,2820010200103870000,인천광역시,남동구,,간석동,387,인천광역시 남동구 간석동 387,한국주택,한국(신),한국주택,한국주택,1,아파트,1,132,1989-11-23,한국부동산원_공동주택 단지 식별정보_기본정보_20250918
28200120000107,2820010200103930001,인천광역시,남동구,,간석동,393-1,인천광역시 남동구 간석동 393-1,한국아파트,한국(구),,한국아파트,1,아파트,2,144,1988-06-16,한국부동산원_공동주택 단지 식별정보_기본정보_20250918
28200100256543,2820010200104070000,인천광역시,남동구,,간석동,407,인천광역시 남동구 간석동 407,다정한마을 서해아파트,다정한마을서해그랑블,다정한마을 서해아파트,다정한마을 서해아파트,1,아파트,2,270,2004-08-27,한국부동산원_공동주택 단지 식별정보_기본정보_20250918
28200100218818,2820010200104150000,인천광역시,남동구,,간석동,415,인천광역시 남동구 간석동 415,신태양,신태양,,,1,아파트,2,90,1987-05-29,한국부동산원_공동주택 단지 식별정보_기본정보_20250918
28200100008973,2820010200104950005,인천광역시,남동구,,간석동,495-5,인천광역시 남동구 간석동 495-5,금호아파트,금호,,금호아파트,1,아파트,5,630,1987-09-05,한국부동산원_공동주택 단지 식별정보_기본정보_20250918
28200100008972,2820010200105010000,인천광역시,남동구,,간석동,501,인천광역시 남동구 간석동 501,극동아파트,극동,,극동아파트,1,아파트,8,760,1989-05-31,한국부동산원_공동주택 단지 식별정보_기본정보_20250918
28200120340133,2820010200105170001,인천광역시,남동구,,간석동,517-1,인천광역시 남동구 간석동 517-1,삼마 TOP-Class,삼마TOP-Class(간석탑클래스),삼마 TOP-Class,삼마 TOP-Class,1,아파트,1,90,2016-07-26,한국부동산원_공동주택 단지 식별정보_기본정보_20250918
28200100009003,2820010200105190004,인천광역시,남동구,,간석동,519-4,인천광역시 남동구 간석동 519-4,한진아파트,한진,,한진아파트,1,아파트,6,600,1980-11-29,한국부동산원_공동주택 단지 식별정보_기본정보_20250918
28200100008997,2820010200105850000,인천광역시,남동구,,간석동,585,인천광역시 남동구 간석동 585,청실아파트,청실,,청실아파트,1,아파트,3,100,1984-12-07,한국부동산원_공동주택 단지 식별정보_기본정보_20250918
28200100008970,2820010200106060013,인천광역시,남동구,,간석동,606-13,인천광역시 남동구 간석동 606-13,광명아파트,광명(606-13),광명아파트,광명아파트,1,아파트,1,70,1985-09-17,한국부동산원_공동주택 단지 식별정보_기본정보_20250918
28200100008990,2820010200106090000,인천광역시,남동구,,간석동,609,인천광역시 남동구 간석동 609,간석2차 우성아파트,우성2,간석2차 우성아파트,간석2차 우성아파트,1,아파트,2,108,1992-07-24,한국부동산원_공동주택 단지 식별정보_기본정보_20250918
28200100448876,2820010200106110008,인천광역시,남동구,,간석동,611-8,인천광역시 남동구 간석동 611-8,성호아파트,성호,성호아파트,성호아파트,1,아파트,1,18,1992-04-22,한국부동산원_공동주택 단지 식별정보_기본정보_20250918
28200100448877,2820010200106120003,인천광역시,남동구,,간석동,612-3,인천광역시 남동구 간석동 612-3,정은아파트,정은,정은아파트,정은아파트,1,아파트,1,18,2004-01-30,한국부동산원_공동주택 단지 식별정보_기본정보_20250918
28200120386268,2820010200106160006,인천광역시,남동구,,간석동,616-6,인천광역시 남동구 간석동 616-6,간석한신더휴,간석한신더휴,간석한신더휴,간석한신더휴,1,아파트,9,643,2019-01-25,한국부동산원_공동주택 단지 식별정보_기본정보_20250918
28200120072057,2820010200106160007,인천광역시,남동구,,간석동,616-7,인천광역시 남동구 간석동 616-7,간석 신동아 파밀리에 명품아파트,간석신동아파밀리에명품,간석 신동아 파밀리에 명품아파트,간석 신동아 파밀리에 명품아파트,1,아파트,5,715,2007-08-30,한국부동산원_공동주택 단지 식별정보_기본정보_20250918
28200100009004,2820010200106160013,인천광역시,남동구,,간석동,616-13,인천광역시 남동구 간석동 616-13,현광아파트,현광,현광아파트,현광아파트,1,아파트,3,240,1990-05-26,한국부동산원_공동주택 단지 식별정보_기본정보_20250918
28200100008988,2820010200106170031,인천광역시,남동구,,간석동,617-31,인천광역시 남동구 간석동 617-31,영남아파트,영남,,영남아파트,1,아파트,3,282,1988-10-07,한국부동산원_공동주택 단지 식별정보_기본정보_20250918
28200100009000,2820010200107740008,인천광역시,남동구,,간석동,774-8,인천광역시 남동구 간석동 774-8,팬더아파트,팬더,팬더아파트,팬더아파트,1,아파트,4,294,1988-06-03,한국부동산원_공동주택 단지 식별정보_기본정보_20250918
28200100009005,2820010200108930000,인천광역시,남동구,,간석동,893,인천광역시 남동구 간석동 893,현대아파트,현대(893-0),,현대아파트,1,아파트,6,390,1991-08-28,한국부동산원_공동주택 단지 식별정보_기본정보_20250918
28200100008989,2820010200108930001,인천광역시,남동구,,간석동,893-1,인천광역시 남동구 간석동 893-1,우성아파트,우성,,우성아파트,1,아파트,11,1050,1990-07-13,한국부동산원_공동주택 단지 식별정보_기본정보_20250918
28200100008971,2820010200108940001,인천광역시,남동구,,간석동,894-1,인천광역시 남동구 간석동 894-1,광명아파트,광명(894-1),,광명아파트,1,아파트,3,192,1989-05-13,한국부동산원_공동주택 단지 식별정보_기본정보_20250918
28200100052363,2820010200109000153,인천광역시,남동구,,간석동,900-153,인천광역시 남동구 간석동 900-153,현대홈타운,현대홈타운(900-153),현대홈타운,현대홈타운,1,아파트,9,649,2003-04-15,한국부동산원_공동주택 단지 식별정보_기본정보_20250918
28200100008974,2820010200109080000,인천광역시,남동구,,간석동,908,인천광역시 남동구 간석동 908,덕산상가아파트,한화덕산(간석덕산),덕산상가아파트,덕산상가아파트,1,아파트,1,62,1995-06-19,한국부동산원_공동주택 단지 식별정보_기본정보_20250918
28200100218821,2820010200109090004,인천광역시,남동구,,간석동,909-4,인천광역시 남동구 간석동 909-4,파라다이스 아파트 101동,파라다이스101동,파라다이스 아파트 101동,파라다이스 아파트 101동,1,아파트,1,19,2004-02-27,한국부동산원_공동주택 단지 식별정보_기본정보_20250918
28200100218822,2820010200109090007,인천광역시,남동구,,간석동,909-7,인천광역시 남동구 간석동 909-7,파라다이스 아파트 102동,파라다이스102동,파라다이스 아파트 102동,파라다이스 아파트 102동,1,아파트,1,19,2004-02-27,한국부동산원_공동주택 단지 식별정보_기본정보_20250918
28200100008979,2820010200109170002,인천광역시,남동구,,간석동,917-2,인천광역시 남동구 간석동 917-2,대우자동차(주)직장주택조합APT,두진,대우자동차(주)직장주택조합APT,대우자동차(주)직장주택조합APT,1,아파트,1,354,1994-12-08,한국부동산원_공동주택 단지 식별정보_기본정보_20250918
28200100008999,2820010200109180005,인천광역시,남동구,,간석동,918-5,인천광역시 남동구 간석동 918-5,간석태화아파트,"태화아파트101동,102동,103동,105동",간석태화아파트,태화아파트,1,아파트,4,464,1994-10-13,한국부동산원_공동주택 단지 식별정보_기본정보_20250918
28200100008993,2820010200109340000,인천광역시,남동구,,간석동,934,인천광역시 남동구 간석동 934,이삭아파트,이삭,,이삭아파트,1,아파트,2,180,1999-09-01,한국부동산원_공동주택 단지 식별정보_기본정보_20250918
28200100053928,2820010200109350000,인천광역시,남동구,,간석동,935,인천광역시 남동구 간석동 935,간석마을 풍림아이원아파트,풍림아이원,간석마을 풍림아이원아파트,간석마을 풍림아이원아파트,1,아파트,8,922,2004-09-18,한국부동산원_공동주택 단지 식별정보_기본정보_20250918
28200120021545,2820010200109380001,인천광역시,남동구,,간석동,938-1,인천광역시 남동구 간석동 938-1,어울림마을,어울림마을,어울림마을,어울림마을,1,아파트,18,1733,2005-10-27,한국부동산원_공동주택 단지 식별정보_기본정보_20250918
28200120054444,2820010200109390000,인천광역시,남동구,,간석동,939,인천광역시 남동구 간석동 939,간석동 행복누리움 아파트,간석동행복누리움,간석동 행복누리움 아파트,간석동 행복누리움 아파트,1,아파트,1,84,2006-07-13,한국부동산원_공동주택 단지 식별정보_기본정보_20250918
28200120090470,2820010200109390001,인천광역시,남동구,,간석동,939-1,인천광역시 남동구 간석동 939-1,간석래미안자이아파트,간석래미안자이,간석래미안자이아파트,간석래미안자이아파트,1,아파트,28,2432,2008-10-17,한국부동산원_공동주택 단지 식별정보_기본정보_20250918
28200120301622,2820010200109400000,인천광역시,남동구,,간석동,940,인천광역시 남동구 간석동 940,인천간석엘에이치1단지,인천간석휴먼시아1단지,인천간석엘에이치1단지,인천간석엘에이치1단지,1,아파트,6,587,2014-10-15,한국부동산원_공동주택 단지 식별정보_기본정보_20250918
28200120301516,2820010200109410000,인천광역시,남동구,,간석동,941,인천광역시 남동구 간석동 941,인천간석엘에이치2단지,인천간석휴먼시아2단지,인천간석엘에이치2단지,인천간석엘에이치2단지,1,아파트,10,792,2014-10-20,한국부동산원_공동주택 단지 식별정보_기본정보_20250918
28200100448879,2820010300100010162,인천광역시,남동구,,만수동,1-162,인천광역시 남동구 만수동 1-162,동양주상복합,동양주상복합,,,1,아파트,1,15,2000-02-02,한국부동산원_공동주택 단지 식별정보_기본정보_20250918
28200100009035,2820010300100020021,인천광역시,남동구,,만수동,2-21,인천광역시 남동구 만수동 2-21,신한아파트,신한,,신한아파트,1,아파트,2,240,1988-11-28,한국부동산원_공동주택 단지 식별정보_기본정보_20250918
28200100009015,2820010300100030000,인천광역시,남동구,,만수동,3,인천광역시 남동구 만수동 3,공작아파트,공작(3-73),공작아파트,공작아파트,1,아파트,2,114,1989-06-19,한국부동산원_공동주택 단지 식별정보_기본정보_20250918
28200100009047,2820010300100030009,인천광역시,남동구,,만수동,3-9,인천광역시 남동구 만수동 3-9,정광아파트,정광,,정광아파트,1,아파트,2,108,1988-09-13,한국부동산원_공동주택 단지 식별정보_기본정보_20250918
28200100009040,2820010300100050003,인천광역시,남동구,,만수동,5-3,인천광역시 남동구 만수동 5-3,아주아파트,아주(5-3),,아주아파트,1,아파트,2,150,1988-06-17,한국부동산원_공동주택 단지 식별정보_기본정보_20250918
28200100009032,2820010300100050006,인천광역시,남동구,,만수동,5-6,인천광역시 남동구 만수동 5-6,성신아파트,성신(5-373외),성신아파트,성신아파트,1,아파트,8,360,1985-11-13,한국부동산원_공동주택 단지 식별정보_기본정보_20250918
28200100009053,2820010300100050009,인천광역시,남동구,,만수동,5-9,인천광역시 남동구 만수동 5-9,태화아파트및상가,태화상가,태화아파트및상가,태화아파트및상가,1,아파트,1,96,1994-09-16,한국부동산원_공동주택 단지 식별정보_기본정보_20250918
28200100009055,2820010300100050287,인천광역시,남동구,,만수동,5-287,인천광역시 남동구 만수동 5-287,한국공영아파트,한국공영,한국공영아파트,한국공영아파트,1,아파트,4,160,1983-08-05,한국부동산원_공동주택 단지 식별정보_기본정보_20250918
28200100009027,2820010300100050305,인천광역시,남동구,,만수동,5-305,인천광역시 남동구 만수동 5-305,삼부아파트,삼부,,삼부아파트,1,아파트,6,185,1984-06-27,한국부동산원_공동주택 단지 식별정보_기본정보_20250918
28200100009039,2820010300100050318,인천광역시,남동구,,만수동,5-318,인천광역시 남동구 만수동 5-318,아주아파트,아주(5-318),,아주아파트,1,아파트,2,210,1988-04-23,한국부동산원_공동주택 단지 식별정보_기본정보_20250918
28200100009038,2820010300100050320,인천광역시,남동구,,만수동,5-320,인천광역시 남동구 만수동 5-320,아주아파트,아주(5-320),,아주아파트,1,아파트,3,165,1986-09-10,한국부동산원_공동주택 단지 식별정보_기본정보_20250918
28200100009022,2820010300100050326,인천광역시,남동구,,만수동,5-326,인천광역시 남동구 만수동 5-326,대동아파트,대동(5-328),,대동아파트,1,아파트,5,276,1987-11-14,한국부동산원_공동주택 단지 식별정보_기본정보_20250918
28200100009023,2820010300100050397,인천광역시,남동구,,만수동,5-397,인천광역시 남동구 만수동 5-397,대동아파트,대동(5-397),,대동아파트,1,아파트,6,432,1989-10-21,한국부동산원_공동주택 단지 식별정보_기본정보_20250918
28200100009034,2820010300100050426,인천광역시,남동구,,만수동,5-426,인천광역시 남동구 만수동 5-426,신동아아파트,신동아,,신동아아파트,1,아파트,8,750,1990-10-20,한국부동산원_공동주택 단지 식별정보_기본정보_20250918
28200100009036,2820010300100060021,인천광역시,남동구,,만수동,6-21,인천광역시 남동구 만수동 6-21,신한아파트,신한(6-21),,신한아파트,1,아파트,3,132,1991-04-13,한국부동산원_공동주택 단지 식별정보_기본정보_20250918
28200100050224,2820010300100130000,인천광역시,남동구,,만수동,13,인천광역시 남동구 만수동 13,만수주공아파트,만수주공4단지,,만수주공아파트,1,아파트,20,2220,1987-07-31,한국부동산원_공동주택 단지 식별정보_기본정보_20250918
28200100009060,2820010300100170000,인천광역시,남동구,,만수동,17,인천광역시 남동구 만수동 17,만수주공아파트,만수주공5단지,,만수주공아파트,1,아파트,5,900,1987-09-12,한국부동산원_공동주택 단지 식별정보_기본정보_20250918
28200100050225,2820010300100200000,인천광역시,남동구,,만수동,20,인천광역시 남동구 만수동 20,만수주공아파트,만수주공6단지,,만수주공아파트,1,아파트,21,800,1986-10-27,한국부동산원_공동주택 단지 식별정보_기본정보_20250918
28200100009048,2820010300100290000,인천광역시,남동구,,만수동,29,인천광역시 남동구 만수동 29,만수주공아파트,만수주공1단지,,만수주공아파트,1,아파트,11,390,1985-10-31,한국부동산원_공동주택 단지 식별정보_기본정보_20250918
28200100050222,2820010300100290000,인천광역시,남동구,,만수동,29,인천광역시 남동구 만수동 29,만수주공아파트,만수주공2단지,,만수주공아파트,1,아파트,18,1920,1987-07-10,한국부동산원_공동주택 단지 식별정보_기본정보_20250918
28200100050223,2820010300100460000,인천광역시,남동구,,만수동,46,인천광역시 남동구 만수동 46,만수주공3단지,만수주공3단지,,,1,아파트,12,390,1986-10-27,한국부동산원_공동주택 단지 식별정보_기본정보_20250918
28200100218824,2820010300104230003,인천광역시,남동구,,만수동,423-3,인천광역시 남동구 만수동 423-3,장수,장수,,,1,아파트,1,19,1999-10-16,한국부동산원_공동주택 단지 식별정보_기본정보_20250918
28200120054632,2820010300108440001,인천광역시,남동구,,만수동,844-1,인천광역시 남동구 만수동 844-1,대성유니드별빛마을아파트,대성유니드별빛마을,대성유니드별빛마을아파트,대성유니드별빛마을아파트,1,아파트,8,364,2006-09-04,한국부동산원_공동주택 단지 식별정보_기본정보_20250918
28200100218825,2820010300108440125,인천광역시,남동구,,만수동,844-125,인천광역시 남동구 만수동 844-125,포스트산호마을,산호(844-125),포스트산호마을,포스트산호마을,1,아파트,2,135,2004-07-16,한국부동산원_공동주택 단지 식별정보_기본정보_20250918
28200100009042,2820010300108480000,인천광역시,남동구,,만수동,848,인천광역시 남동구 만수동 848,영풍아파트(1차),영풍(848),영풍아파트(1차),영풍아파트(1차),1,아파트,2,132,1997-09-12,한국부동산원_공동주택 단지 식별정보_기본정보_20250918
28200100050226,2820010300108490000,인천광역시,남동구,,만수동,849,인천광역시 남동구 만수동 849,영풍아파트(2차),영풍(849),영풍아파트(2차),영풍아파트(2차),1,아파트,2,168,1998-05-28,한국부동산원_공동주택 단지 식별정보_기본정보_20250918
28200100009045,2820010300108590002,인천광역시,남동구,,만수동,859-2,인천광역시 남동구 만수동 859-2,이성아파트,이성,이성아파트,이성아파트,1,아파트,1,25,1986-10-18,한국부동산원_공동주택 단지 식별정보_기본정보_20250918
28200100256471,2820010300108690000,인천광역시,남동구,,만수동,869,인천광역시 남동구 만수동 869,인평스페스힐햇님마을아파트,인평스페스힐햇님마을,인평스페스힐햇님마을아파트,인평스페스힐햇님마을아파트,1,아파트,1,64,2005-01-26,한국부동산원_공동주택 단지 식별정보_기본정보_20250918
28200120107119,2820010300108690021,인천광역시,남동구,,만수동,869-21,인천광역시 남동구 만수동 869-21,삼익플라주아파트,삼익플라주,삼익플라주아파트,삼익플라주아파트,1,아파트,1,69,2008-10-31,한국부동산원_공동주택 단지 식별정보_기본정보_20250918
28200100009041,2820010300108760001,인천광역시,남동구,,만수동,876-1,인천광역시 남동구 만수동 876-1,영종아파트,영종,,영종아파트,1,아파트,2,75,1989-08-18,한국부동산원_공동주택 단지 식별정보_기본정보_20250918
28200100009037,2820010300108810001,인천광역시,남동구,,만수동,881-1,인천광역시 남동구 만수동 881-1,신화아파트,신화,,신화아파트,1,아파트,2,60,1983-10-25,한국부동산원_공동주택 단지 식별정보_기본정보_20250918
28200120453463,2820010300108890000,인천광역시,남동구,,만수동,889,인천광역시 남동구 만수동 889,만수동 청울림,만수동청울림,만수동 청울림,,1,아파트,1,113,2024-11-20,한국부동산원_공동주택 단지 식별정보_기본정보_20250918
28200112118275,2820010300108980039,인천광역시,남동구,,만수동,898-39,인천광역시 남동구 만수동 898-39,휴먼테크빌(2동),휴먼테크빌(2동),,,1,아파트,1,9,2002-10-14,한국부동산원_공동주택 단지 식별정보_기본정보_20250918
28200120054633,2820010300109000017,인천광역시,남동구,,만수동,900-17,인천광역시 남동구 만수동 900-17,고운웰리움,고운웰리움,고운웰리움,고운웰리움,1,아파트,1,101,2006-08-25,한국부동산원_공동주택 단지 식별정보_기본정보_20250918
28200100009025,2820010300109010026,인천광역시,남동구,,만수동,901-26,인천광역시 남동구 만수동 901-26,미림,미림,,,1,아파트,1,30,1988-03-26,한국부동산원_공동주택 단지 식별정보_기본정보_20250918
28200100009029,2820010300109020000,인천광역시,남동구,,만수동,902,인천광역시 남동구 만수동 902,삼용아파트,삼용,,삼용아파트,1,아파트,2,144,1988-09-30,한국부동산원_공동주택 단지 식별정보_기본정보_20250918
28200100009024,2820010300109040018,인천광역시,남동구,,만수동,904-18,인천광역시 남동구 만수동 904-18,동남아파트,동남,,동남아파트,1,아파트,3,110,1984-12-28,한국부동산원_공동주택 단지 식별정보_기본정보_20250918
28200100009058,2820010300109050000,인천광역시,남동구,,만수동,905,인천광역시 남동구 만수동 905,효성아파트,효성상아,효성아파트,효성아파트,1,아파트,7,720,1985-06-10,한국부동산원_공동주택 단지 식별정보_기본정보_20250918
28200100009056,2820010300109170001,인천광역시,남동구,,만수동,917-1,인천광역시 남동구 만수동 917-1,현광아파트,현광,,현광아파트,1,아파트,2,90,1988-07-09,한국부동산원_공동주택 단지 식별정보_기본정보_20250918
28200100009017,2820010300109220013,인천광역시,남동구,,만수동,922-13,인천광역시 남동구 만수동 922-13,금원,금원,,,1,아파트,2,79,1985-06-24,한국부동산원_공동주택 단지 식별정보_기본정보_20250918
28200100448880,2820010300109230001,인천광역시,남동구,,만수동,923-1,인천광역시 남동구 만수동 923-1,신한(923-1),신한(923-1),,,1,아파트,1,40,1988-05-28,한국부동산원_공동주택 단지 식별정보_기본정보_20250918
28200100052533,2820010300109250008,인천광역시,남동구,,만수동,925-8,인천광역시 남동구 만수동 925-8,이화골드아파트102동,이화골드,이화골드아파트102동,이화골드아파트101동,1,아파트,2,32,2003-05-10,한국부동산원_공동주택 단지 식별정보_기본정보_20250918
28200100052462,2820010300109270001,인천광역시,남동구,,만수동,927-1,인천광역시 남동구 만수동 927-1,은성프레미오101동,은성프레미오101동,,,1,아파트,1,18,2003-08-20,한국부동산원_공동주택 단지 식별정보_기본정보_20250918
28200120032075,2820010300109270003,인천광역시,남동구,,만수동,927-3,인천광역시 남동구 만수동 927-3,은성프레미오102동,은성프레미오102동,,,1,아파트,1,18,2003-08-20,한국부동산원_공동주택 단지 식별정보_기본정보_20250918
28200100052463,2820010300109270005,인천광역시,남동구,,만수동,927-5,인천광역시 남동구 만수동 927-5,정은홈타운아파트,정은홈타운,정은홈타운아파트,정은홈타운아파트,1,아파트,1,16,2003-04-09,한국부동산원_공동주택 단지 식별정보_기본정보_20250918
28200100009059,2820010300109270013,인천광역시,남동구,,만수동,927-13,인천광역시 남동구 만수동 927-13,삼일아파트,삼일,,삼일아파트,1,아파트,1,30,1985-02-06,한국부동산원_공동주택 단지 식별정보_기본정보_20250918
28200100009031,2820010300109660000,인천광역시,남동구,,만수동,966,인천광역시 남동구 만수동 966,삼환아파트,삼환2단지,,삼환아파트,1,아파트,5,660,1990-10-26,한국부동산원_공동주택 단지 식별정보_기본정보_20250918
28200100009028,2820010300109680001,인천광역시,남동구,,만수동,968-1,인천광역시 남동구 만수동 968-1,삼성,삼성,,,1,아파트,1,48,1984-04-26,한국부동산원_공동주택 단지 식별정보_기본정보_20250918
28200100050219,2820010300109830001,인천광역시,남동구,,만수동,983-1,인천광역시 남동구 만수동 983-1,삼환아파트,삼환1단지,,삼환아파트,1,아파트,6,660,1989-10-04,한국부동산원_공동주택 단지 식별정보_기본정보_20250918
28200100009061,2820010300110050000,인천광역시,남동구,,만수동,1005,인천광역시 남동구 만수동 1005,만수주공아파트,주공8단지,만수주공아파트,만수주공아파트,1,아파트,8,1440,1989-10-07,한국부동산원_공동주택 단지 식별정보_기본정보_20250918
28200100218827,2820010300110050000,인천광역시,남동구,,만수동,1005,인천광역시 남동구 만수동 1005,만수주공아파트,만수주공아파트7단지,만수주공아파트,만수주공아파트,1,아파트,9,1466,1989-10-07,한국부동산원_공동주택 단지 식별정보_기본정보_20250918
28200100009033,2820010300110140000,인천광역시,남동구,,만수동,1014,인천광역시 남동구 만수동 1014,남동아파트,남동아파트,,남동아파트,1,아파트,6,770,1992-10-13,한국부동산원_공동주택 단지 식별정보_기본정보_20250918
28200100009021,2820010300110180000,인천광역시,남동구,,만수동,1018,인천광역시 남동구 만수동 1018,대동아파트,대동,대동아파트,대동아파트,1,아파트,5,560,1992-04-14,한국부동산원_공동주택 단지 식별정보_기본정보_20250918
28200100009052,2820010300110360000,인천광역시,남동구,,만수동,1036,인천광역시 남동구 만수동 1036,진흥아파트,진흥(1036),진흥아파트,진흥아파트,1,아파트,5,300,1991-10-31,한국부동산원_공동주택 단지 식별정보_기본정보_20250918
28200100009057,2820010300110370000,인천광역시,남동구,,만수동,1037,인천광역시 남동구 만수동 1037,현대아파트,현대,,현대아파트,1,아파트,5,560,1992-10-08,한국부동산원_공동주택 단지 식별정보_기본정보_20250918
28200100009030,2820010300110380000,인천광역시,남동구,,만수동,1038,인천광역시 남동구 만수동 1038,삼익아파트,삼익세라믹,,삼익아파트,1,아파트,3,256,1992-08-31,한국부동산원_공동주택 단지 식별정보_기본정보_20250918
28200100009016,2820010300110420000,인천광역시,남동구,,만수동,1042,인천광역시 남동구 만수동 1042,광명아파트,광명아파트,,광명아파트,1,아파트,6,870,1991-11-29,한국부동산원_공동주택 단지 식별정보_기본정보_20250918
28200100009049,2820010300110430000,인천광역시,남동구,,만수동,1043,인천광역시 남동구 만수동 1043,만수9단지 공공임대아파트,만수주공10단지,,만수9단지 공공임대아파트,1,아파트,3,420,1994-05-21,한국부동산원_공동주택 단지 식별정보_기본정보_20250918
28200120149653,2820010300110430000,인천광역시,남동구,,만수동,1043,인천광역시 남동구 만수동 1043,만수9단지 공공임대아파트,만수9단지공공임대,,만수9단지 공공임대아파트,1,아파트,5,630,1994-05-21,한국부동산원_공동주택 단지 식별정보_기본정보_20250918
28200100009019,2820010300110440000,인천광역시,남동구,,만수동,1044,인천광역시 남동구 만수동 1044,만수뉴서울아파트,만수뉴서울아파트,만수뉴서울아파트,만수뉴서울아파트,1,아파트,6,1234,1992-07-09,한국부동산원_공동주택 단지 식별정보_기본정보_20250918
28200100009054,2820010300110450000,인천광역시,남동구,,만수동,1045,인천광역시 남동구 만수동 1045,한국아파트,한국,한국아파트,한국아파트,1,아파트,4,608,1992-04-22,한국부동산원_공동주택 단지 식별정보_기본정보_20250918
28200100009018,2820010300110480000,인천광역시,남동구,,만수동,1048,인천광역시 남동구 만수동 1048,금호타운,금호타운,,금호타운,1,아파트,5,414,1992-10-05,한국부동산원_공동주택 단지 식별정보_기본정보_20250918
28200100009020,2820010300110490000,인천광역시,남동구,,만수동,1049,인천광역시 남동구 만수동 1049,담방마을아파트,담방마을,,담방마을아파트,1,아파트,9,1100,1994-05-14,한국부동산원_공동주택 단지 식별정보_기본정보_20250918
28200100009014,2820010300110790002,인천광역시,남동구,,만수동,1079-2,인천광역시 남동구 만수동 1079-2,공작아파트,공작아파트,,공작아파트,1,아파트,3,99,1988-11-22,한국부동산원_공동주택 단지 식별정보_기본정보_20250918
28200100009044,2820010300110850007,인천광역시,남동구,,만수동,1085-7,인천광역시 남동구 만수동 1085-7,이삭아파트 201동,이삭(1085-7)201동,이삭아파트 201동,이삭아파트 201동,1,아파트,1,48,1999-08-28,한국부동산원_공동주택 단지 식별정보_기본정보_20250918
28200100009043,2820010300110860001,인천광역시,남동구,,만수동,1086-1,인천광역시 남동구 만수동 1086-1,이삭아파트,이삭(1086-1),이삭아파트,이삭아파트,1,아파트,5,299,2000-05-04,한국부동산원_공동주택 단지 식별정보_기본정보_20250918
28200100009050,2820010300111130000,인천광역시,남동구,,만수동,1113,인천광역시 남동구 만수동 1113,만수11단지주공아파트,주공11단지,만수11단지주공아파트,만수11단지주공아파트,1,아파트,11,902,1997-11-21,한국부동산원_공동주택 단지 식별정보_기본정보_20250918
28200100009026,2820010300111140000,인천광역시,남동구,,만수동,1114,인천광역시 남동구 만수동 1114,햇빛마을벽산아파트,벽산,햇빛마을벽산아파트,햇빛마을벽산아파트,1,아파트,19,2073,2000-05-31,한국부동산원_공동주택 단지 식별정보_기본정보_20250918
28200120138981,2820010300111150001,인천광역시,남동구,,만수동,1115-1,인천광역시 남동구 만수동 1115-1,포레시안(Foresian),포레시안,포레시안(Foresian),포레시안(Foresian),1,아파트,38,3208,2011-05-20,한국부동산원_공동주택 단지 식별정보_기본정보_20250918
28200120157199,2820010300111160001,인천광역시,남동구,,만수동,1116-1,인천광역시 남동구 만수동 1116-1,향촌휴먼시아2단지,향촌휴먼시아2단지,향촌휴먼시아2단지,향촌휴먼시아2단지,1,아파트,5,438,2012-05-16,한국부동산원_공동주택 단지 식별정보_기본정보_20250918
28200120411380,2820010300111230000,인천광역시,남동구,,만수동,1123,인천광역시 남동구 만수동 1123,하우스토리 만수,하우스토리만수,하우스토리 만수,하우스토리 만수,1,아파트,9,795,2020-07-27,한국부동산원_공동주택 단지 식별정보_기본정보_20250918
28200120070677,2820010400107740000,인천광역시,남동구,,장수동,774,인천광역시 남동구 장수동 774,장자마을한별렉스힐아파트,장자마을한별렉스힐,장자마을한별렉스힐아파트,장자마을 한별렉스힐아파트,1,아파트,3,60,2007-06-14,한국부동산원_공동주택 단지 식별정보_기본정보_20250918
28200120020073,2820010400108060003,인천광역시,남동구,,장수동,806-3,인천광역시 남동구 장수동 806-3,주공아파트,주공임대(806-3),주공아파트,주공아파트,1,아파트,8,795,2005-07-11,한국부동산원_공동주택 단지 식별정보_기본정보_20250918
28200100009062,2820010500105370000,인천광역시,남동구,,서창동,537,인천광역시 남동구 서창동 537,태평아파트,태평1차,태평아파트,태평아파트,1,아파트,4,435,1995-11-09,한국부동산원_공동주택 단지 식별정보_기본정보_20250918
28200100009063,2820010500105380000,인천광역시,남동구,,서창동,538,인천광역시 남동구 서창동 538,태평아파트,태평2차,태평아파트,태평아파트,1,아파트,5,577,1997-12-23,한국부동산원_공동주택 단지 식별정보_기본정보_20250918
28200120094901,2820010500105400000,인천광역시,남동구,,서창동,540,인천광역시 남동구 서창동 540,서해그랑블아파트,서해그랑블,서해그랑블아파트,서해그랑블아파트,1,아파트,5,523,2008-05-30,한국부동산원_공동주택 단지 식별정보_기본정보_20250918
28200100009064,2820010500105450000,인천광역시,남동구,,서창동,545,인천광역시 남동구 서창동 545,현대모닝사이드 아파트,현대모닝사이드,현대모닝사이드 아파트,현대모닝사이드 아파트,1,아파트,8,630,2002-11-02,한국부동산원_공동주택 단지 식별정보_기본정보_20250918
28200120064713,2820010500105600002,인천광역시,남동구,,서창동,560-2,인천광역시 남동구 서창동 560-2,임광 그대가,임광그대가,임광 그대가,임광 그대가,1,아파트,18,666,2007-01-30,한국부동산원_공동주택 단지 식별정보_기본정보_20250918
28200120113504,2820010500105610001,인천광역시,남동구,,서창동,561-1,인천광역시 남동구 서창동 561-1,서창자이,서창자이,서창자이,서창자이,1,아파트,7,500,2008-12-19,한국부동산원_공동주택 단지 식별정보_기본정보_20250918
28200120313026,2820010500106360000,인천광역시,남동구,,서창동,636,인천광역시 남동구 서창동 636,인천서창엘에이치1단지,인천서창엘에이치1단지,인천서창엘에이치1단지,인천서창엘에이치1단지,1,아파트,16,2186,2015-02-16,한국부동산원_공동주택 단지 식별정보_기본정보_20250918
28200120332966,2820010500106390000,인천광역시,남동구,,서창동,639,인천광역시 남동구 서창동 639,서창 베니엔,서창베니엔,서창 베니엔,서창 베니엔,1,아파트,13,742,2016-03-09,한국부동산원_공동주택 단지 식별정보_기본정보_20250918
28200120356670,2820010500106400000,인천광역시,남동구,,서창동,640,인천광역시 남동구 서창동 640,청광플러스원아파트,청광플러스원아파트,청광플러스원아파트,청광플러스원아파트,1,아파트,7,582,2017-09-14,한국부동산원_공동주택 단지 식별정보_기본정보_20250918
28200120359999,2820010500106760000,인천광역시,남동구,,서창동,676,인천광역시 남동구 서창동 676,더포레스트,더포레스트,더포레스트,더포레스트,1,아파트,12,1228,2017-12-15,한국부동산원_공동주택 단지 식별정보_기본정보_20250918
28200120359104,2820010500106790000,인천광역시,남동구,,서창동,679,인천광역시 남동구 서창동 679,인천서창엘에이치15단지,인천서창엘에이치15단지,인천서창엘에이치15단지,인천서창엘에이치15단지,1,아파트,5,678,2017-12-08,한국부동산원_공동주택 단지 식별정보_기본정보_20250918
28200120360491,2820010500106820000,인천광역시,남동구,,서창동,682,인천광역시 남동구 서창동 682,서창센트럴푸르지오,서창센트럴푸르지오,서창센트럴푸르지오,서창센트럴푸르지오,1,아파트,10,1160,2018-01-19,한국부동산원_공동주택 단지 식별정보_기본정보_20250918
28200120354289,2820010500106850000,인천광역시,남동구,,서창동,685,인천광역시 남동구 서창동 685,이편한세상서창,이편한세상서창,이편한세상서창,이편한세상서창,1,아파트,8,835,2017-06-21,한국부동산원_공동주택 단지 식별정보_기본정보_20250918
28200120286755,2820010500106920000,인천광역시,남동구,,서창동,692,인천광역시 남동구 서창동 692,서창센트라스아파트,서창센트라스아파트,서창센트라스아파트,서창센트라스아파트,1,아파트,8,566,2014-03-12,한국부동산원_공동주택 단지 식별정보_기본정보_20250918
28200120295432,2820010500106950000,인천광역시,남동구,,서창동,695,인천광역시 남동구 서창동 695,에코 에비뉴,에코에비뉴,에코 에비뉴,에코 에비뉴,1,아파트,10,855,2014-07-22,한국부동산원_공동주택 단지 식별정보_기본정보_20250918
28200120161299,2820010500106990000,인천광역시,남동구,,서창동,699,인천광역시 남동구 서창동 699,서창퍼스트뷰,서창퍼스트뷰(7단지),서창퍼스트뷰,서창퍼스트뷰아파트,1,아파트,22,1196,2012-06-14,한국부동산원_공동주택 단지 식별정보_기본정보_20250918
28200120354758,2820010500107020000,인천광역시,남동구,,서창동,702,인천광역시 남동구 서창동 702,호반 베르디움,호반베르디움,호반 베르디움,호반 베르디움,1,아파트,8,600,2017-07-04,한국부동산원_공동주택 단지 식별정보_기본정보_20250918
28200120153689,2820010500107150000,인천광역시,남동구,,서창동,715,인천광역시 남동구 서창동 715,서창베라체아파트,서창베라체아파트(11단지),서창베라체아파트,서창베라체아파트,1,아파트,17,938,2012-03-14,한국부동산원_공동주택 단지 식별정보_기본정보_20250918
28200120292015,2820010500107170000,인천광역시,남동구,,서창동,717,인천광역시 남동구 서창동 717,인천서창엘에이치12단지,인천서창엘에이치12단지,인천서창엘에이치12단지,인천서창엘에이치12단지,1,아파트,14,1534,2014-04-01,한국부동산원_공동주택 단지 식별정보_기본정보_20250918
28200120400600,2820010500107440000,인천광역시,남동구,,서창동,744,인천광역시 남동구 서창동 744,인천서창엘에이치14단지,인천서창엘에에치14단지,인천서창엘에이치14단지,인천서창엘에이치14단지,1,아파트,3,950,2020-01-21,한국부동산원_공동주택 단지 식별정보_기본정보_20250918
28200120384225,2820010500107450000,인천광역시,남동구,,서창동,745,인천광역시 남동구 서창동 745,인천 서창 꿈에그린,인천서창꿈에그린,인천 서창 꿈에그린,인천 서창 꿈에그린,1,아파트,9,1212,2019-02-26,한국부동산원_공동주택 단지 식별정보_기본정보_20250918
28200100009010,2820010700103200002,인천광역시,남동구,,남촌동,320-2,인천광역시 남동구 남촌동 320-2,풍림아파트,남촌풍림1차,,풍림아파트,1,아파트,3,421,1998-03-23,한국부동산원_공동주택 단지 식별정보_기본정보_20250918
28200100009011,2820010700103910003,인천광역시,남동구,,남촌동,391-3,인천광역시 남동구 남촌동 391-3,남촌2차풍림아파트,남촌풍림2차,남촌2차풍림아파트,남촌2차풍림아파트,1,아파트,3,319,2000-07-22,한국부동산원_공동주택 단지 식별정보_기본정보_20250918
28200100009009,2820010700105710001,인천광역시,남동구,,남촌동,571-1,인천광역시 남동구 남촌동 571-1,청호아파트,청호,,청호아파트,1,아파트,3,132,1991-06-01,한국부동산원_공동주택 단지 식별정보_기본정보_20250918
28200100009012,2820010700106490000,인천광역시,남동구,,남촌동,649,인천광역시 남동구 남촌동 649,남촌3차풍림아파트,남촌풍림3차,,남촌3차풍림아파트,1,아파트,8,735,1999-12-01,한국부동산원_공동주택 단지 식별정보_기본정보_20250918
28200100009008,2820010700106510000,인천광역시,남동구,,남촌동,651,인천광역시 남동구 남촌동 651,삼호아파트,삼호,삼호아파트,삼호아파트,1,아파트,1,98,2001-11-19,한국부동산원_공동주택 단지 식별정보_기본정보_20250918
28200100218833,2820010900106290001,인천광역시,남동구,,도림동,629-1,인천광역시 남동구 도림동 629-1,도림주공그린빌1단지아파트,주공그린빌1차,도림주공그린빌1단지아파트,도림주공그린빌1단지아파트,1,아파트,6,714,2003-06-10,한국부동산원_공동주택 단지 식별정보_기본정보_20250918
28200100050990,2820010900106300001,인천광역시,남동구,,도림동,630-1,인천광역시 남동구 도림동 630-1,도림주공그린빌2단지아파트,주공그린빌2차,도림주공그린빌2단지아파트,도림주공그린빌2단지아파트,1,아파트,8,642,2003-10-06,한국부동산원_공동주택 단지 식별정보_기본정보_20250918
28200120096735,2820010900106510001,인천광역시,남동구,,도림동,651-1,인천광역시 남동구 도림동 651-1,도림 아이파크,도림아이파크,도림 아이파크,도림 아이파크,1,아파트,5,349,2008-06-26,한국부동산원_공동주택 단지 식별정보_기본정보_20250918
28200120090480,2820010900106540002,인천광역시,남동구,,도림동,654-2,인천광역시 남동구 도림동 654-2,벽산블루밍,벽산블루밍,벽산블루밍,벽산블루밍,1,아파트,6,342,2008-01-29,한국부동산원_공동주택 단지 식별정보_기본정보_20250918
28200120178847,2820011000100660005,인천광역시,남동구,,논현동,66-5,인천광역시 남동구 논현동 66-5,논현유호엔시티 2단지,유호엔시티201동,논현유호엔시티 2단지,논현유호엔시티 2단지,1,아파트,1,95,2013-05-10,한국부동산원_공동주택 단지 식별정보_기본정보_20250918
28200120180911,2820011000100660024,인천광역시,남동구,,논현동,66-24,인천광역시 남동구 논현동 66-24,논현유호엔시티 1단지,유호엔시티101-103동,논현유호엔시티 1단지,논현유호엔시티 1단지,1,아파트,3,383,2013-05-09,한국부동산원_공동주택 단지 식별정보_기본정보_20250918
28200120451901,2820011000101110007,인천광역시,남동구,,논현동,111-7,인천광역시 남동구 논현동 111-7,이안 논현 오션파크,이안논현오션파크,이안 논현 오션파크,이안 논현 오션파크,1,아파트,2,294,2024-06-21,한국부동산원_공동주택 단지 식별정보_기본정보_20250918
28200100009069,2820011000105490000,인천광역시,남동구,,논현동,549,인천광역시 남동구 논현동 549,한라아파트,한라,한라아파트,한라아파트,1,아파트,1,288,1996-02-29,한국부동산원_공동주택 단지 식별정보_기본정보_20250918
28200100009065,2820011000105630002,인천광역시,남동구,,논현동,563-2,인천광역시 남동구 논현동 563-2,동보아파트,동보,,동보아파트,1,아파트,4,278,1999-06-30,한국부동산원_공동주택 단지 식별정보_기본정보_20250918
28200100009067,2820011000105630003,인천광역시,남동구,,논현동,563-3,인천광역시 남동구 논현동 563-3,논현주공아파트,주공2단지,,논현주공아파트,1,아파트,14,1252,1998-08-25,한국부동산원_공동주택 단지 식별정보_기본정보_20250918
28200100009066,2820011000105640001,인천광역시,남동구,,논현동,564-1,인천광역시 남동구 논현동 564-1,논현주공아파트,주공1단지,논현주공아파트,논현주공아파트,1,아파트,14,1190,1998-08-10,한국부동산원_공동주택 단지 식별정보_기본정보_20250918
28200100009068,2820011000105770000,인천광역시,남동구,,논현동,577,인천광역시 남동구 논현동 577,소래마을풍림아파트,풍림,소래마을풍림아파트,소래마을풍림아파트,1,아파트,20,1517,2000-03-25,한국부동산원_공동주택 단지 식별정보_기본정보_20250918
28200120121451,2820011000105800001,인천광역시,남동구,,논현동,580-1,인천광역시 남동구 논현동 580-1,논현 파크 포레,논현파크포레,논현 파크 포레,논현 파크 포레,1,아파트,11,872,2009-06-09,한국부동산원_공동주택 단지 식별정보_기본정보_20250918
28200120415241,2820011000105810001,인천광역시,남동구,,논현동,581-1,인천광역시 남동구 논현동 581-1,논현엘에이치15단지,논현엘에이치15단지,논현엘에이치15단지,논현엘에이치15단지,1,아파트,2,260,2020-12-11,한국부동산원_공동주택 단지 식별정보_기본정보_20250918
28200120438338,2820011000105880002,인천광역시,남동구,,논현동,588-2,인천광역시 남동구 논현동 588-2,인천논현 엘에이치 16단지,인천논현엘에이치16단지,인천논현 엘에이치 16단지,인천논현 엘에이치 16단지,1,아파트,2,238,2022-07-21,한국부동산원_공동주택 단지 식별정보_기본정보_20250918
28200120059722,2820011000105990001,인천광역시,남동구,,논현동,599-1,인천광역시 남동구 논현동 599-1,주공아파트,주공14단지(등대마을),주공아파트,주공아파트,1,아파트,13,1800,2006-08-04,한국부동산원_공동주택 단지 식별정보_기본정보_20250918
28200120021014,2820011000106000001,인천광역시,남동구,,논현동,600-1,인천광역시 남동구 논현동 600-1,주공아파트,주공12단지(산뒤마을),주공아파트,주공아파트,1,아파트,6,801,2005-11-09,한국부동산원_공동주택 단지 식별정보_기본정보_20250918
28200120048514,2820011000106000009,인천광역시,남동구,,논현동,600-9,인천광역시 남동구 논현동 600-9,주공아파트,주공13단지(푸르내마을),주공아파트,주공아파트,1,아파트,9,785,2006-04-14,한국부동산원_공동주택 단지 식별정보_기본정보_20250918
28200120099412,2820011000106010001,인천광역시,남동구,,논현동,601-1,인천광역시 남동구 논현동 601-1,별빛마을 웰카운티,별빛마을웰카운티(10단지),별빛마을 웰카운티,별빛마을 웰카운티,1,아파트,9,888,2008-07-16,한국부동산원_공동주택 단지 식별정보_기본정보_20250918
28200120054599,2820011000106020001,인천광역시,남동구,,논현동,602-1,인천광역시 남동구 논현동 602-1,논현단풍마을트리플에듀,논현단풍마을트리플에듀,논현단풍마을트리플에듀,논현단풍마을트리플에듀,1,아파트,11,898,2006-07-13,한국부동산원_공동주택 단지 식별정보_기본정보_20250918
28200120054600,2820011000106030001,인천광역시,남동구,,논현동,603-1,인천광역시 남동구 논현동 603-1,휴먼시아 동산마을,주공뜨란채8단지,휴먼시아 동산마을,휴먼시아 동산마을,1,아파트,10,833,2006-07-12,한국부동산원_공동주택 단지 식별정보_기본정보_20250918
28200120080037,2820011000106040001,인천광역시,남동구,,논현동,604-1,인천광역시 남동구 논현동 604-1,냇마을 신영지웰,냇마을신영지웰(9단지),냇마을 신영지웰,냇마을 신영지웰,1,아파트,10,985,2007-10-27,한국부동산원_공동주택 단지 식별정보_기본정보_20250918
28200120067814,2820011000106180001,인천광역시,남동구,,논현동,618-1,인천광역시 남동구 논현동 618-1,논현 신일해피트리,논현신일해피트리,논현 신일해피트리,논현 신일 해피트리,1,아파트,12,828,2007-05-14,한국부동산원_공동주택 단지 식별정보_기본정보_20250918
28200120067815,2820011000106330001,인천광역시,남동구,,논현동,633-1,인천광역시 남동구 논현동 633-1,논현휴먼시아,논현휴먼시아달맞이마을(5단지),논현휴먼시아,논현휴먼시아,1,아파트,15,1522,2007-03-30,한국부동산원_공동주택 단지 식별정보_기본정보_20250918
28200120086616,2820011000106340001,인천광역시,남동구,,논현동,634-1,인천광역시 남동구 논현동 634-1,어진마을 한화 꿈에그린,어진마을한화꿈에그린(6단지),어진마을 한화 꿈에그린,어진마을 한화 꿈에그린,1,아파트,13,982,2007-12-24,한국부동산원_공동주택 단지 식별정보_기본정보_20250918
28200120094908,2820011000106350001,인천광역시,남동구,,논현동,635-1,인천광역시 남동구 논현동 635-1,논현휴먼시아 하늘마을,논현휴먼시아하늘마을(3단지),논현휴먼시아 하늘마을,논현휴먼시아 하늘마을,1,아파트,20,2148,2008-05-20,한국부동산원_공동주택 단지 식별정보_기본정보_20250918
28200120391915,2820011000106350003,인천광역시,남동구,,논현동,635-3,인천광역시 남동구 논현동 635-3,논현하늘마을엘에이치4단지,논현하늘마을엘에이치4단지,논현하늘마을엘에이치4단지,논현하늘마을엘에이치4단지,1,아파트,2,412,2018-12-14,한국부동산원_공동주택 단지 식별정보_기본정보_20250918
28200120100549,2820011000106430001,인천광역시,남동구,,논현동,643-1,인천광역시 남동구 논현동 643-1,논현휴먼시아 범마을,논현휴먼시아범마을(2단지),논현휴먼시아 범마을,논현휴먼시아 범마을,1,아파트,12,1278,2008-06-19,한국부동산원_공동주택 단지 식별정보_기본정보_20250918
28200120133104,2820011000107320001,인천광역시,남동구,,논현동,732-1,인천광역시 남동구 논현동 732-1,인천 논현 힐스테이트,논현힐스테이트,인천 논현 힐스테이트,인천 논현 힐스테이트,1,아파트,5,594,2010-10-22,한국부동산원_공동주택 단지 식별정보_기본정보_20250918
28200120137732,2820011000107400001,인천광역시,남동구,,논현동,740-1,인천광역시 남동구 논현동 740-1,소래휴먼시아 1단지,소래휴먼시아1단지,소래휴먼시아 1단지,소래휴먼시아 1단지,1,아파트,10,882,2011-04-12,한국부동산원_공동주택 단지 식별정보_기본정보_20250918
28200120172315,2820011000107400002,인천광역시,남동구,,논현동,740-2,인천광역시 남동구 논현동 740-2,소래휴먼시아 3단지,소래휴먼시아3단지,소래휴먼시아 3단지,소래휴먼시아 3단지,1,아파트,24,2026,2010-11-30,한국부동산원_공동주택 단지 식별정보_기본정보_20250918
28200120304512,2820011000107490001,인천광역시,남동구,,논현동,749-1,인천광역시 남동구 논현동 749-1,논현센트럴뷰,논현센트럴뷰,논현센트럴뷰,논현센트럴뷰,1,아파트,6,820,2014-11-14,한국부동산원_공동주택 단지 식별정보_기본정보_20250918
28200120277167,2820011000107510001,인천광역시,남동구,,논현동,751-1,인천광역시 남동구 논현동 751-1,인천 소래논현구역 C10블록 에코메트로 3차 더 타워,에코메트로3차더타워,인천 소래논현구역 C10블록 에코메트로 3차 더 타워,,1,아파트,3,644,2013-11-01,한국부동산원_공동주택 단지 식별정보_기본정보_20250918
28200120134242,2820011000107550001,인천광역시,남동구,,논현동,755-1,인천광역시 남동구 논현동 755-1,에코메트로 5블록 한화 꿈에그린아파트,에코메트로5,에코메트로 5블록 한화 꿈에그린아파트,에코메트로 5블록 한화 꿈에그린아파트,1,아파트,8,1052,2010-12-24,한국부동산원_공동주택 단지 식별정보_기본정보_20250918
28200120121613,2820011000107550004,인천광역시,남동구,,논현동,755-4,인천광역시 남동구 논현동 755-4,에코메트로12단지한화꿈에그린아파트,에코메트로12,에코메트로12단지한화꿈에그린아파트,에코메트로12단지한화꿈에그린아파트,1,아파트,16,1298,2009-07-29,한국부동산원_공동주택 단지 식별정보_기본정보_20250918
28200120134324,2820011000107560001,인천광역시,남동구,,논현동,756-1,인천광역시 남동구 논현동 756-1,에코메트로 6블록 한화 꿈에그린아파트,에코메트로6,에코메트로 6블록 한화 꿈에그린아파트,에코메트로 6블록 한화 꿈에그린아파트,1,아파트,7,960,2010-12-24,한국부동산원_공동주택 단지 식별정보_기본정보_20250918
28200120172314,2820011000107570001,인천광역시,남동구,,논현동,757-1,인천광역시 남동구 논현동 757-1,에코메트로 7블록 한화 꿈에그린아파트,에코메트로7,에코메트로 7블록 한화 꿈에그린아파트,에코메트로 7블록 한화 꿈에그린아파트,1,아파트,7,848,2010-12-24,한국부동산원_공동주택 단지 식별정보_기본정보_20250918
28200120375468,2820011000107640004,인천광역시,남동구,,논현동,764-4,인천광역시 남동구 논현동 764-4,논현유승한내들,논현유승한내들,논현유승한내들,논현유승한내들,1,아파트,3,376,2018-10-01,한국부동산원_공동주택 단지 식별정보_기본정보_20250918
28200120135864,2820011000107660001,인천광역시,남동구,,논현동,766-1,인천광역시 남동구 논현동 766-1,에코메트로 9블록 한화 꿈에그린아파트,에코메트로9,에코메트로 9블록 한화 꿈에그린아파트,에코메트로 9블록 한화 꿈에그린아파트,1,아파트,6,810,2011-02-18,한국부동산원_공동주택 단지 식별정보_기본정보_20250918
28200120172313,2820011000107730001,인천광역시,남동구,,논현동,773-1,인천광역시 남동구 논현동 773-1,에코메트로 10블록 한화 꿈에그린아파트,에코메트로10,에코메트로 10블록 한화 꿈에그린아파트,에코메트로 10블록 한화 꿈에그린아파트,1,아파트,5,556,2010-12-24,한국부동산원_공동주택 단지 식별정보_기본정보_20250918
28200120121612,2820011000107740001,인천광역시,남동구,,논현동,774-1,인천광역시 남동구 논현동 774-1,에코메트로11단지한화꿈에그린아파트,에코메트로11,에코메트로11단지한화꿈에그린아파트,에코메트로11단지한화꿈에그린아파트,1,아파트,20,1622,2009-07-29,한국부동산원_공동주택 단지 식별정보_기본정보_20250918
28200120394474,2820011000108100000,인천광역시,남동구,,논현동,810,인천광역시 남동구 논현동 810,논현푸르지오 더퍼스트,논현푸르지오더퍼스트,논현푸르지오 더퍼스트,논현푸르지오 더퍼스트,1,아파트,7,754,2019-10-17,한국부동산원_공동주택 단지 식별정보_기본정보_20250918
28237100608198,2823710100100130040,인천광역시,부평구,,부평동,13-40,인천광역시 부평구 부평동 13-40,드림1차아파트,드림1차,드림1차아파트,드림1차아파트,1,아파트,1,17,2002-12-18,한국부동산원_공동주택 단지 식별정보_기본정보_20250918
28237100218835,2823710100100130093,인천광역시,부평구,,부평동,13-93,인천광역시 부평구 부평동 13-93,드림아파트,드림2차,드림아파트,드림아파트,1,아파트,1,19,2003-07-22,한국부동산원_공동주택 단지 식별정보_기본정보_20250918
28237120392116,2823710100100450004,인천광역시,부평구,,부평동,45-4,인천광역시 부평구 부평동 45-4,프리미엄팰리스,프리미엄팰리스,프리미엄팰리스,프리미엄팰리스,1,아파트,1,10,2019-07-01,한국부동산원_공동주택 단지 식별정보_기본정보_20250918
28237120306238,2823710100100610009,인천광역시,부평구,,부평동,61-9,인천광역시 부평구 부평동 61-9,로뎀레뷰,로뎀레뷰,로뎀레뷰,로뎀레뷰,1,아파트,1,26,2014-12-16,한국부동산원_공동주택 단지 식별정보_기본정보_20250918
28237120344655,2823710100100620007,인천광역시,부평구,,부평동,62-7,인천광역시 부평구 부평동 62-7,어반휴플러스,어반휴플러스,어반휴플러스,어반휴플러스,1,아파트,1,18,2016-11-29,한국부동산원_공동주택 단지 식별정보_기본정보_20250918
28237100005800,2823710100100640020,인천광역시,부평구,,부평동,64-20,인천광역시 부평구 부평동 64-20,대림아파트,대림1차,대림아파트,대림아파트,1,아파트,10,1470,1989-12-07,한국부동산원_공동주택 단지 식별정보_기본정보_20250918
28237100005821,2823710100100650007,인천광역시,부평구,,부평동,65-7,인천광역시 부평구 부평동 65-7,욱일아파트,욱일,욱일아파트,욱일아파트,1,아파트,4,780,1990-10-19,한국부동산원_공동주택 단지 식별정보_기본정보_20250918
28237100005801,2823710100100650115,인천광역시,부평구,,부평동,65-115,인천광역시 부평구 부평동 65-115,부평일동대우아파트,대우,부평일동대우아파트,부평일동대우아파트,1,아파트,4,308,1998-08-28,한국부동산원_공동주택 단지 식별정보_기본정보_20250918
28237100005825,2823710100100650124,인천광역시,부평구,,부평동,65-124,인천광역시 부평구 부평동 65-124,한국아파트,한국1,한국아파트,한국아파트,1,아파트,2,180,1998-12-30,한국부동산원_공동주택 단지 식별정보_기본정보_20250918
28237100005803,2823710100100700005,인천광역시,부평구,,부평동,70-5,인천광역시 부평구 부평동 70-5,동아아파트,동아(1차),동아아파트,부평동아아파트,1,아파트,17,2475,1986-09-17,한국부동산원_공동주택 단지 식별정보_기본정보_20250918
28237100005823,2823710100100700078,인천광역시,부평구,,부평동,70-78,인천광역시 부평구 부평동 70-78,창보아파트,창보,창보아파트,창보아파트,1,아파트,1,202,1999-10-30,한국부동산원_공동주택 단지 식별정보_기본정보_20250918
28237100005802,2823710100100700123,인천광역시,부평구,,부평동,70-123,인천광역시 부평구 부평동 70-123,동아아파트,동아(2차),동아아파트,동아아파트,1,아파트,22,2128,1995-05-09,한국부동산원_공동주택 단지 식별정보_기본정보_20250918
28237120319568,2823710100100980085,인천광역시,부평구,,부평동,98-85,인천광역시 부평구 부평동 98-85,해송파크뷰,해송파크뷰,해송파크뷰,해송파크뷰,1,아파트,1,34,2015-05-21,한국부동산원_공동주택 단지 식별정보_기본정보_20250918
28237120021721,2823710100101040022,인천광역시,부평구,,부평동,104-22,인천광역시 부평구 부평동 104-22,대림에이원아파트,대림에이원,대림에이원아파트,대림에이원아파트,1,아파트,1,14,2005-07-29,한국부동산원_공동주택 단지 식별정보_기본정보_20250918
28237120277236,2823710100101150009,인천광역시,부평구,,부평동,115-9,인천광역시 부평구 부평동 115-9,부평센트레빌,부평센트레빌,부평센트레빌,부평센트레빌,1,아파트,1,69,2013-11-08,한국부동산원_공동주택 단지 식별정보_기본정보_20250918
28237120351127,2823710100101180046,인천광역시,부평구,,부평동,118-46,인천광역시 부평구 부평동 118-46,드림홈,드림홈,드림홈,드림홈,1,아파트,1,10,2017-05-15,한국부동산원_공동주택 단지 식별정보_기본정보_20250918
28237100218836,2823710100101180051,인천광역시,부평구,,부평동,118-51,인천광역시 부평구 부평동 118-51,영아이빌,영아이빌,영아이빌,영아이빌,1,아파트,1,13,2002-07-02,한국부동산원_공동주택 단지 식별정보_기본정보_20250918
28237120286116,2823710100101190002,인천광역시,부평구,,부평동,119-2,인천광역시 부평구 부평동 119-2,스위트홈,스위트홈,스위트홈,,1,아파트,1,69,2014-02-24,한국부동산원_공동주택 단지 식별정보_기본정보_20250918
28237120171226,2823710100101190007,인천광역시,부평구,,부평동,119-7,인천광역시 부평구 부평동 119-7,로뎀레뷰,로뎀레뷰,로뎀레뷰,로뎀레뷰,1,아파트,1,29,2012-12-28,한국부동산원_공동주택 단지 식별정보_기본정보_20250918
28237120341244,2823710100101190050,인천광역시,부평구,,부평동,119-50,인천광역시 부평구 부평동 119-50,더스카이뷰,더스카이뷰,더스카이뷰,더스카이뷰,1,아파트,1,14,2016-08-25,한국부동산원_공동주택 단지 식별정보_기본정보_20250918
28237120124701,2823710100101190058,인천광역시,부평구,,부평동,119-58,인천광역시 부평구 부평동 119-58,M타워,M타워(119-58),M타워,M타워,1,아파트,1,12,2009-11-10,한국부동산원_공동주택 단지 식별정보_기본정보_20250918
28237120316352,2823710100101240013,인천광역시,부평구,,부평동,124-13,인천광역시 부평구 부평동 124-13,신승캐슬,신승캐슬,신승캐슬,신승캐슬,1,아파트,1,26,2015-04-21,한국부동산원_공동주택 단지 식별정보_기본정보_20250918
28237120323244,2823710100101240021,인천광역시,부평구,,부평동,124-21,인천광역시 부평구 부평동 124-21,MV아파트,MV,MV아파트,MV아파트,1,아파트,1,52,2015-07-15,한국부동산원_공동주택 단지 식별정보_기본정보_20250918
28237120323128,2823710100101240032,인천광역시,부평구,,부평동,124-32,인천광역시 부평구 부평동 124-32,갤럭시아파트,갤럭시,갤럭시아파트,갤럭시아파트,1,아파트,1,56,2015-07-15,한국부동산원_공동주택 단지 식별정보_기본정보_20250918
28237120039386,2823710100101260009,인천광역시,부평구,,부평동,126-9,인천광역시 부평구 부평동 126-9,유진마젤란주상복합,유진마젤란주상복합,유진마젤란주상복합,유진마젤란주상복합,1,아파트,1,110,2005-03-23,한국부동산원_공동주택 단지 식별정보_기본정보_20250918
28237100218839,2823710100101320003,인천광역시,부평구,,부평동,132-3,인천광역시 부평구 부평동 132-3,신현대타운,신현대타운(132-3),신현대타운,신현대타운,1,아파트,1,17,2003-05-10,한국부동산원_공동주택 단지 식별정보_기본정보_20250918
28237100218840,2823710100101320004,인천광역시,부평구,,부평동,132-4,인천광역시 부평구 부평동 132-4,세림아파텔,세림아파텔,세림아파텔,세림아파텔,1,아파트,1,16,2002-12-06,한국부동산원_공동주택 단지 식별정보_기본정보_20250918
28237120312008,2823710100101320017,인천광역시,부평구,,부평동,132-17,인천광역시 부평구 부평동 132-17,그랜드캐슬,그랜드캐슬,그랜드캐슬,그랜드캐슬,1,아파트,1,42,2015-01-20,한국부동산원_공동주택 단지 식별정보_기본정보_20250918
28237120447212,2823710100101340005,인천광역시,부평구,,부평동,134-5,인천광역시 부평구 부평동 134-5,아트리움,아트리움,아트리움,,1,아파트,1,63,2023-08-07,한국부동산원_공동주택 단지 식별정보_기본정보_20250918
28237100608199,2823710100101340010,인천광역시,부평구,,부평동,134-10,인천광역시 부평구 부평동 134-10,우일아파트103동,우일(103동),우일아파트103동,우일아파트103동,1,아파트,1,14,2002-11-25,한국부동산원_공동주택 단지 식별정보_기본정보_20250918
28237120350336,2823710100101340013,인천광역시,부평구,,부평동,134-13,인천광역시 부평구 부평동 134-13,JY 팰리스,JY팰리스,JY 팰리스,JY 팰리스,1,아파트,1,28,2017-05-02,한국부동산원_공동주택 단지 식별정보_기본정보_20250918
28237100218841,2823710100101340014,인천광역시,부평구,,부평동,134-14,인천광역시 부평구 부평동 134-14,우일아파트101동,우일(101동),우일아파트101동,우일아파트101동,1,아파트,1,18,2002-09-06,한국부동산원_공동주택 단지 식별정보_기본정보_20250918
28237120182883,2823710100101340015,인천광역시,부평구,,부평동,134-15,인천광역시 부평구 부평동 134-15,DH 씨밀레,DH씨밀레,DH 씨밀레,,1,아파트,1,36,2013-08-27,한국부동산원_공동주택 단지 식별정보_기본정보_20250918
28237100218842,2823710100101340042,인천광역시,부평구,,부평동,134-42,인천광역시 부평구 부평동 134-42,우일아파트102동,우일(102동),우일아파트102동,우일아파트102동,1,아파트,1,18,2002-09-10,한국부동산원_공동주택 단지 식별정보_기본정보_20250918
28237120301663,2823710100101350003,인천광역시,부평구,,부평동,135-3,인천광역시 부평구 부평동 135-3,TK리즈빌,TK리즈빌,TK리즈빌,TK리즈빌,1,아파트,1,56,2014-10-17,한국부동산원_공동주택 단지 식별정보_기본정보_20250918
28237120322060,2823710100101350008,인천광역시,부평구,,부평동,135-8,인천광역시 부평구 부평동 135-8,청담아이리스,청담아이리스,청담아이리스,청담아이리스,1,아파트,1,16,2015-06-26,한국부동산원_공동주택 단지 식별정보_기본정보_20250918
28237120141500,2823710100101350009,인천광역시,부평구,,부평동,135-9,인천광역시 부평구 부평동 135-9,첼시아파트,첼시아파트,첼시아파트,첼시아파트,1,아파트,1,19,2011-07-26,한국부동산원_공동주택 단지 식별정보_기본정보_20250918
28237120340124,2823710100101350020,인천광역시,부평구,,부평동,135-20,인천광역시 부평구 부평동 135-20,조양 휴캐슬,조양휴캐슬,조양 휴캐슬,조양 휴캐슬,1,아파트,1,16,2016-07-12,한국부동산원_공동주택 단지 식별정보_기본정보_20250918
28237100005819,2823710100101400006,인천광역시,부평구,,부평동,140-6,인천광역시 부평구 부평동 140-6,신영(1동2동),신영(1동2동),,,1,아파트,2,95,1983-08-12,한국부동산원_공동주택 단지 식별정보_기본정보_20250918
28237120429970,2823710100101460006,인천광역시,부평구,,부평동,146-6,인천광역시 부평구 부평동 146-6,미주아파트,미주아파트,미주아파트,,1,아파트,1,82,2021-11-11,한국부동산원_공동주택 단지 식별정보_기본정보_20250918
28237120142391,2823710100101460007,인천광역시,부평구,,부평동,146-7,인천광역시 부평구 부평동 146-7,헤리움,헤리움,헤리움,,1,아파트,1,16,2011-09-06,한국부동산원_공동주택 단지 식별정보_기본정보_20250918
28237100052876,2823710100101460018,인천광역시,부평구,,부평동,146-18,인천광역시 부평구 부평동 146-18,원창아파트,원창,원창아파트,원창아파트,1,아파트,1,19,2003-01-25,한국부동산원_공동주택 단지 식별정보_기본정보_20250918
28237120179899,2823710100101460023,인천광역시,부평구,,부평동,146-23,인천광역시 부평구 부평동 146-23,리젠시아,리젠시아,리젠시아,리젠시아,1,아파트,1,28,2013-06-11,한국부동산원_공동주택 단지 식별정보_기본정보_20250918
28237120164747,2823710100101460026,인천광역시,부평구,,부평동,146-26,인천광역시 부평구 부평동 146-26,라일플로리스,라일플로리스,라일플로리스,,1,아파트,1,126,2012-09-19,한국부동산원_공동주택 단지 식별정보_기본정보_20250918
28237120128898,2823710100101460031,인천광역시,부평구,,부평동,146-31,인천광역시 부평구 부평동 146-31,NEOSVILL,NEOSVILL,NEOSVILL,NEOSVILL,1,아파트,1,18,2010-05-17,한국부동산원_공동주택 단지 식별정보_기본정보_20250918
28237120286797,2823710100101470009,인천광역시,부평구,,부평동,147-9,인천광역시 부평구 부평동 147-9,태강플러스,태강플러스,태강플러스,태강플러스,1,아파트,1,20,2014-03-25,한국부동산원_공동주택 단지 식별정보_기본정보_20250918
28237100218844,2823710100101470012,인천광역시,부평구,,부평동,147-12,인천광역시 부평구 부평동 147-12,진흥아파트,진흥,진흥아파트,진흥아파트,1,아파트,1,18,2002-09-04,한국부동산원_공동주택 단지 식별정보_기본정보_20250918
28237120145825,2823710100101470013,인천광역시,부평구,,부평동,147-13,인천광역시 부평구 부평동 147-13,로뎀레뷰,로뎀레뷰,로뎀레뷰,로뎀레뷰,1,아파트,1,21,2011-11-18,한국부동산원_공동주택 단지 식별정보_기본정보_20250918
28237112119653,2823710100101480025,인천광역시,부평구,,부평동,148-25,인천광역시 부평구 부평동 148-25,진흥아파트,진흥(148-25),진흥아파트,진흥아파트,1,아파트,1,12,2002-11-06,한국부동산원_공동주택 단지 식별정보_기본정보_20250918
28237100218845,2823710100101490012,인천광역시,부평구,,부평동,149-12,인천광역시 부평구 부평동 149-12,부평파인하우스,화인하우스,부평파인하우스,부평파인하우스,1,아파트,1,9,2001-12-18,한국부동산원_공동주택 단지 식별정보_기본정보_20250918
28237120147147,2823710100101490025,인천광역시,부평구,,부평동,149-25,인천광역시 부평구 부평동 149-25,헤리움아파트,헤리움아파트,헤리움아파트,헤리움아파트,1,아파트,1,18,2011-11-25,한국부동산원_공동주택 단지 식별정보_기본정보_20250918
28237120413815,2823710100101500004,인천광역시,부평구,,부평동,150-4,인천광역시 부평구 부평동 150-4,길리슈빌,길리슈빌,길리슈빌,길리슈빌,1,아파트,1,34,2020-09-08,한국부동산원_공동주택 단지 식별정보_기본정보_20250918
28237120183620,2823710100101500025,인천광역시,부평구,,부평동,150-25,인천광역시 부평구 부평동 150-25,부평라일플로리스2차,부평라일플로리스2차,부평라일플로리스2차,부평라일플로리스2차,1,아파트,1,154,2013-09-13,한국부동산원_공동주택 단지 식별정보_기본정보_20250918
28237120312285,2823710100101510012,인천광역시,부평구,,부평동,151-12,인천광역시 부평구 부평동 151-12,JH타워,JH타워,JH타워,JH타워,1,아파트,1,52,2015-01-20,한국부동산원_공동주택 단지 식별정보_기본정보_20250918
28237120334200,2823710100101510014,인천광역시,부평구,,부평동,151-14,인천광역시 부평구 부평동 151-14,서린레이크3차,서린레이크3차,서린레이크3차,서린레이크3차,1,아파트,1,24,2016-03-28,한국부동산원_공동주택 단지 식별정보_기본정보_20250918
28237120153998,2823710100101600020,인천광역시,부평구,,부평동,160-20,인천광역시 부평구 부평동 160-20,젬 펠리스,젬펠리스,젬 펠리스,젬 펠리스,1,아파트,1,44,2012-04-24,한국부동산원_공동주택 단지 식별정보_기본정보_20250918
28237120146613,2823710100101600069,인천광역시,부평구,,부평동,160-69,인천광역시 부평구 부평동 160-69,이준 리치 빌,이준리치빌,이준 리치 빌,,1,아파트,1,45,2011-12-13,한국부동산원_공동주택 단지 식별정보_기본정보_20250918
28237120411138,2823710100101610004,인천광역시,부평구,,부평동,161-4,인천광역시 부평구 부평동 161-4,다인팰리스,다인팰리스,다인팰리스,다인팰리스,1,아파트,1,82,2020-07-15,한국부동산원_공동주택 단지 식별정보_기본정보_20250918
28237120171716,2823710100101610012,인천광역시,부평구,,부평동,161-12,인천광역시 부평구 부평동 161-12,현대렉스힐,현대렉스힐,현대렉스힐,,1,아파트,1,70,2013-01-17,한국부동산원_공동주택 단지 식별정보_기본정보_20250918
28237120450080,2823710100101790001,인천광역시,부평구,,부평동,179-1,인천광역시 부평구 부평동 179-1,늘해랑아파트,늘해랑아파트,늘해랑아파트,,1,아파트,1,95,2024-03-05,한국부동산원_공동주택 단지 식별정보_기본정보_20250918
28237120321067,2823710100101790008,인천광역시,부평구,,부평동,179-8,인천광역시 부평구 부평동 179-8,해피에이스,해피에이스,해피에이스,해피에이스,1,아파트,1,42,2015-06-03,한국부동산원_공동주택 단지 식별정보_기본정보_20250918
28237120179892,2823710100101800007,인천광역시,부평구,,부평동,180-7,인천광역시 부평구 부평동 180-7,더원레뷰,더원레뷰,더원레뷰,더원레뷰,1,아파트,1,27,2013-06-07,한국부동산원_공동주택 단지 식별정보_기본정보_20250918
28237120279138,2823710100101800019,인천광역시,부평구,,부평동,180-19,인천광역시 부평구 부평동 180-19,투엠레뷰,투엠레뷰,투엠레뷰,,1,아파트,1,22,2013-12-24,한국부동산원_공동주택 단지 식별정보_기본정보_20250918
28237120287911,2823710100101800020,인천광역시,부평구,,부평동,180-20,인천광역시 부평구 부평동 180-20,메이져뷰,메이져뷰,메이져뷰,메이져뷰,1,아파트,1,29,2013-10-16,한국부동산원_공동주택 단지 식별정보_기본정보_20250918
28237100218846,2823710100101800024,인천광역시,부평구,,부평동,180-24,인천광역시 부평구 부평동 180-24,태강아파트빌,태강,태강아파트빌,태강아파트빌,1,아파트,1,19,2002-12-23,한국부동산원_공동주택 단지 식별정보_기본정보_20250918
28237120182423,2823710100101800027,인천광역시,부평구,,부평동,180-27,인천광역시 부평구 부평동 180-27,더원레뷰2동,더원레뷰2동,더원레뷰2동,더원레뷰2동,1,아파트,1,27,2013-08-09,한국부동산원_공동주택 단지 식별정보_기본정보_20250918
28237120293325,2823710100101820014,인천광역시,부평구,,부평동,182-14,인천광역시 부평구 부평동 182-14,더원레뷰3차,더원레뷰3차,더원레뷰3차,더원레뷰3차,1,아파트,1,28,2014-06-20,한국부동산원_공동주택 단지 식별정보_기본정보_20250918
28237120288607,2823710100101820015,인천광역시,부평구,,부평동,182-15,인천광역시 부평구 부평동 182-15,더원레뷰2차,더원레뷰2차,더원레뷰2차,더원레뷰2차,1,아파트,1,54,2014-04-03,한국부동산원_공동주택 단지 식별정보_기본정보_20250918
28237100218847,2823710100101820047,인천광역시,부평구,,부평동,182-47,인천광역시 부평구 부평동 182-47,프라이드주상복합아파트,프라이드주상복합아파트,,,1,아파트,1,32,2002-12-13,한국부동산원_공동주택 단지 식별정보_기본정보_20250918
28237120287893,2823710100101820056,인천광역시,부평구,,부평동,182-56,인천광역시 부평구 부평동 182-56,세르누비앙,세르누비앙,세르누비앙,세르누비앙,1,아파트,1,26,2014-04-10,한국부동산원_공동주택 단지 식별정보_기본정보_20250918
28237100608201,2823710100101850046,인천광역시,부평구,,부평동,185-46,인천광역시 부평구 부평동 185-46,"네쌍스아파트,오피스텔",네쌍스,"네쌍스아파트,오피스텔","네쌍스아파트,오피스텔",1,아파트,1,19,2003-04-09,한국부동산원_공동주택 단지 식별정보_기본정보_20250918
28237120413816,2823710100101850077,인천광역시,부평구,,부평동,185-77,인천광역시 부평구 부평동 185-77,이림,이림,이림,,1,아파트,1,100,2012-09-28,한국부동산원_공동주택 단지 식별정보_기본정보_20250918
28237100218848,2823710100101850110,인천광역시,부평구,,부평동,185-110,인천광역시 부평구 부평동 185-110,안택크린아파트,안택크린,안택크린아파트,안택크린아파트,1,아파트,1,8,2003-03-28,한국부동산원_공동주택 단지 식별정보_기본정보_20250918
28237120286102,2823710100102030010,인천광역시,부평구,,부평동,203-10,인천광역시 부평구 부평동 203-10,SR벨리체,SR벨리체,SR벨리체,,1,아파트,1,45,2014-02-14,한국부동산원_공동주택 단지 식별정보_기본정보_20250918
28237120131190,2823710100102030025,인천광역시,부평구,,부평동,203-25,인천광역시 부평구 부평동 203-25,M타워,M타워,M타워,M타워,1,아파트,1,17,2010-08-25,한국부동산원_공동주택 단지 식별정보_기본정보_20250918
28237120334734,2823710100102040009,인천광역시,부평구,,부평동,204-9,인천광역시 부평구 부평동 204-9,투엠캐슬,투엠캐슬(204-9),투엠캐슬,투엠캐슬,1,아파트,1,13,2016-04-04,한국부동산원_공동주택 단지 식별정보_기본정보_20250918
28237120332364,2823710100102040020,인천광역시,부평구,,부평동,204-20,인천광역시 부평구 부평동 204-20,아이홈아파트,아이홈아파트,아이홈아파트,아이홈아파트,1,아파트,1,47,2016-02-01,한국부동산원_공동주택 단지 식별정보_기본정보_20250918
28237120332963,2823710100102040045,인천광역시,부평구,,부평동,204-45,인천광역시 부평구 부평동 204-45,무한레뷰,무한레뷰8차,무한레뷰,무한레뷰,1,아파트,1,42,2016-03-03,한국부동산원_공동주택 단지 식별정보_기본정보_20250918
28237120321938,2823710100102090001,인천광역시,부평구,,부평동,209-1,인천광역시 부평구 부평동 209-1,로렌.하이뷰,로렌.하이뷰,로렌.하이뷰,로렌.하이뷰,1,아파트,1,38,2015-06-18,한국부동산원_공동주택 단지 식별정보_기본정보_20250918
28237120182392,2823710100102170003,인천광역시,부평구,,부평동,217-3,인천광역시 부평구 부평동 217-3,엔에스파크,엔에스파크(217-3),엔에스파크,엔에스파크,1,아파트,2,72,2013-08-14,한국부동산원_공동주택 단지 식별정보_기본정보_20250918
28237120286338,2823710100102170035,인천광역시,부평구,,부평동,217-35,인천광역시 부평구 부평동 217-35,투엠레뷰,투엠레뷰,투엠레뷰,투엠레뷰,1,아파트,1,22,2014-02-28,한국부동산원_공동주택 단지 식별정보_기본정보_20250918
28237120297503,2823710100102220002,인천광역시,부평구,,부평동,222-2,인천광역시 부평구 부평동 222-2,스위트홈,스위트홈,스위트홈,스위트홈,1,아파트,1,40,2014-08-21,한국부동산원_공동주택 단지 식별정보_기본정보_20250918
28237120328552,2823710100102220004,인천광역시,부평구,,부평동,222-4,인천광역시 부평구 부평동 222-4,노블레스뷰,노블레스뷰,노블레스뷰,노블레스뷰,1,아파트,1,78,2015-11-02,한국부동산원_공동주택 단지 식별정보_기본정보_20250918
28237120321027,2823710100102220023,인천광역시,부평구,,부평동,222-23,인천광역시 부평구 부평동 222-23,피렌체 뷰,피렌체뷰(222-23),피렌체 뷰,피렌체 뷰,1,아파트,1,20,2015-05-29,한국부동산원_공동주택 단지 식별정보_기본정보_20250918
28237120152551,2823710100102220025,인천광역시,부평구,,부평동,222-25,인천광역시 부평구 부평동 222-25,V-TOWER,V-TOWER,V-TOWER,V-TOWER,1,아파트,1,38,2012-03-26,한국부동산원_공동주택 단지 식별정보_기본정보_20250918
28237120354290,2823710100102400015,인천광역시,부평구,,부평동,240-15,인천광역시 부평구 부평동 240-15,마린타워,마린타워,마린타워,마린타워,1,아파트,1,25,2017-06-14,한국부동산원_공동주택 단지 식별정보_기본정보_20250918
28237120123724,2823710100102500013,인천광역시,부평구,,부평동,250-13,인천광역시 부평구 부평동 250-13,플러스아파트,플러스,플러스아파트,플러스아파트,1,아파트,1,19,2009-10-27,한국부동산원_공동주택 단지 식별정보_기본정보_20250918
28237100005826,2823710100102520029,인천광역시,부평구,,부평동,252-29,인천광역시 부평구 부평동 252-29,건영캐스빌,건영캐스빌,건영캐스빌,건영캐스빌,1,아파트,1,142,2002-06-15,한국부동산원_공동주택 단지 식별정보_기본정보_20250918
28237120323198,2823710100102830058,인천광역시,부평구,,부평동,283-58,인천광역시 부평구 부평동 283-58,서광팰리스,서광팰리스,서광팰리스,서광팰리스,1,아파트,1,23,2015-07-15,한국부동산원_공동주택 단지 식별정보_기본정보_20250918
28237100218849,2823710100102840005,인천광역시,부평구,,부평동,284-5,인천광역시 부평구 부평동 284-5,성일 파크뷰 APT,성일파크뷰(284-5),성일 파크뷰 APT,성일 파크뷰 APT,1,아파트,1,19,2003-11-07,한국부동산원_공동주택 단지 식별정보_기본정보_20250918
28237100218850,2823710100102840011,인천광역시,부평구,,부평동,284-11,인천광역시 부평구 부평동 284-11,금오파크뷰APT,금오파크뷰,금오파크뷰APT,금오파크뷰APT,1,아파트,1,18,2003-12-24,한국부동산원_공동주택 단지 식별정보_기본정보_20250918
28237100218851,2823710100102850030,인천광역시,부평구,,부평동,285-30,인천광역시 부평구 부평동 285-30,성일파크뷰아파트,성일파크뷰(285-30),성일파크뷰아파트,성일파크뷰아파트,1,아파트,1,19,2004-05-03,한국부동산원_공동주택 단지 식별정보_기본정보_20250918
28237120355540,2823710100103410036,인천광역시,부평구,,부평동,341-36,인천광역시 부평구 부평동 341-36,D-바인 아파트,D-바인아파트,D-바인 아파트,D-바인 아파트,1,아파트,1,14,2017-08-07,한국부동산원_공동주택 단지 식별정보_기본정보_20250918
28237120355138,2823710100103410212,인천광역시,부평구,,부평동,341-212,인천광역시 부평구 부평동 341-212,브래인씨티,브래인씨티,브래인씨티,브래인씨티,1,아파트,1,26,2017-07-20,한국부동산원_공동주택 단지 식별정보_기본정보_20250918
28237120313081,2823710100103710003,인천광역시,부평구,,부평동,371-3,인천광역시 부평구 부평동 371-3,이안애비뉴2차,이안애비뉴2차,이안애비뉴2차,이안애비뉴2차,1,아파트,1,26,2015-02-13,한국부동산원_공동주택 단지 식별정보_기본정보_20250918
28237120305180,2823710100103720012,인천광역시,부평구,,부평동,372-12,인천광역시 부평구 부평동 372-12,현대홈타운,현대홈타운,현대홈타운,현대홈타운,1,아파트,1,36,2014-12-12,한국부동산원_공동주택 단지 식별정보_기본정보_20250918
28237120146975,2823710100103720018,인천광역시,부평구,,부평동,372-18,인천광역시 부평구 부평동 372-18,스타빌,청솔스타빌,스타빌,스타빌,1,아파트,1,60,2012-01-02,한국부동산원_공동주택 단지 식별정보_기본정보_20250918
28237120108577,2823710100103730010,인천광역시,부평구,,부평동,373-10,인천광역시 부평구 부평동 373-10,씨티캐슬,씨티캐슬,씨티캐슬,씨티캐슬,1,아파트,1,13,2008-12-08,한국부동산원_공동주택 단지 식별정보_기본정보_20250918
28237120118372,2823710100103730015,인천광역시,부평구,,부평동,373-15,인천광역시 부평구 부평동 373-15,필하우스,필하우스,필하우스,필하우스,1,아파트,1,19,2009-05-22,한국부동산원_공동주택 단지 식별정보_기본정보_20250918
28237120175502,2823710100103750002,인천광역시,부평구,,부평동,375-2,인천광역시 부평구 부평동 375-2,예승파크뷰,예승파크뷰,예승파크뷰,예승파크뷰,1,아파트,1,40,2012-12-20,한국부동산원_공동주택 단지 식별정보_기본정보_20250918
28237120183419,2823710100103750004,인천광역시,부평구,,부평동,375-4,인천광역시 부평구 부평동 375-4,스마트빌,스마트빌(375-4),스마트빌,스마트빌,1,아파트,1,26,2013-09-27,한국부동산원_공동주택 단지 식별정보_기본정보_20250918
28237100218852,2823710100103750070,인천광역시,부평구,,부평동,375-70,인천광역시 부평구 부평동 375-70,삼원아파트,삼원,삼원아파트,삼원아파트,1,아파트,1,16,2002-12-23,한국부동산원_공동주택 단지 식별정보_기본정보_20250918
28237120287856,2823710100103750111,인천광역시,부평구,,부평동,375-111,인천광역시 부평구 부평동 375-111,피렌체 뷰,피렌체뷰,피렌체 뷰,피렌체 뷰,1,아파트,1,31,2014-04-28,한국부동산원_공동주택 단지 식별정보_기본정보_20250918
28237100218853,2823710100103750115,인천광역시,부평구,,부평동,375-115,인천광역시 부평구 부평동 375-115,석암3차아파트,석암3차,석암3차아파트,석암3차아파트,1,아파트,1,10,2003-03-08,한국부동산원_공동주택 단지 식별정보_기본정보_20250918
28237120174549,2823710100103750126,인천광역시,부평구,,부평동,375-126,인천광역시 부평구 부평동 375-126,위너스빌2,위너스빌2,위너스빌2,위너스빌2,1,아파트,1,28,2013-04-04,한국부동산원_공동주택 단지 식별정보_기본정보_20250918
28237120315640,2823710100103760001,인천광역시,부평구,,부평동,376-1,인천광역시 부평구 부평동 376-1,효행복마을,효행복마을,효행복마을,효행복마을,1,아파트,1,62,2015-04-06,한국부동산원_공동주택 단지 식별정보_기본정보_20250918
28237120146570,2823710100103770005,인천광역시,부평구,,부평동,377-5,인천광역시 부평구 부평동 377-5,엘도라도,엘도라도,엘도라도,엘도라도,1,아파트,1,48,2011-12-14,한국부동산원_공동주택 단지 식별정보_기본정보_20250918
28237120181910,2823710100103770007,인천광역시,부평구,,부평동,377-7,인천광역시 부평구 부평동 377-7,두름파크,두름파크,두름파크,두름파크,1,아파트,1,70,2013-08-01,한국부동산원_공동주택 단지 식별정보_기본정보_20250918
28237120295120,2823710100103770008,인천광역시,부평구,,부평동,377-8,인천광역시 부평구 부평동 377-8,웨스트레뷰,웨스트레뷰,웨스트레뷰,,1,아파트,1,16,2014-07-11,한국부동산원_공동주택 단지 식별정보_기본정보_20250918
28237120295847,2823710100103770016,인천광역시,부평구,,부평동,377-16,인천광역시 부평구 부평동 377-16,로뎀레뷰,로뎀레뷰(377-16),로뎀레뷰,로뎀레뷰,1,아파트,1,23,2014-08-07,한국부동산원_공동주택 단지 식별정보_기본정보_20250918
28237120291296,2823710100103770017,인천광역시,부평구,,부평동,377-17,인천광역시 부평구 부평동 377-17,로뎀레뷰,로뎀레뷰(377-17),로뎀레뷰,,1,아파트,1,28,2014-05-21,한국부동산원_공동주택 단지 식별정보_기본정보_20250918
28237120287413,2823710100103770019,인천광역시,부평구,,부평동,377-19,인천광역시 부평구 부평동 377-19,리코팰리스,리코팰리스(377-19),리코팰리스,리코팰리스,1,아파트,1,34,2014-03-28,한국부동산원_공동주택 단지 식별정보_기본정보_20250918
28237120316542,2823710100103770037,인천광역시,부평구,,부평동,377-37,인천광역시 부평구 부평동 377-37,카리스뷰 2차,카리스뷰(2차),카리스뷰 2차,카리스뷰 2차,1,아파트,1,32,2015-04-15,한국부동산원_공동주택 단지 식별정보_기본정보_20250918
28237120130587,2823710100103780005,인천광역시,부평구,,부평동,378-5,인천광역시 부평구 부평동 378-5,필하우스 주상복합 아파트,필하우스(378-5),,필하우스 주상복합 아파트,1,아파트,1,18,2010-07-08,한국부동산원_공동주택 단지 식별정보_기본정보_20250918
28237120135289,2823710100103780009,인천광역시,부평구,,부평동,378-9,인천광역시 부평구 부평동 378-9,남송아파트,남송,남송아파트,남송아파트,1,아파트,1,19,2011-02-17,한국부동산원_공동주택 단지 식별정보_기본정보_20250918
28237120108578,2823710100103790013,인천광역시,부평구,,부평동,379-13,인천광역시 부평구 부평동 379-13,다온아파트,다온,다온아파트,다온아파트,1,아파트,1,12,2008-12-31,한국부동산원_공동주택 단지 식별정보_기본정보_20250918
28237120129397,2823710100103790040,인천광역시,부평구,,부평동,379-40,인천광역시 부평구 부평동 379-40,승림아파트,승림(379-40),승림아파트,승림아파트,1,아파트,1,15,2010-05-27,한국부동산원_공동주택 단지 식별정보_기본정보_20250918
28237100218854,2823710100103790046,인천광역시,부평구,,부평동,379-46,인천광역시 부평구 부평동 379-46,일신아파트,일신,일신아파트,일신아파트,1,아파트,1,15,2002-05-08,한국부동산원_공동주택 단지 식별정보_기본정보_20250918
28237120295259,2823710100103790049,인천광역시,부평구,,부평동,379-49,인천광역시 부평구 부평동 379-49,스카이 아파트,스카이,스카이 아파트,,1,아파트,1,32,2014-07-18,한국부동산원_공동주택 단지 식별정보_기본정보_20250918
28237120145322,2823710100103790052,인천광역시,부평구,,부평동,379-52,인천광역시 부평구 부평동 379-52,무한레뷰아파트,무한레뷰(379-52),무한레뷰아파트,무한레뷰아파트,1,아파트,1,28,2011-11-02,한국부동산원_공동주택 단지 식별정보_기본정보_20250918
28237120295128,2823710100103790077,인천광역시,부평구,,부평동,379-77,인천광역시 부평구 부평동 379-77,케이아파트 2동,케이(2동),케이아파트 2동,,1,아파트,1,35,2014-07-18,한국부동산원_공동주택 단지 식별정보_기본정보_20250918
28237120295121,2823710100103790078,인천광역시,부평구,,부평동,379-78,인천광역시 부평구 부평동 379-78,케이아파트 1동,케이(1동),케이아파트 1동,케이아파트 1동,1,아파트,1,34,2014-07-18,한국부동산원_공동주택 단지 식별정보_기본정보_20250918
28237120354291,2823710100103790082,인천광역시,부평구,,부평동,379-82,인천광역시 부평구 부평동 379-82,베네시안5차,베네시안5차,베네시안5차,베네시안5차,1,아파트,1,16,2017-06-16,한국부동산원_공동주택 단지 식별정보_기본정보_20250918
28237100218855,2823710100103960003,인천광역시,부평구,,부평동,396-3,인천광역시 부평구 부평동 396-3,현민아파트,현민쎈스,현민아파트,현민아파트,1,아파트,1,16,2004-11-30,한국부동산원_공동주택 단지 식별정보_기본정보_20250918
28237120133568,2823710100104010014,인천광역시,부평구,,부평동,401-14,인천광역시 부평구 부평동 401-14,플러스홈아파트,플러스홈아파트,플러스홈아파트,플러스홈아파트,1,아파트,1,10,2010-12-03,한국부동산원_공동주택 단지 식별정보_기본정보_20250918
28237120153999,2823710100104010033,인천광역시,부평구,,부평동,401-33,인천광역시 부평구 부평동 401-33,현대캐슬아파트,현대캐슬,현대캐슬아파트,현대캐슬아파트,1,아파트,1,18,2012-04-06,한국부동산원_공동주택 단지 식별정보_기본정보_20250918
28237100218856,2823710100104070008,인천광역시,부평구,,부평동,407-8,인천광역시 부평구 부평동 407-8,삼성아파트,삼성(407-8),삼성아파트,삼성아파트,1,아파트,1,10,2002-11-14,한국부동산원_공동주택 단지 식별정보_기본정보_20250918
28237120094686,2823710100104080001,인천광역시,부평구,,부평동,408-1,인천광역시 부평구 부평동 408-1,신성프리뷰,신성프리뷰,신성프리뷰,신성프리뷰,1,아파트,1,66,2008-01-08,한국부동산원_공동주택 단지 식별정보_기본정보_20250918
28237100590215,2823710100104080003,인천광역시,부평구,,부평동,408-3,인천광역시 부평구 부평동 408-3,금호아파트,금호2동,금호아파트,금호아파트,1,아파트,1,10,2003-02-27,한국부동산원_공동주택 단지 식별정보_기본정보_20250918
28237120171726,2823710100104080004,인천광역시,부평구,,부평동,408-4,인천광역시 부평구 부평동 408-4,캐슬베리,캐슬베리,캐슬베리,캐슬베리,1,아파트,1,93,2012-11-30,한국부동산원_공동주택 단지 식별정보_기본정보_20250918
28237100218857,2823710100104080008,인천광역시,부평구,,부평동,408-8,인천광역시 부평구 부평동 408-8,금호아파트,금호1동,금호아파트,금호아파트,1,아파트,1,10,2003-02-27,한국부동산원_공동주택 단지 식별정보_기본정보_20250918
28237120162501,2823710100104080038,인천광역시,부평구,,부평동,408-38,인천광역시 부평구 부평동 408-38,위너스빌,위너스빌,위너스빌,위너스빌,1,아파트,1,25,2012-08-07,한국부동산원_공동주택 단지 식별정보_기본정보_20250918
28237100218858,2823710100104090005,인천광역시,부평구,,부평동,409-5,인천광역시 부평구 부평동 409-5,성지위너스타운,성지위너스타운103동(409-5),성지위너스타운,성지위너스타운,1,아파트,1,12,2002-04-03,한국부동산원_공동주택 단지 식별정보_기본정보_20250918
28237100218859,2823710100104090032,인천광역시,부평구,,부평동,409-32,인천광역시 부평구 부평동 409-32,성지위너스타운,성지위너스타운104동(409-32),성지위너스타운,성지위너스타운,1,아파트,1,12,2002-04-03,한국부동산원_공동주택 단지 식별정보_기본정보_20250918
28237120136784,2823710100104150003,인천광역시,부평구,,부평동,415-3,인천광역시 부평구 부평동 415-3,우주마루,우주마루,우주마루,우주마루,1,아파트,1,47,2011-04-26,한국부동산원_공동주택 단지 식별정보_기본정보_20250918
28237120341245,2823710100104150007,인천광역시,부평구,,부평동,415-7,인천광역시 부평구 부평동 415-7,SC제일행복해아파트,SC제일행복해아파트,SC제일행복해아파트,SC제일행복해아파트,1,아파트,1,26,2016-08-22,한국부동산원_공동주택 단지 식별정보_기본정보_20250918
28237120150456,2823710100104150008,인천광역시,부평구,,부평동,415-8,인천광역시 부평구 부평동 415-8,인스테이션,인스테이션,인스테이션,인스테이션,1,아파트,1,90,2012-02-17,한국부동산원_공동주택 단지 식별정보_기본정보_20250918
28237120277924,2823710100104170042,인천광역시,부평구,,부평동,417-42,인천광역시 부평구 부평동 417-42,마이홈아파트,마이홈,마이홈아파트,마이홈아파트,1,아파트,1,26,2013-11-27,한국부동산원_공동주택 단지 식별정보_기본정보_20250918
28237120277366,2823710100104170043,인천광역시,부평구,,부평동,417-43,인천광역시 부평구 부평동 417-43,에이플러스아파트,에이플러스,에이플러스아파트,에이플러스아파트,1,아파트,1,14,2013-10-21,한국부동산원_공동주택 단지 식별정보_기본정보_20250918
28237100218862,2823710100104310008,인천광역시,부평구,,부평동,431-8,인천광역시 부평구 부평동 431-8,신한타워,신한타워,신한타워,신한타워,1,아파트,1,18,2004-11-19,한국부동산원_공동주택 단지 식별정보_기본정보_20250918
28237120432396,2823710100104310014,인천광역시,부평구,,부평동,431-14,인천광역시 부평구 부평동 431-14,산 누리빌,산누리빌,산 누리빌,산 누리빌,1,아파트,1,53,2022-02-11,한국부동산원_공동주택 단지 식별정보_기본정보_20250918
28237120291281,2823710100104310015,인천광역시,부평구,,부평동,431-15,인천광역시 부평구 부평동 431-15,헤리움노블레스,헤리움노블레스,헤리움노블레스,,1,아파트,1,187,2014-05-13,한국부동산원_공동주택 단지 식별정보_기본정보_20250918
28237120335181,2823710100104310022,인천광역시,부평구,,부평동,431-22,인천광역시 부평구 부평동 431-22,씨티원,씨티원,씨티원,씨티원,1,아파트,1,80,2016-04-21,한국부동산원_공동주택 단지 식별정보_기본정보_20250918
28237120145321,2823710100104310030,인천광역시,부평구,,부평동,431-30,인천광역시 부평구 부평동 431-30,벨라로사,벨라로사,벨라로사,벨라로사,1,아파트,1,72,2011-10-20,한국부동산원_공동주택 단지 식별정보_기본정보_20250918
28237120175583,2823710100104310037,인천광역시,부평구,,부평동,431-37,인천광역시 부평구 부평동 431-37,부평타워큐아파트,부평타워큐,부평타워큐아파트,부평타워큐아파트,1,아파트,1,143,2012-11-30,한국부동산원_공동주택 단지 식별정보_기본정보_20250918
28237120315791,2823710100104310042,인천광역시,부평구,,부평동,431-42,인천광역시 부평구 부평동 431-42,DH 씨밀레,DH씨밀레(431-42),DH 씨밀레,DH 씨밀레,1,아파트,1,39,2015-04-02,한국부동산원_공동주택 단지 식별정보_기본정보_20250918
28237112119972,2823710100104330013,인천광역시,부평구,,부평동,433-13,인천광역시 부평구 부평동 433-13,금강캐슬아파트,금강캐슬,금강캐슬아파트,금강캐슬아파트,1,아파트,1,18,2003-03-25,한국부동산원_공동주택 단지 식별정보_기본정보_20250918
28237120358788,2823710100104330047,인천광역시,부평구,,부평동,433-47,인천광역시 부평구 부평동 433-47,유토피아,유토피아,유토피아,유토피아,1,아파트,1,8,2017-11-22,한국부동산원_공동주택 단지 식별정보_기본정보_20250918
28237100218863,2823710100104330063,인천광역시,부평구,,부평동,433-63,인천광역시 부평구 부평동 433-63,수인씨티아파트,수인시티,수인씨티아파트,수인씨티아파트,1,아파트,1,19,2002-08-06,한국부동산원_공동주택 단지 식별정보_기본정보_20250918
28237120313403,2823710100104330070,인천광역시,부평구,,부평동,433-70,인천광역시 부평구 부평동 433-70,리코팰리스,리코팰리스(433-70),리코팰리스,리코팰리스,1,아파트,1,25,2015-03-06,한국부동산원_공동주택 단지 식별정보_기본정보_20250918
28237120331780,2823710100104330120,인천광역시,부평구,,부평동,433-120,인천광역시 부평구 부평동 433-120,TJ미다스뷰,TJ미다스뷰,TJ미다스뷰,TJ미다스뷰,1,아파트,1,28,2016-01-18,한국부동산원_공동주택 단지 식별정보_기본정보_20250918
28237120332365,2823710100104330164,인천광역시,부평구,,부평동,433-164,인천광역시 부평구 부평동 433-164,리코팰리스,리코팰리스,리코팰리스,리코팰리스,1,아파트,1,21,2016-02-02,한국부동산원_공동주택 단지 식별정보_기본정보_20250918
28237120323589,2823710100104330207,인천광역시,부평구,,부평동,433-207,인천광역시 부평구 부평동 433-207,베네스트수,베네스트수,베네스트수,베네스트수,1,아파트,1,28,2015-08-04,한국부동산원_공동주택 단지 식별정보_기본정보_20250918
28237120342643,2823710100104360013,인천광역시,부평구,,부평동,436-13,인천광역시 부평구 부평동 436-13,파크에비뉴,파크에비뉴,파크에비뉴,파크에비뉴,1,아파트,1,17,2016-09-29,한국부동산원_공동주택 단지 식별정보_기본정보_20250918
28237120323549,2823710100104360015,인천광역시,부평구,,부평동,436-15,인천광역시 부평구 부평동 436-15,센트럴아파트,센트럴아파트,센트럴아파트,센트럴아파트,1,아파트,1,22,2015-08-04,한국부동산원_공동주택 단지 식별정보_기본정보_20250918
28237120021393,2823710100104370002,인천광역시,부평구,,부평동,437-2,인천광역시 부평구 부평동 437-2,대경이즈뷰아파트,대경이즈뷰,대경이즈뷰아파트,대경이즈뷰아파트,1,아파트,1,66,2005-05-20,한국부동산원_공동주택 단지 식별정보_기본정보_20250918
28237100218864,2823710100104370016,인천광역시,부평구,,부평동,437-16,인천광역시 부평구 부평동 437-16,동호 팰리스 아파트,동호팰리스,동호 팰리스 아파트,동호 팰리스 아파트,1,아파트,1,19,2003-11-27,한국부동산원_공동주택 단지 식별정보_기본정보_20250918
28237100005815,2823710100104380001,인천광역시,부평구,,부평동,438-1,인천광역시 부평구 부평동 438-1,백조 주상 복합 아파트,백조주상복합,백조 주상 복합 아파트,백조 주상 복합 아파트,1,아파트,1,50,1997-06-12,한국부동산원_공동주택 단지 식별정보_기본정보_20250918
28237100218865,2823710100104380009,인천광역시,부평구,,부평동,438-9,인천광역시 부평구 부평동 438-9,대영사이버APT,대영사이버,대영사이버APT,대영사이버APT,1,아파트,1,19,2003-04-02,한국부동산원_공동주택 단지 식별정보_기본정보_20250918
28237120374532,2823710100104390002,인천광역시,부평구,,부평동,439-2,인천광역시 부평구 부평동 439-2,태강 CITY,태강CITY,태강 CITY,태강 CITY,1,아파트,1,96,2018-08-30,한국부동산원_공동주택 단지 식별정보_기본정보_20250918
28237120124445,2823710100104400003,인천광역시,부평구,,부평동,440-3,인천광역시 부평구 부평동 440-3,청림주상복합아파트,청림주상복합,청림주상복합아파트,청림주상복합아파트,1,아파트,1,14,2009-10-29,한국부동산원_공동주택 단지 식별정보_기본정보_20250918
28237120152371,2823710100104410007,인천광역시,부평구,,부평동,441-7,인천광역시 부평구 부평동 441-7,삼성캐슬아파트,삼성캐슬(441-7),삼성캐슬아파트,,1,아파트,1,18,2012-03-15,한국부동산원_공동주택 단지 식별정보_기본정보_20250918
28237120331219,2823710100104410020,인천광역시,부평구,,부평동,441-20,인천광역시 부평구 부평동 441-20,리코팰리스,리코팰리스(441-20),리코팰리스,리코팰리스,1,아파트,1,26,2016-01-13,한국부동산원_공동주택 단지 식별정보_기본정보_20250918
28237120164750,2823710100104420018,인천광역시,부평구,,부평동,442-18,인천광역시 부평구 부평동 442-18,무한레뷰,무한레뷰(442-18),무한레뷰,무한레뷰,1,아파트,1,18,2012-09-28,한국부동산원_공동주택 단지 식별정보_기본정보_20250918
28237120295253,2823710100104420033,인천광역시,부평구,,부평동,442-33,인천광역시 부평구 부평동 442-33,베네스트진,베네스트진,베네스트진,부평동 442-33 공동주택 (주식회사채울건설),1,아파트,1,20,2014-07-22,한국부동산원_공동주택 단지 식별정보_기본정보_20250918
28237120340126,2823710100104490004,인천광역시,부평구,,부평동,449-4,인천광역시 부평구 부평동 449-4,하임힐,하임힐,하임힐,하임힐,1,아파트,1,19,2016-07-14,한국부동산원_공동주택 단지 식별정보_기본정보_20250918
28237120322977,2823710100104500011,인천광역시,부평구,,부평동,450-11,인천광역시 부평구 부평동 450-11,해송파크뷰2차,해송파크뷰2차,해송파크뷰2차,해송파크뷰2차,1,아파트,1,27,2015-07-21,한국부동산원_공동주택 단지 식별정보_기본정보_20250918
28237100218866,2823710100104510064,인천광역시,부평구,,부평동,451-64,인천광역시 부평구 부평동 451-64,삼보아파트,삼보,삼보아파트,삼보아파트,1,아파트,1,19,2002-06-26,한국부동산원_공동주택 단지 식별정보_기본정보_20250918
28237100218867,2823710100104520001,인천광역시,부평구,,부평동,452-1,인천광역시 부평구 부평동 452-1,건영 아파트,건영(452-1),건영 아파트,건영 아파트,1,아파트,1,19,2002-10-25,한국부동산원_공동주택 단지 식별정보_기본정보_20250918
28237120337446,2823710100104520011,인천광역시,부평구,,부평동,452-11,인천광역시 부평구 부평동 452-11,블루밍아파트A동,블루밍아파트A동,블루밍아파트A동,블루밍아파트A동,1,아파트,1,42,2016-06-03,한국부동산원_공동주택 단지 식별정보_기본정보_20250918
28237120337447,2823710100104520026,인천광역시,부평구,,부평동,452-26,인천광역시 부평구 부평동 452-26,블루밍아파트B동,블루밍아파트B동,블루밍아파트B동,블루밍아파트B동,1,아파트,1,42,2016-06-03,한국부동산원_공동주택 단지 식별정보_기본정보_20250918
28237120329140,2823710100104570001,인천광역시,부평구,,부평동,457-1,인천광역시 부평구 부평동 457-1,삼성캐슬,삼성캐슬(457-1),삼성캐슬,삼성캐슬,1,아파트,1,36,2015-11-30,한국부동산원_공동주택 단지 식별정보_기본정보_20250918
28237120311440,2823710100104580003,인천광역시,부평구,,부평동,458-3,인천광역시 부평구 부평동 458-3,투엠캐슬,투엠캐슬,투엠캐슬,부평동 458-3 공동주택,1,아파트,1,50,2015-01-12,한국부동산원_공동주택 단지 식별정보_기본정보_20250918
28237120324153,2823710100104640040,인천광역시,부평구,,부평동,464-40,인천광역시 부평구 부평동 464-40,TK리즈빌,TK리즈빌,TK리즈빌,TK리즈빌,1,아파트,1,49,2015-08-20,한국부동산원_공동주택 단지 식별정보_기본정보_20250918
28237120278899,2823710100104650013,인천광역시,부평구,,부평동,465-13,인천광역시 부평구 부평동 465-13,로뎀레뷰,로뎀레뷰,로뎀레뷰,로뎀레뷰,1,아파트,1,20,2013-12-26,한국부동산원_공동주택 단지 식별정보_기본정보_20250918
28237100218868,2823710100104650028,인천광역시,부평구,,부평동,465-28,인천광역시 부평구 부평동 465-28,동호리더스(A동),동호리더스(A동),,,1,아파트,1,13,2002-10-16,한국부동산원_공동주택 단지 식별정보_기본정보_20250918
28237120182564,2823710100104650035,인천광역시,부평구,,부평동,465-35,인천광역시 부평구 부평동 465-35,조양휴캐슬,조양휴캐슬,조양휴캐슬,조양휴캐슬,1,아파트,1,24,2013-08-13,한국부동산원_공동주택 단지 식별정보_기본정보_20250918
28237100218869,2823710100104650050,인천광역시,부평구,,부평동,465-50,인천광역시 부평구 부평동 465-50,동호리더스(B동),동호리더스(B동),,,1,아파트,1,15,2002-10-16,한국부동산원_공동주택 단지 식별정보_기본정보_20250918
28237120297607,2823710100104680002,인천광역시,부평구,,부평동,468-2,인천광역시 부평구 부평동 468-2,천기레뷰,천기레뷰,천기레뷰,천기레뷰,1,아파트,1,18,2014-08-13,한국부동산원_공동주택 단지 식별정보_기본정보_20250918
28237120335182,2823710100104680010,인천광역시,부평구,,부평동,468-10,인천광역시 부평구 부평동 468-10,TJ미다스뷰 1차,TJ미다스뷰1차,TJ미다스뷰 1차,TJ미다스뷰 1차,1,아파트,1,18,2016-04-26,한국부동산원_공동주택 단지 식별정보_기본정보_20250918
28237120285783,2823710100104700002,인천광역시,부평구,,부평동,470-2,인천광역시 부평구 부평동 470-2,무한레뷰,무한레뷰,무한레뷰,무한레뷰,1,아파트,1,47,2014-02-04,한국부동산원_공동주택 단지 식별정보_기본정보_20250918
28237120340724,2823710100104820002,인천광역시,부평구,,부평동,482-2,인천광역시 부평구 부평동 482-2,우리드란,우리드란,우리드란,,1,아파트,1,24,2016-08-09,한국부동산원_공동주택 단지 식별정보_기본정보_20250918
28237120338900,2823710100104820005,인천광역시,부평구,,부평동,482-5,인천광역시 부평구 부평동 482-5,센트럴빌,센트럴빌,센트럴빌,센트럴빌,1,아파트,1,39,2016-06-24,한국부동산원_공동주택 단지 식별정보_기본정보_20250918
28237100218872,2823710100104920001,인천광역시,부평구,,부평동,492-1,인천광역시 부평구 부평동 492-1,송림주택,송림(492-1),송림주택,송림주택,1,아파트,1,18,2001-12-29,한국부동산원_공동주택 단지 식별정보_기본정보_20250918
28237120312253,2823710100104920002,인천광역시,부평구,,부평동,492-2,인천광역시 부평구 부평동 492-2,한결아파트,한결(101동),한결아파트,한결아파트,1,아파트,1,30,2015-01-28,한국부동산원_공동주택 단지 식별정보_기본정보_20250918
28237120316486,2823710100104920010,인천광역시,부평구,,부평동,492-10,인천광역시 부평구 부평동 492-10,한결 아파트,한결(102동),한결 아파트,한결 아파트,1,아파트,1,39,2015-04-16,한국부동산원_공동주택 단지 식별정보_기본정보_20250918
28237100218874,2823710100104940002,인천광역시,부평구,,부평동,494-2,인천광역시 부평구 부평동 494-2,아이앤비아파트,아이앤비,아이앤비아파트,아이앤비아파트,1,아파트,1,42,2003-11-13,한국부동산원_공동주택 단지 식별정보_기본정보_20250918
28237120136300,2823710100104950002,인천광역시,부평구,,부평동,495-2,인천광역시 부평구 부평동 495-2,뉴플러스아파트,뉴플러스,뉴플러스아파트,뉴플러스아파트,1,아파트,1,17,2011-04-14,한국부동산원_공동주택 단지 식별정보_기본정보_20250918
28237120341246,2823710100104950003,인천광역시,부평구,,부평동,495-3,인천광역시 부평구 부평동 495-3,헤르메스아파트 1동,헤르메스아파트A동,헤르메스아파트 1동,헤르메스아파트 1동,1,아파트,1,52,2016-08-29,한국부동산원_공동주택 단지 식별정보_기본정보_20250918
28237120340725,2823710100104950010,인천광역시,부평구,,부평동,495-10,인천광역시 부평구 부평동 495-10,헤르메스아파트 2동,헤르메스아파트B동,헤르메스아파트 2동,헤르메스아파트 2동,1,아파트,1,52,2016-08-09,한국부동산원_공동주택 단지 식별정보_기본정보_20250918
28237120312232,2823710100104960002,인천광역시,부평구,,부평동,496-2,인천광역시 부평구 부평동 496-2,서린레이크,서린레이크,서린레이크 ,서린레이크,1,아파트,1,28,2015-01-28,한국부동산원_공동주택 단지 식별정보_기본정보_20250918
28237100218878,2823710100104960008,인천광역시,부평구,,부평동,496-8,인천광역시 부평구 부평동 496-8,세화아파트,세화,세화아파트,세화아파트,1,아파트,1,11,2004-07-01,한국부동산원_공동주택 단지 식별정보_기본정보_20250918
28237120312319,2823710100104960010,인천광역시,부평구,,부평동,496-10,인천광역시 부평구 부평동 496-10,카리스 뷰,카리스뷰,카리스 뷰,카리스 뷰,1,아파트,1,28,2015-01-28,한국부동산원_공동주택 단지 식별정보_기본정보_20250918
28237100005818,2823710100104970002,인천광역시,부평구,,부평동,497-2,인천광역시 부평구 부평동 497-2,삼진아파트,삼진,,삼진아파트,1,아파트,3,90,1983-02-24,한국부동산원_공동주택 단지 식별정보_기본정보_20250918
28237120285712,2823710100105000001,인천광역시,부평구,,부평동,500-1,인천광역시 부평구 부평동 500-1,삼성캐슬,삼성캐슬,삼성캐슬,삼성캐슬,1,아파트,1,28,2014-01-28,한국부동산원_공동주택 단지 식별정보_기본정보_20250918
28237120175560,2823710100105000002,인천광역시,부평구,,부평동,500-2,인천광역시 부평구 부평동 500-2,리코팰리스 2차,리코팰리스2차,리코팰리스 2차,리코팰리스 2차,1,아파트,1,27,2013-03-22,한국부동산원_공동주택 단지 식별정보_기본정보_20250918
28237120173902,2823710100105000019,인천광역시,부평구,,부평동,500-19,인천광역시 부평구 부평동 500-19,리코팰리스 1차,리코팰리스1차,리코팰리스 1차,리코팰리스 1차,1,아파트,1,27,2013-03-22,한국부동산원_공동주택 단지 식별정보_기본정보_20250918
28237120340127,2823710100105010001,인천광역시,부평구,,부평동,501-1,인천광역시 부평구 부평동 501-1,더 갤러리,더갤러리,더 갤러리,더 갤러리,1,아파트,1,28,2016-07-12,한국부동산원_공동주택 단지 식별정보_기본정보_20250918
28237120312047,2823710100105030004,인천광역시,부평구,,부평동,503-4,인천광역시 부평구 부평동 503-4,힐캐슬,힐캐슬,힐캐슬,힐캐슬,1,아파트,1,28,2015-01-22,한국부동산원_공동주택 단지 식별정보_기본정보_20250918
28237120287993,2823710100105040004,인천광역시,부평구,,부평동,504-4,인천광역시 부평구 부평동 504-4,현대홈타운,현대홈타운(504-4),현대홈타운,현대홈타운,1,아파트,1,48,2014-04-21,한국부동산원_공동주택 단지 식별정보_기본정보_20250918
28237120177268,2823710100105050001,인천광역시,부평구,,부평동,505-1,인천광역시 부평구 부평동 505-1,로뎀레뷰,로뎀레뷰,로뎀레뷰,로뎀레뷰,1,아파트,1,56,2013-05-08,한국부동산원_공동주택 단지 식별정보_기본정보_20250918
28237120181571,2823710100105050002,인천광역시,부평구,,부평동,505-2,인천광역시 부평구 부평동 505-2,헤리움,헤리움,헤리움,헤리움,1,아파트,1,176,2013-07-17,한국부동산원_공동주택 단지 식별정보_기본정보_20250918
28237120173903,2823710100105050004,인천광역시,부평구,,부평동,505-4,인천광역시 부평구 부평동 505-4,삼성캐슬아파트,삼성캐슬(505-4),삼성캐슬아파트,삼성캐슬아파트,1,아파트,1,28,2013-03-19,한국부동산원_공동주택 단지 식별정보_기본정보_20250918
28237120313485,2823710100105050008,인천광역시,부평구,,부평동,505-8,인천광역시 부평구 부평동 505-8,GM펠리스,GM펠리스,GM펠리스,GM펠리스,1,아파트,1,10,2015-03-02,한국부동산원_공동주택 단지 식별정보_기본정보_20250918
28237120094688,2823710100105050010,인천광역시,부평구,,부평동,505-10,인천광역시 부평구 부평동 505-10,늘푸른아파트,늘푸른아파트,늘푸른아파트,늘푸른아파트,1,아파트,1,17,2008-01-24,한국부동산원_공동주택 단지 식별정보_기본정보_20250918
28237100218880,2823710100105060002,인천광역시,부평구,,부평동,506-2,인천광역시 부평구 부평동 506-2,대흥아파트,대흥,대흥아파트,대흥아파트,1,아파트,1,19,2003-05-10,한국부동산원_공동주택 단지 식별정보_기본정보_20250918
28237120285089,2823710100105070002,인천광역시,부평구,,부평동,507-2,인천광역시 부평구 부평동 507-2,M-City,M-City,M-City,M-City,1,아파트,1,210,2014-01-20,한국부동산원_공동주택 단지 식별정보_기본정보_20250918
28237120355873,2823710100105090003,인천광역시,부평구,,부평동,509-3,인천광역시 부평구 부평동 509-3,원일팰리스,원일팰리스,원일팰리스,원일팰리스,1,아파트,1,28,2017-08-10,한국부동산원_공동주택 단지 식별정보_기본정보_20250918
28237120313264,2823710100105180001,인천광역시,부평구,,부평동,518-1,인천광역시 부평구 부평동 518-1,스위트홈1동,스위트홈1동,스위트홈1동,스위트홈1동,1,아파트,1,56,2015-03-12,한국부동산원_공동주택 단지 식별정보_기본정보_20250918
28237120312810,2823710100105180007,인천광역시,부평구,,부평동,518-7,인천광역시 부평구 부평동 518-7,스위트홈2동,스위트홈B(2동),스위트홈2동,스위트홈2동,1,아파트,1,39,2015-02-12,한국부동산원_공동주택 단지 식별정보_기본정보_20250918
28237120329141,2823710100105190009,인천광역시,부평구,,부평동,519-9,인천광역시 부평구 부평동 519-9,벨라루체,벨라루체,벨라루체,벨라루체,1,아파트,1,65,2015-11-23,한국부동산원_공동주택 단지 식별정보_기본정보_20250918
28237120293433,2823710100105210007,인천광역시,부평구,,부평동,521-7,인천광역시 부평구 부평동 521-7,서린레이크,서린레이크,서린레이크,,1,아파트,1,30,2014-06-25,한국부동산원_공동주택 단지 식별정보_기본정보_20250918
28237120331220,2823710100105290093,인천광역시,부평구,,부평동,529-93,인천광역시 부평구 부평동 529-93,플러스타워,플러스타워,플러스타워,플러스타워,1,아파트,1,27,2016-01-06,한국부동산원_공동주택 단지 식별정보_기본정보_20250918
28237120341247,2823710100105310001,인천광역시,부평구,,부평동,531-1,인천광역시 부평구 부평동 531-1,태강 CITY,태강CITY,태강 CITY,태강 CITY,1,아파트,1,56,2016-08-16,한국부동산원_공동주택 단지 식별정보_기본정보_20250918
28237120353769,2823710100105340071,인천광역시,부평구,,부평동,534-71,인천광역시 부평구 부평동 534-71,세인트뷰,세인트뷰,세인트뷰,세인트뷰,1,아파트,1,39,2017-06-08,한국부동산원_공동주택 단지 식별정보_기본정보_20250918
28237120381054,2823710100105340088,인천광역시,부평구,,부평동,534-88,인천광역시 부평구 부평동 534-88,부평 룩소르 주상복합아파트,부평룩소르주상복합아파트,부평 룩소르 주상복합아파트,부평 룩소르 주상복합아파트,1,아파트,1,75,2018-11-13,한국부동산원_공동주택 단지 식별정보_기본정보_20250918
28237120143570,2823710100105340092,인천광역시,부평구,,부평동,534-92,인천광역시 부평구 부평동 534-92,임탑 주상복합아파트,아뜨리에,임탑 주상복합아파트,임탑 주상복합아파트,1,아파트,1,131,2011-09-30,한국부동산원_공동주택 단지 식별정보_기본정보_20250918
28237100053932,2823710100105340096,인천광역시,부평구,,부평동,534-96,인천광역시 부평구 부평동 534-96,부평두산위브아파트,두산위브,부평두산위브아파트,부평두산위브아파트,1,아파트,4,280,2005-02-25,한국부동산원_공동주택 단지 식별정보_기본정보_20250918
28237120132661,2823710100105340167,인천광역시,부평구,,부평동,534-167,인천광역시 부평구 부평동 534-167,M타워,M타워,M타워,M타워,1,아파트,1,9,2010-11-01,한국부동산원_공동주택 단지 식별정보_기본정보_20250918
28237100218882,2823710100105420068,인천광역시,부평구,,부평동,542-68,인천광역시 부평구 부평동 542-68,삼성로얄아파트,삼성로얄,삼성로얄아파트,삼성로얄아파트,1,아파트,1,9,2002-11-12,한국부동산원_공동주택 단지 식별정보_기본정보_20250918
28237120337448,2823710100105460043,인천광역시,부평구,,부평동,546-43,인천광역시 부평구 부평동 546-43,포커스 뷰,포커스뷰,포커스 뷰,포커스 뷰,1,아파트,1,18,2016-05-30,한국부동산원_공동주택 단지 식별정보_기본정보_20250918
28237100218883,2823710100105570016,인천광역시,부평구,,부평동,557-16,인천광역시 부평구 부평동 557-16,수인씨티아파트,수인씨티,수인씨티아파트,수인씨티아파트,1,아파트,1,18,2002-05-17,한국부동산원_공동주택 단지 식별정보_기본정보_20250918
28237120388157,2823710100105600002,인천광역시,부평구,,부평동,560-2,인천광역시 부평구 부평동 560-2,웰링턴,웰링턴,웰링턴,웰링턴,1,아파트,1,64,2019-05-17,한국부동산원_공동주택 단지 식별정보_기본정보_20250918
28237120177229,2823710100105640008,인천광역시,부평구,,부평동,564-8,인천광역시 부평구 부평동 564-8,반석아인스힐2동,반석아인스힐2동,반석아인스힐2동,반석아인스힐2동,1,아파트,1,15,2013-05-08,한국부동산원_공동주택 단지 식별정보_기본정보_20250918
28237120163806,2823710100105680001,인천광역시,부평구,,부평동,568-1,인천광역시 부평구 부평동 568-1,대준블루온,대준블루온,대준블루온,대준블루온,1,아파트,1,144,2012-09-07,한국부동산원_공동주택 단지 식별정보_기본정보_20250918
28237120284856,2823710100105740001,인천광역시,부평구,,부평동,574-1,인천광역시 부평구 부평동 574-1,라온2,라온2,라온2,라온2,1,아파트,1,29,2014-01-27,한국부동산원_공동주택 단지 식별정보_기본정보_20250918
28237120298006,2823710100105760003,인천광역시,부평구,,부평동,576-3,인천광역시 부평구 부평동 576-3,SR벨리체 2차,SR벨리체2차,SR벨리체 2차,SR벨리체 2차,1,아파트,1,36,2014-08-04,한국부동산원_공동주택 단지 식별정보_기본정보_20250918
28237120315665,2823710100105770002,인천광역시,부평구,,부평동,577-2,인천광역시 부평구 부평동 577-2,퍼스트City56,퍼스트City56,퍼스트City56,퍼스트City56,1,아파트,1,32,2015-04-01,한국부동산원_공동주택 단지 식별정보_기본정보_20250918
28237120154000,2823710100105870003,인천광역시,부평구,,부평동,587-3,인천광역시 부평구 부평동 587-3,아텔리어,아텔리어,아텔리어,아텔리어,1,아파트,1,42,2012-04-04,한국부동산원_공동주택 단지 식별정보_기본정보_20250918
28237100005822,2823710100106090007,인천광역시,부평구,,부평동,609-7,인천광역시 부평구 부평동 609-7,유일세라믹아파트,유일세라믹아파트,유일세라믹아파트,유일세라믹아파트,1,아파트,1,88,1992-12-15,한국부동산원_공동주택 단지 식별정보_기본정보_20250918
28237120124704,2823710100106100017,인천광역시,부평구,,부평동,610-17,인천광역시 부평구 부평동 610-17,해마루,해마루아파트,해마루,해마루,1,아파트,1,65,2009-11-10,한국부동산원_공동주택 단지 식별정보_기본정보_20250918
28237120050289,2823710100106120007,인천광역시,부평구,,부평동,612-7,인천광역시 부평구 부평동 612-7,애지앙아파트,태원애지앙아파트,애지앙아파트,애지앙아파트,1,아파트,1,75,2006-06-19,한국부동산원_공동주택 단지 식별정보_기본정보_20250918
28237100218885,2823710100106310010,인천광역시,부평구,,부평동,631-10,인천광역시 부평구 부평동 631-10,부영아파트,부영아파트,부영아파트,부영아파트,1,아파트,1,14,2003-06-03,한국부동산원_공동주택 단지 식별정보_기본정보_20250918
28237120089987,2823710100106320003,인천광역시,부평구,,부평동,632-3,인천광역시 부평구 부평동 632-3,부평라일실크빌,부평라일실크빌아파트,부평라일실크빌,부평라일실크빌,1,아파트,1,98,2007-12-07,한국부동산원_공동주택 단지 식별정보_기본정보_20250918
28237120072606,2823710100106850000,인천광역시,부평구,,부평동,685,인천광역시 부평구 부평동 685,샬렛주상아파트,화산샬렛주상아파트,샬렛주상아파트,샬렛주상아파트,1,아파트,1,64,2007-07-12,한국부동산원_공동주택 단지 식별정보_기본정보_20250918
28237120146864,2823710100107220005,인천광역시,부평구,,부평동,722-5,인천광역시 부평구 부평동 722-5,부평렉슬아파트,부평렉슬아파트,,,1,아파트,1,17,2011-12-08,한국부동산원_공동주택 단지 식별정보_기본정보_20250918
28237120381310,2823710100107380045,인천광역시,부평구,,부평동,738-45,인천광역시 부평구 부평동 738-45,에코파인,에코파인,에코파인,에코파인,1,아파트,1,174,2018-11-19,한국부동산원_공동주택 단지 식별정보_기본정보_20250918
28237120020041,2823710100107560421,인천광역시,부평구,,부평동,756-421,인천광역시 부평구 부평동 756-421,신성미소지움아파트,신성미소지움아파트(101~106동),신성미소지움아파트,신성미소지움아파트,1,아파트,6,298,2005-06-16,한국부동산원_공동주택 단지 식별정보_기본정보_20250918
28237100218888,2823710100107730077,인천광역시,부평구,,부평동,773-77,인천광역시 부평구 부평동 773-77,지오아파트,지오,지오아파트,지오아파트,1,아파트,1,19,2002-07-15,한국부동산원_공동주택 단지 식별정보_기본정보_20250918
28237120394275,2823710100107980016,인천광역시,부평구,,부평동,798-16,인천광역시 부평구 부평동 798-16,코코빌라,코코빌라,코코빌라,코코빌라,1,아파트,1,25,2019-10-07,한국부동산원_공동주택 단지 식별정보_기본정보_20250918
28237100005797,2823710100107990003,인천광역시,부평구,,부평동,799-3,인천광역시 부평구 부평동 799-3,건우아파트,건우,건우아파트,건우아파트,1,아파트,4,150,1985-07-08,한국부동산원_공동주택 단지 식별정보_기본정보_20250918
28237100005796,2823710100107990005,인천광역시,부평구,,부평동,799-5,인천광역시 부평구 부평동 799-5,미도아파트,가나안미도,미도아파트,미도아파트,1,아파트,2,140,1986-02-28,한국부동산원_공동주택 단지 식별정보_기본정보_20250918
28237120162483,2823710100109370000,인천광역시,부평구,,부평동,937,인천광역시 부평구 부평동 937,부평엘에이치1단지,부평LH1단지(국민임대),부평엘에이치1단지,부평엘에이치1단지,1,아파트,4,297,2012-07-13,한국부동산원_공동주택 단지 식별정보_기본정보_20250918
28237120162437,2823710100109380000,인천광역시,부평구,,부평동,938,인천광역시 부평구 부평동 938,부평엘에이치2단지,부평센트럴포레스트,부평엘에이치2단지,,1,아파트,12,704,2012-07-13,한국부동산원_공동주택 단지 식별정보_기본정보_20250918
28237120306348,2823710100109460000,인천광역시,부평구,,부평동,946,인천광역시 부평구 부평동 946,래미안부평,래미안부평(임대),래미안부평,래미안부평,1,아파트,2,236,2014-09-29,한국부동산원_공동주택 단지 식별정보_기본정보_20250918
28237120306392,2823710100109470000,인천광역시,부평구,,부평동,947,인천광역시 부평구 부평동 947,래미안부평,래미안부평,래미안부평,래미안부평,1,아파트,16,1145,2014-09-29,한국부동산원_공동주택 단지 식별정보_기본정보_20250918
28237120442184,2823710100109560000,인천광역시,부평구,,부평동,956,인천광역시 부평구 부평동 956,부평역 한라비발디 트레비앙,부평역한라비발디트레비앙,부평역 한라비발디 트레비앙,,1,아파트,4,385,2023-07-17,한국부동산원_공동주택 단지 식별정보_기본정보_20250918
28237120442188,2823710100109620000,인천광역시,부평구,,부평동,962,인천광역시 부평구 부평동 962,부평 SK VIEW 해모로,부평SKVIEW해모로,부평 SK VIEW 해모로,,1,아파트,17,1559,2023-02-24,한국부동산원_공동주택 단지 식별정보_기본정보_20250918
28237120442169,2823710100109820000,인천광역시,부평구,,부평동,982,인천광역시 부평구 부평동 982,중앙하이츠 프리미어 부평,중앙하이츠프리미어부평,중앙하이츠 프리미어 부평,,1,아파트,6,413,2023-07-24,한국부동산원_공동주택 단지 식별정보_기본정보_20250918
28237120414860,2823710100109950000,인천광역시,부평구,,부평동,995,인천광역시 부평구 부평동 995,부평역 화성파크드림,부평역화성파크드림,부평역 화성파크드림,부평역 화성파크드림,1,아파트,5,541,2020-11-30,한국부동산원_공동주택 단지 식별정보_기본정보_20250918
28237120451570,2823710100110020000,인천광역시,부평구,,부평동,1002,인천광역시 부평구 부평동 1002,인천부평 우미린 더센트럴,인천부평우미린더센트럴,인천부평 우미린 더센트럴,,1,아파트,5,438,2023-07-24,한국부동산원_공동주택 단지 식별정보_기본정보_20250918
28237100005653,2823710200101820095,인천광역시,부평구,,십정동,182-95,인천광역시 부평구 십정동 182-95,인천부평대주파크빌,대주파크빌,인천부평대주파크빌,인천부평대주파크빌,1,아파트,2,312,2001-11-24,한국부동산원_공동주택 단지 식별정보_기본정보_20250918
28237100005664,2823710200101860007,인천광역시,부평구,,십정동,186-7,인천광역시 부평구 십정동 186-7,한국아파트,한국,한국아파트,한국아파트,1,아파트,3,194,1998-01-06,한국부동산원_공동주택 단지 식별정보_기본정보_20250918
28237100005660,2823710200101870022,인천광역시,부평구,,십정동,187-22,인천광역시 부평구 십정동 187-22,동보아파트,동보,동보아파트,동보아파트,1,아파트,1,207,1998-07-22,한국부동산원_공동주택 단지 식별정보_기본정보_20250918
28237100005663,2823710200101880002,인천광역시,부평구,,십정동,188-2,인천광역시 부평구 십정동 188-2,정원아파트,정원,정원아파트,정원아파트,1,아파트,3,138,1987-10-26,한국부동산원_공동주택 단지 식별정보_기본정보_20250918
28237100005655,2823710200102160000,인천광역시,부평구,,십정동,216,인천광역시 부평구 십정동 216,백영아파트,백영,백영아파트,백영아파트,1,아파트,1,206,1997-05-06,한국부동산원_공동주택 단지 식별정보_기본정보_20250918
28237100218891,2823710200103060001,인천광역시,부평구,,십정동,306-1,인천광역시 부평구 십정동 306-1,시민,시민,,,1,아파트,2,40,1984-11-09,한국부동산원_공동주택 단지 식별정보_기본정보_20250918
28237120102028,2823710200103150058,인천광역시,부평구,,십정동,315-58,인천광역시 부평구 십정동 315-58,이즈라이프아파트,이즈라이프아파트,이즈라이프아파트,이즈라이프아파트,1,아파트,1,19,2008-10-06,한국부동산원_공동주택 단지 식별정보_기본정보_20250918
28237100448888,2823710200103260013,인천광역시,부평구,,십정동,326-13,인천광역시 부평구 십정동 326-13,천일아파트,천일,천일아파트,천일아파트,1,아파트,1,46,2005-03-17,한국부동산원_공동주택 단지 식별정보_기본정보_20250918
28237120089988,2823710200103900007,인천광역시,부평구,,십정동,390-7,인천광역시 부평구 십정동 390-7,지엔에스 엔뷰 아파트,지엔에스엔뷰아파트,지엔에스 엔뷰 아파트,지엔에스 엔뷰 아파트,1,아파트,1,19,2007-11-14,한국부동산원_공동주택 단지 식별정보_기본정보_20250918
28237100005658,2823710200103900016,인천광역시,부평구,,십정동,390-16,인천광역시 부평구 십정동 390-16,수정,수정,,,1,아파트,1,30,1985-08-26,한국부동산원_공동주택 단지 식별정보_기본정보_20250918
28237120130398,2823710200104020057,인천광역시,부평구,,십정동,402-57,인천광역시 부평구 십정동 402-57,에버그린아파트,에버그린아파트,에버그린아파트,에버그린아파트,1,아파트,1,16,2010-07-02,한국부동산원_공동주택 단지 식별정보_기본정보_20250918
28237120299448,2823710200104060003,인천광역시,부평구,,십정동,406-3,인천광역시 부평구 십정동 406-3,동암 비버리씨티,동암비버리씨티,,동암 비버리씨티,1,아파트,1,124,2014-09-19,한국부동산원_공동주택 단지 식별정보_기본정보_20250918
28237120126411,2823710200104080029,인천광역시,부평구,,십정동,408-29,인천광역시 부평구 십정동 408-29,현대캐슬아파트,현대캐슬,현대캐슬아파트,현대캐슬아파트,1,아파트,1,17,2010-03-15,한국부동산원_공동주택 단지 식별정보_기본정보_20250918
28237120118398,2823710200104090008,인천광역시,부평구,,십정동,409-8,인천광역시 부평구 십정동 409-8,삼성캐슬아파트,삼성캐슬,삼성캐슬아파트,삼성캐슬아파트,1,아파트,1,18,2009-02-25,한국부동산원_공동주택 단지 식별정보_기본정보_20250918
28237100005657,2823710200104240000,인천광역시,부평구,,십정동,424,인천광역시 부평구 십정동 424,삼용아파트,삼용,삼용아파트,삼용아파트,1,아파트,1,45,1986-11-05,한국부동산원_공동주택 단지 식별정보_기본정보_20250918
28237120083306,2823710200104270003,인천광역시,부평구,,십정동,427-3,인천광역시 부평구 십정동 427-3,동암정든마을아파트,동암정든마을아파트(427-3),동암정든마을아파트,동암정든마을아파트,1,아파트,1,68,2007-10-16,한국부동산원_공동주택 단지 식별정보_기본정보_20250918
28237120284313,2823710200104670011,인천광역시,부평구,,십정동,467-11,인천광역시 부평구 십정동 467-11,골드스타타워,골드스타타워,,,1,아파트,1,77,2013-12-26,한국부동산원_공동주택 단지 식별정보_기본정보_20250918
28237120336757,2823710200104810005,인천광역시,부평구,,십정동,481-5,인천광역시 부평구 십정동 481-5,동암갤러리,동암갤러리,동암갤러리,동암갤러리,1,아파트,1,8,2016-05-24,한국부동산원_공동주택 단지 식별정보_기본정보_20250918
28237120337451,2823710200104820023,인천광역시,부평구,,십정동,482-23,인천광역시 부평구 십정동 482-23,대명노블리안,대명노블리안,대명노블리안,대명노블리안,1,아파트,1,9,2016-05-31,한국부동산원_공동주택 단지 식별정보_기본정보_20250918
28237120009238,2823710200104870002,인천광역시,부평구,,십정동,487-2,인천광역시 부평구 십정동 487-2,동암역 목동 휘버스아파트,목동휘버스,동암역 목동 휘버스아파트,동암역 목동 휘버스아파트,1,아파트,1,64,2005-11-21,한국부동산원_공동주택 단지 식별정보_기본정보_20250918
28237120304302,2823710200105720001,인천광역시,부평구,,십정동,572-1,인천광역시 부평구 십정동 572-1,해피트리,해피트리,해피트리,해피트리,1,아파트,1,18,2014-11-13,한국부동산원_공동주택 단지 식별정보_기본정보_20250918
28237120313313,2823710200105720002,인천광역시,부평구,,십정동,572-2,인천광역시 부평구 십정동 572-2,이레하이니스,이레하이니스(572-2),이레하이니스,이레하이니스,1,아파트,1,48,2015-03-03,한국부동산원_공동주택 단지 식별정보_기본정보_20250918
28237100005659,2823710200105770003,인천광역시,부평구,,십정동,577-3,인천광역시 부평구 십정동 577-3,신태양아파트,신태양,신태양아파트,신태양아파트,1,아파트,2,100,1987-12-30,한국부동산원_공동주택 단지 식별정보_기본정보_20250918
28237100005661,2823710200105820000,인천광역시,부평구,,십정동,582,인천광역시 부평구 십정동 582,약산 신동아아파트,약산신동아,약산 신동아아파트,약산신동아아파트,1,아파트,1,60,1986-01-22,한국부동산원_공동주택 단지 식별정보_기본정보_20250918
28237100005656,2823710200105870006,인천광역시,부평구,,십정동,587-6,인천광역시 부평구 십정동 587-6,삼미아파트,삼미십정아파트,삼미아파트,,1,아파트,1,40,1988-02-20,한국부동산원_공동주택 단지 식별정보_기본정보_20250918
28237100005654,2823710200106070000,인천광역시,부평구,,십정동,607,인천광역시 부평구 십정동 607,동암신동아아파트,동암신동아,동암신동아아파트,동암신동아아파트,1,아파트,17,1690,2000-09-09,한국부동산원_공동주택 단지 식별정보_기본정보_20250918
28237120009239,2823710200106080004,인천광역시,부평구,,십정동,608-4,인천광역시 부평구 십정동 608-4,주공뜨란채아파트,십정뜨란채1단지,주공뜨란채아파트,주공뜨란채아파트,1,아파트,12,920,2005-07-20,한국부동산원_공동주택 단지 식별정보_기본정보_20250918
28237120101393,2823710200106090000,인천광역시,부평구,,십정동,609,인천광역시 부평구 십정동 609,부평금호어울림아파트,부평금호어울림,부평금호어울림아파트,부평금호어울림아파트,1,아파트,6,290,2008-06-19,한국부동산원_공동주택 단지 식별정보_기본정보_20250918
28237120301351,2823710200106170000,인천광역시,부평구,,십정동,617,인천광역시 부평구 십정동 617,브라운스톤 백운,브라운스톤백운,브라운스톤 백운,브라운스톤 백운,1,아파트,4,261,2014-06-25,한국부동산원_공동주택 단지 식별정보_기본정보_20250918
28237120421077,2823710200106290000,인천광역시,부평구,,십정동,629,인천광역시 부평구 십정동 629,서희스타힐스 부평센트럴,서희스타힐스부평센트럴,서희스타힐스 부평센트럴,서희스타힐스 부평센트럴,1,아파트,5,571,2021-04-30,한국부동산원_공동주택 단지 식별정보_기본정보_20250918
28237120434978,2823710200106300000,인천광역시,부평구,,십정동,630,인천광역시 부평구 십정동 630,더샵 부평센트럴시티,더샵부평센트럴시티,더샵 부평센트럴시티,,1,아파트,28,5678,2022-05-02,한국부동산원_공동주택 단지 식별정보_기본정보_20250918
28237120449577,2823710200106420000,인천광역시,부평구,,십정동,642,인천광역시 부평구 십정동 642,힐스테이트 부평,힐스테이트부평,힐스테이트 부평,힐스테이트 부평,1,아파트,9,1409,2023-06-07,한국부동산원_공동주택 단지 식별정보_기본정보_20250918
28237100005680,2823710300100300010,인천광역시,부평구,,산곡동,30-10,인천광역시 부평구 산곡동 30-10,삼도아파트,삼도,삼도아파트,삼도아파트,1,아파트,2,85,1988-11-17,한국부동산원_공동주택 단지 식별정보_기본정보_20250918
28237100005691,2823710300100380026,인천광역시,부평구,,산곡동,38-26,인천광역시 부평구 산곡동 38-26,진흥아파트,진흥,진흥아파트,진흥아파트,1,아파트,4,234,1988-05-14,한국부동산원_공동주택 단지 식별정보_기본정보_20250918
28237100005675,2823710300100380036,인천광역시,부평구,,산곡동,38-36,인천광역시 부평구 산곡동 38-36,동남아파트,동남,동남아파트,동남아파트,1,아파트,2,126,1988-05-19,한국부동산원_공동주택 단지 식별정보_기본정보_20250918
28237100005684,2823710300100430001,인천광역시,부평구,,산곡동,43-1,인천광역시 부평구 산곡동 43-1,수암아파트,수암,수암아파트,수암아파트,1,아파트,3,120,1988-10-18,한국부동산원_공동주택 단지 식별정보_기본정보_20250918
28237100005689,2823710300100630058,인천광역시,부평구,,산곡동,63-58,인천광역시 부평구 산곡동 63-58,가동,인우,,가동,1,아파트,2,95,1984-12-26,한국부동산원_공동주택 단지 식별정보_기본정보_20250918
28237100005665,2823710300100630070,인천광역시,부평구,,산곡동,63-70,인천광역시 부평구 산곡동 63-70,거산아파트,거산,거산아파트,거산아파트,1,아파트,2,72,1997-08-13,한국부동산원_공동주택 단지 식별정보_기본정보_20250918
28237112121734,2823710300100650001,인천광역시,부평구,,산곡동,65-1,인천광역시 부평구 산곡동 65-1,세창아파트,세창짜임,세창아파트,세창아파트,1,아파트,1,99,2005-08-10,한국부동산원_공동주택 단지 식별정보_기본정보_20250918
28237100005676,2823710300100820036,인천광역시,부평구,,산곡동,82-36,인천광역시 부평구 산곡동 82-36,동원아파트,동원(82-36),동원아파트,동원아파트,1,아파트,2,348,1989-05-16,한국부동산원_공동주택 단지 식별정보_기본정보_20250918
28237100005677,2823710300100820116,인천광역시,부평구,,산곡동,82-116,인천광역시 부평구 산곡동 82-116,동원아파트,동원(82-116),동원아파트,동원아파트,1,아파트,3,150,1990-01-31,한국부동산원_공동주택 단지 식별정보_기본정보_20250918
28237120415717,2823710300100910002,인천광역시,부평구,,산곡동,91-2,인천광역시 부평구 산곡동 91-2,부평 IPARK,부평IPARK,부평 IPARK,부평 IPARK,1,아파트,2,256,2020-10-15,한국부동산원_공동주택 단지 식별정보_기본정보_20250918
28237100005674,2823710300101200008,인천광역시,부평구,,산곡동,120-8,인천광역시 부평구 산곡동 120-8,대운아파트,대운,대운아파트,대운아파트,1,아파트,4,90,1985-05-31,한국부동산원_공동주택 단지 식별정보_기본정보_20250918
28237100005707,2823710300101240001,인천광역시,부평구,,산곡동,124-1,인천광역시 부평구 산곡동 124-1,현대아파트,현대(124-1),현대아파트,현대아파트,1,아파트,9,1161,1993-11-20,한국부동산원_공동주택 단지 식별정보_기본정보_20250918
28237100005700,2823710300101240023,인천광역시,부평구,,산곡동,124-23,인천광역시 부평구 산곡동 124-23,산곡동한화아파트,한화2단지,산곡동한화아파트,한화아파트,1,아파트,19,1280,1999-11-02,한국부동산원_공동주택 단지 식별정보_기본정보_20250918
28237100005699,2823710300101240023,인천광역시,부평구,,산곡동,124-23,인천광역시 부평구 산곡동 124-23,산곡동한화아파트,한화1단지,산곡동한화아파트,한화아파트,1,아파트,10,744,1997-03-11,한국부동산원_공동주택 단지 식별정보_기본정보_20250918
28237100005679,2823710300101350004,인천광역시,부평구,,산곡동,135-4,인천광역시 부평구 산곡동 135-4,부성아파트,부성,부성아파트,부성아파트,1,아파트,2,120,1985-03-18,한국부동산원_공동주택 단지 식별정보_기본정보_20250918
28237100005693,2823710300101370003,인천광역시,부평구,,산곡동,137-3,인천광역시 부평구 산곡동 137-3,부평산곡 한신아파트,한신(137-3),부평산곡 한신아파트,부평산곡한신아파트,1,아파트,2,234,1985-07-10,한국부동산원_공동주택 단지 식별정보_기본정보_20250918
28237100005694,2823710300101370008,인천광역시,부평구,,산곡동,137-8,인천광역시 부평구 산곡동 137-8,부평산곡 한신아파트,한신(137-8),부평산곡 한신아파트,부평산곡 한신아파트,1,아파트,2,308,1986-10-30,한국부동산원_공동주택 단지 식별정보_기본정보_20250918
28237100005666,2823710300101420003,인천광역시,부평구,,산곡동,142-3,인천광역시 부평구 산곡동 142-3,경남아파트,경남1차,경남아파트,경남아파트,1,아파트,7,810,1990-12-22,한국부동산원_공동주택 단지 식별정보_기본정보_20250918
28237100005668,2823710300101450000,인천광역시,부평구,,산곡동,145,인천광역시 부평구 산곡동 145,경남아파트,경남3차,경남아파트,경남아파트,1,아파트,14,916,1992-11-21,한국부동산원_공동주택 단지 식별정보_기본정보_20250918
28237100005697,2823710300101550001,인천광역시,부평구,,산곡동,155-1,인천광역시 부평구 산곡동 155-1,한양아파트,한양(155-1),한양아파트,한양아파트,1,아파트,2,320,1992-08-28,한국부동산원_공동주택 단지 식별정보_기본정보_20250918
28237100005705,2823710300101790069,인천광역시,부평구,,산곡동,179-69,인천광역시 부평구 산곡동 179-69,현대2차아파트,현대(179-69),현대2차아파트,현대2차아파트,1,아파트,1,199,2001-11-14,한국부동산원_공동주택 단지 식별정보_기본정보_20250918
28237100005701,2823710300101790092,인천광역시,부평구,,산곡동,179-92,인천광역시 부평구 산곡동 179-92,현대아파트,현대(179-92),현대아파트,현대아파트,1,아파트,5,384,1999-11-13,한국부동산원_공동주택 단지 식별정보_기본정보_20250918
28237100005681,2823710300101800116,인천광역시,부평구,,산곡동,180-116,인천광역시 부평구 산곡동 180-116,삼보아파트,삼보,삼보아파트,삼보아파트,1,아파트,4,295,1985-11-06,한국부동산원_공동주택 단지 식별정보_기본정보_20250918
28237100005690,2823710300101800329,인천광역시,부평구,,산곡동,180-329,인천광역시 부평구 산곡동 180-329,재원아파트,재원,재원아파트,재원아파트,1,아파트,7,210,1984-12-24,한국부동산원_공동주택 단지 식별정보_기본정보_20250918
28237100005696,2823710300101820000,인천광역시,부평구,,산곡동,182,인천광역시 부평구 산곡동 182,산곡동한양아파트,한양(182),산곡동한양아파트,산곡동한양아파트,1,아파트,21,720,1984-11-15,한국부동산원_공동주택 단지 식별정보_기본정보_20250918
28237100005698,2823710300101850017,인천광역시,부평구,,산곡동,185-17,인천광역시 부평구 산곡동 185-17,한양아파트,한양(185-17),한양아파트,한양아파트,1,아파트,2,208,1993-09-24,한국부동산원_공동주택 단지 식별정보_기본정보_20250918
28237100005678,2823710300101910003,인천광역시,부평구,,산곡동,191-3,인천광역시 부평구 산곡동 191-3,무지개아파트,무지개,무지개아파트,무지개아파트,1,아파트,2,330,1991-01-19,한국부동산원_공동주택 단지 식별정보_기본정보_20250918
28237100051397,2823710300102220000,인천광역시,부평구,,산곡동,222,인천광역시 부평구 산곡동 222,한신휴아파트,한신휴,한신휴아파트,한신휴아파트,1,아파트,5,703,2003-01-25,한국부동산원_공동주택 단지 식별정보_기본정보_20250918
28237100218894,2823710300102330026,인천광역시,부평구,,산곡동,233-26,인천광역시 부평구 산곡동 233-26,프리상뜨아파트,태화프리상뜨,프리상뜨아파트,프리상뜨아파트,1,아파트,3,335,2004-09-30,한국부동산원_공동주택 단지 식별정보_기본정보_20250918
28237100005685,2823710300102510002,인천광역시,부평구,,산곡동,251-2,인천광역시 부평구 산곡동 251-2,우성아파트,우성5차,우성아파트,우성아파트,1,아파트,3,299,1996-12-19,한국부동산원_공동주택 단지 식별정보_기본정보_20250918
28237100005672,2823710300102550001,인천광역시,부평구,,산곡동,255-1,인천광역시 부평구 산곡동 255-1,뉴서울아파트,뉴서울아파트,뉴서울아파트,뉴서울아파트,1,아파트,6,565,1989-11-03,한국부동산원_공동주택 단지 식별정보_기본정보_20250918
28237100005670,2823710300102610008,인천광역시,부평구,,산곡동,261-8,인천광역시 부평구 산곡동 261-8,경남5차아파트,경남5차,경남5차아파트,경남5차아파트,1,아파트,3,308,1992-02-28,한국부동산원_공동주택 단지 식별정보_기본정보_20250918
28237100005673,2823710300102640001,인천광역시,부평구,,산곡동,264-1,인천광역시 부평구 산곡동 264-1,뉴서울아파트,뉴서울(264-1),뉴서울아파트,뉴서울아파트,1,아파트,4,498,1991-07-27,한국부동산원_공동주택 단지 식별정보_기본정보_20250918
28237100005667,2823710300102740000,인천광역시,부평구,,산곡동,274,인천광역시 부평구 산곡동 274,경남아파트,경남2차,경남아파트,경남아파트,1,아파트,8,690,1991-07-12,한국부동산원_공동주택 단지 식별정보_기본정보_20250918
28237100005669,2823710300102740005,인천광역시,부평구,,산곡동,274-5,인천광역시 부평구 산곡동 274-5,경남아파트,경남4차,경남아파트,경남아파트,1,아파트,11,776,1994-05-25,한국부동산원_공동주택 단지 식별정보_기본정보_20250918
28237100005686,2823710300102940035,인천광역시,부평구,,산곡동,294-35,인천광역시 부평구 산곡동 294-35,우성아파트,우성1차2차(294-35),우성아파트,우성아파트,1,아파트,9,1380,1989-08-28,한국부동산원_공동주택 단지 식별정보_기본정보_20250918
28237100005687,2823710300102940035,인천광역시,부평구,,산곡동,294-35,인천광역시 부평구 산곡동 294-35,우성아파트,우성3차(294-35),우성아파트,우성아파트,1,아파트,7,600,1990-03-30,한국부동산원_공동주택 단지 식별정보_기본정보_20250918
28237100005688,2823710300103060003,인천광역시,부평구,,산곡동,306-3,인천광역시 부평구 산곡동 306-3,우성아파트,우성4차,우성아파트,우성아파트,1,아파트,5,494,1991-01-19,한국부동산원_공동주택 단지 식별정보_기본정보_20250918
28237100005702,2823710300103070000,인천광역시,부평구,,산곡동,307,인천광역시 부평구 산곡동 307,현대아파트,현대1차,현대아파트,현대아파트,1,아파트,23,2204,1985-09-30,한국부동산원_공동주택 단지 식별정보_기본정보_20250918
28237100005703,2823710300103110076,인천광역시,부평구,,산곡동,311-76,인천광역시 부평구 산곡동 311-76,현대아파트,현대(311-76),현대아파트,현대아파트,1,아파트,1,95,1991-08-31,한국부동산원_공동주택 단지 식별정보_기본정보_20250918
28237100005704,2823710300103110126,인천광역시,부평구,,산곡동,311-126,인천광역시 부평구 산곡동 311-126,현대아파트,현대2차,,현대아파트,1,아파트,13,1496,1987-05-21,한국부동산원_공동주택 단지 식별정보_기본정보_20250918
28237100005683,2823710300103690192,인천광역시,부평구,,산곡동,369-192,인천광역시 부평구 산곡동 369-192,선포아파트,선포,선포아파트,선포아파트,1,아파트,1,49,2002-01-09,한국부동산원_공동주택 단지 식별정보_기본정보_20250918
28237100005706,2823710300103700399,인천광역시,부평구,,산곡동,370-399,인천광역시 부평구 산곡동 370-399,현대아파트,현대3차,현대아파트,현대아파트,1,아파트,14,1200,1989-09-30,한국부동산원_공동주택 단지 식별정보_기본정보_20250918
28237120067888,2823710300105060000,인천광역시,부평구,,산곡동,506,인천광역시 부평구 산곡동 506,신명스카이뷰숲,신명스카이뷰,신명스카이뷰숲,신명스카이뷰숲,1,아파트,4,191,2007-05-10,한국부동산원_공동주택 단지 식별정보_기본정보_20250918
28237120088027,2823710300105070000,인천광역시,부평구,,산곡동,507,인천광역시 부평구 산곡동 507,금호 이수 마운트밸리,금호이수마운트밸리,금호 이수 마운트밸리,금호 이수 마운트밸리,1,아파트,22,1365,2007-11-23,한국부동산원_공동주택 단지 식별정보_기본정보_20250918
28237120146701,2823710300105100000,인천광역시,부평구,,산곡동,510,인천광역시 부평구 산곡동 510,산곡푸르지오,부평산곡푸르지오,산곡푸르지오,,1,아파트,8,765,2011-10-25,한국부동산원_공동주택 단지 식별정보_기본정보_20250918
28237120391400,2823710300105180000,인천광역시,부평구,,산곡동,518,인천광역시 부평구 산곡동 518,부평 샬레 아넬리스,부평샬레아넬리스,부평 샬레 아넬리스,부평 샬레 아넬리스,1,아파트,4,266,2019-05-08,한국부동산원_공동주택 단지 식별정보_기본정보_20250918
28237120431922,2823710300105190000,인천광역시,부평구,,산곡동,519,인천광역시 부평구 산곡동 519,쌍용더플래티넘 부평,쌍용더플래티넘부평,쌍용더플래티넘 부평,,1,아파트,10,811,2022-08-25,한국부동산원_공동주택 단지 식별정보_기본정보_20250918
28237120442183,2823710300105240000,인천광역시,부평구,,산곡동,524,인천광역시 부평구 산곡동 524,부평 신일 해피트리 더루츠,부평신일해피트리더루츠,부평 신일 해피트리 더루츠,,1,아파트,12,1116,2022-07-01,한국부동산원_공동주택 단지 식별정보_기본정보_20250918
28237120449207,2823710300105340000,인천광역시,부평구,,산곡동,534,인천광역시 부평구 산곡동 534,부평 두산위브 더파크,부평두산위브더파크,부평 두산위브 더파크,,1,아파트,10,799,2022-11-29,한국부동산원_공동주택 단지 식별정보_기본정보_20250918
28237120455187,2823710300105500000,인천광역시,부평구,,산곡동,550,인천광역시 부평구 산곡동 550,부평 캐슬&더샵퍼스트,부평캐슬&더샵퍼스트,부평 캐슬&더샵퍼스트,,1,아파트,12,1623,2024-10-18,한국부동산원_공동주택 단지 식별정보_기본정보_20250918
28237100005692,2823710300200470022,인천광역시,부평구,,산곡동,산47-22,인천광역시 부평구 산곡동 산47-22,청하아파트,청하,청하아파트,청하아파트,1,아파트,1,84,1990-03-24,한국부동산원_공동주택 단지 식별정보_기본정보_20250918
28237100005721,2823710400100050005,인천광역시,부평구,,청천동,5-5,인천광역시 부평구 청천동 5-5,"영진아파트, 상가",영진,"영진아파트, 상가",영진아파트,1,아파트,1,196,1995-07-07,한국부동산원_공동주택 단지 식별정보_기본정보_20250918
28237100005724,2823710400100160008,인천광역시,부평구,,청천동,16-8,인천광역시 부평구 청천동 16-8,청천,청천,,,1,아파트,5,130,1978-11-24,한국부동산원_공동주택 단지 식별정보_기본정보_20250918
28237100005711,2823710400101760000,인천광역시,부평구,,청천동,176,인천광역시 부평구 청천동 176,청천푸르지오아파트,청천푸르지오,청천푸르지오아파트,청천푸르지오아파트,1,아파트,23,2257,1998-06-20,한국부동산원_공동주택 단지 식별정보_기본정보_20250918
28237120401115,2823710400101900006,인천광역시,부평구,,청천동,190-6,인천광역시 부평구 청천동 190-6,으뜸 뷰그리안,으뜸뷰그리안,으뜸 뷰그리안,으뜸 뷰그리안,1,아파트,1,28,2020-03-13,한국부동산원_공동주택 단지 식별정보_기본정보_20250918
28237120363750,2823710400101910006,인천광역시,부평구,,청천동,191-6,인천광역시 부평구 청천동 191-6,청천1차 뷰그리안,청천1차뷰그리안,,청천1차 뷰그리안,1,아파트,1,64,2018-04-17,한국부동산원_공동주택 단지 식별정보_기본정보_20250918
28237120009241,2823710400101920000,인천광역시,부평구,,청천동,192,인천광역시 부평구 청천동 192,우림필유,우림필유(192-0),우림필유,우림필유,1,아파트,2,209,2005-09-27,한국부동산원_공동주택 단지 식별정보_기본정보_20250918
28237120059852,2823710400101990024,인천광역시,부평구,,청천동,199-24,인천광역시 부평구 청천동 199-24,미가로아파트,미가로,미가로아파트,미가로아파트,1,아파트,2,170,2006-11-15,한국부동산원_공동주택 단지 식별정보_기본정보_20250918
28237100005710,2823710400102000000,인천광역시,부평구,,청천동,200,인천광역시 부평구 청천동 200,"부평1,2차 금호타운","부평1,2차금호타운","부평1,2차 금호타운",부평1차 금호타운,1,아파트,24,2539,1998-02-06,한국부동산원_공동주택 단지 식별정보_기본정보_20250918
28237100005712,2823710400102360000,인천광역시,부평구,,청천동,236,인천광역시 부평구 청천동 236,대진,대진,,,1,아파트,6,340,1985-05-29,한국부동산원_공동주택 단지 식별정보_기본정보_20250918
28237100005715,2823710400102360005,인천광역시,부평구,,청천동,236-5,인천광역시 부평구 청천동 236-5,미도아파트,미도6,,미도아파트,1,아파트,3,222,1988-02-02,한국부동산원_공동주택 단지 식별정보_기본정보_20250918
28237100005719,2823710400102590000,인천광역시,부평구,,청천동,259,인천광역시 부평구 청천동 259,쌍용아파트,쌍용,쌍용아파트,쌍용아파트,1,아파트,4,510,1990-09-22,한국부동산원_공동주택 단지 식별정보_기본정보_20250918
28237100005716,2823710400102590005,인천광역시,부평구,,청천동,259-5,인천광역시 부평구 청천동 259-5,미도아파트,미도7,미도아파트,미도아파트,1,아파트,4,384,1989-02-27,한국부동산원_공동주택 단지 식별정보_기본정보_20250918
28237100005718,2823710400103000000,인천광역시,부평구,,청천동,300,인천광역시 부평구 청천동 300,삼익아파트,삼익,삼익아파트,삼익아파트,1,아파트,2,375,1986-11-20,한국부동산원_공동주택 단지 식별정보_기본정보_20250918
28237100005725,2823710400103000001,인천광역시,부평구,,청천동,300-1,인천광역시 부평구 청천동 300-1,현광아파트,현광,현광아파트,현광아파트,1,아파트,1,48,1994-05-26,한국부동산원_공동주택 단지 식별정보_기본정보_20250918
28237120453596,2823710400103000002,인천광역시,부평구,,청천동,300-2,인천광역시 부평구 청천동 300-2,DAESUNG JIUMAE 청천1차,DAESUNGJIUMAE청천1차,DAESUNG JIUMAE 청천1차,,1,아파트,1,80,2024-11-27,한국부동산원_공동주택 단지 식별정보_기본정보_20250918
28237100005723,2823710400103770009,인천광역시,부평구,,청천동,377-9,인천광역시 부평구 청천동 377-9,인향아파트,인향,인향아파트,인향아파트,1,아파트,2,266,1994-01-10,한국부동산원_공동주택 단지 식별정보_기본정보_20250918
28237100005714,2823710400103900005,인천광역시,부평구,,청천동,390-5,인천광역시 부평구 청천동 390-5,무지개아파트,무지개,무지개아파트,무지개아파트,1,아파트,2,220,1993-03-26,한국부동산원_공동주택 단지 식별정보_기본정보_20250918
28237100005713,2823710400103970000,인천광역시,부평구,,청천동,397,인천광역시 부평구 청천동 397,동양아파트,동양,,동양아파트,1,아파트,6,200,1982-12-16,한국부동산원_공동주택 단지 식별정보_기본정보_20250918
28237100005708,2823710400103990006,인천광역시,부평구,,청천동,399-6,인천광역시 부평구 청천동 399-6,광명아파트,광명,광명아파트,광명아파트,1,아파트,4,418,1995-10-24,한국부동산원_공동주택 단지 식별정보_기본정보_20250918
28237120417563,2823710400104530000,인천광역시,부평구,,청천동,453,인천광역시 부평구 청천동 453,청천우민늘푸른아파트,청천우민늘푸른아파트,청천우민늘푸른아파트,청천우민늘푸른아파트,1,아파트,5,341,2020-10-06,한국부동산원_공동주택 단지 식별정보_기본정보_20250918
28237100005740,2823710500100400001,인천광역시,부평구,,삼산동,40-1,인천광역시 부평구 삼산동 40-1,현대아파트,현대,현대아파트,현대아파트,1,아파트,2,330,1995-05-17,한국부동산원_공동주택 단지 식별정보_기본정보_20250918
28237100005732,2823710500100560003,인천광역시,부평구,,삼산동,56-3,인천광역시 부평구 삼산동 56-3,삼보아파트,삼보,삼보아파트,삼보아파트,1,아파트,3,630,1990-11-20,한국부동산원_공동주택 단지 식별정보_기본정보_20250918
28237100005738,2823710500100600006,인천광역시,부평구,,삼산동,60-6,인천광역시 부평구 삼산동 60-6,태산아파트,태산,태산아파트,태산아파트,1,아파트,3,216,1989-10-28,한국부동산원_공동주택 단지 식별정보_기본정보_20250918
28237100218897,2823710500101570000,인천광역시,부평구,,삼산동,157,인천광역시 부평구 삼산동 157,인천삼산엘에이치1단지,삼산마을주공(106동),인천삼산엘에이치1단지,삼산동주공아파트,1,아파트,1,294,1991-08-26,한국부동산원_공동주택 단지 식별정보_기본정보_20250918
28237120347618,2823710500101570000,인천광역시,부평구,,삼산동,157,인천광역시 부평구 삼산동 157,인천삼산엘에이치1단지,삼산마을주공1단지(107-108동),인천삼산엘에이치1단지,인천삼산엘에이치1단지,1,아파트,2,208,2017-01-19,한국부동산원_공동주택 단지 식별정보_기본정보_20250918
28237100218898,2823710500101570003,인천광역시,부평구,,삼산동,157-3,인천광역시 부평구 삼산동 157-3,인천삼산엘에이치1단지,삼산마을주공1단지(101-105동),인천삼산엘에이치1단지,삼산동주공아파트,1,아파트,5,1470,1991-08-26,한국부동산원_공동주택 단지 식별정보_기본정보_20250918
28237120027735,2823710500101700001,인천광역시,부평구,,삼산동,170-1,인천광역시 부평구 삼산동 170-1,인천삼산벽산블루밍,삼산벽산블루밍,인천삼산벽산블루밍,인천삼산벽산블루밍,1,아파트,6,412,2005-12-22,한국부동산원_공동주택 단지 식별정보_기본정보_20250918
28237100005736,2823710500102050000,인천광역시,부평구,,삼산동,205,인천광역시 부평구 삼산동 205,정광아파트,정광,,정광아파트,1,아파트,3,240,1989-05-16,한국부동산원_공동주택 단지 식별정보_기본정보_20250918
28237100005729,2823710500102060002,인천광역시,부평구,,삼산동,206-2,인천광역시 부평구 삼산동 206-2,동남아파트,동남,,동남아파트,1,아파트,2,138,1989-12-07,한국부동산원_공동주택 단지 식별정보_기본정보_20250918
28237100005739,2823710500102540000,인천광역시,부평구,,삼산동,254,인천광역시 부평구 삼산동 254,한국아파트,한국,한국아파트,한국아파트,1,아파트,3,174,1989-08-07,한국부동산원_공동주택 단지 식별정보_기본정보_20250918
28237100005726,2823710500103590000,인천광역시,부평구,,삼산동,359,인천광역시 부평구 삼산동 359,광명아파트,광명12차,광명아파트,광명아파트,1,아파트,6,456,1990-07-02,한국부동산원_공동주택 단지 식별정보_기본정보_20250918
28237100005727,2823710500103590002,인천광역시,부평구,,삼산동,359-2,인천광역시 부평구 삼산동 359-2,광명아파트,광명13차,,광명아파트,1,아파트,3,168,1990-10-30,한국부동산원_공동주택 단지 식별정보_기본정보_20250918
28237100005733,2823710500103870002,인천광역시,부평구,,삼산동,387-2,인천광역시 부평구 삼산동 387-2,삼산주공미래타운아파트,삼산주공미래타운1차,삼산주공미래타운아파트,삼산주공미래타운아파트,1,아파트,7,608,2000-06-07,한국부동산원_공동주택 단지 식별정보_기본정보_20250918
28237100218899,2823710500103880007,인천광역시,부평구,,삼산동,388-7,인천광역시 부평구 삼산동 388-7,삼산주공미래타운아파트,삼산주공미래타운2차,삼산주공미래타운아파트,삼산주공미래타운아파트,1,아파트,6,684,2000-08-12,한국부동산원_공동주택 단지 식별정보_기본정보_20250918
28237100005735,2823710500103890008,인천광역시,부평구,,삼산동,389-8,인천광역시 부평구 삼산동 389-8,삼산주공미래타운아파트,삼산주공미래타운4차,삼산주공미래타운아파트,삼산주공미래타운아파트,1,아파트,10,968,2000-09-20,한국부동산원_공동주택 단지 식별정보_기본정보_20250918
28237100005734,2823710500103900006,인천광역시,부평구,,삼산동,390-6,인천광역시 부평구 삼산동 390-6,삼산주공미래타운아파트,삼산주공미래타운3차,삼산주공미래타운아파트,삼산주공미래타운아파트,1,아파트,12,946,2000-07-06,한국부동산원_공동주택 단지 식별정보_기본정보_20250918
28237100005737,2823710500103930004,인천광역시,부평구,,삼산동,393-4,인천광역시 부평구 삼산동 393-4,삼산주공미래타운아파트,삼산주공미래타운5차,삼산주공미래타운아파트,삼산주공미래타운아파트,1,아파트,9,620,2000-05-06,한국부동산원_공동주택 단지 식별정보_기본정보_20250918
28237120021019,2823710500104400001,인천광역시,부평구,,삼산동,440-1,인천광역시 부평구 삼산동 440-1,삼산타운1단지아파트,삼산타운주공1단지,삼산타운1단지아파트,삼산타운1단지아파트,1,아파트,20,1873,2005-06-08,한국부동산원_공동주택 단지 식별정보_기본정보_20250918
28237120021464,2823710500104450005,인천광역시,부평구,,삼산동,445-5,인천광역시 부평구 삼산동 445-5,삼산타운,삼산타운2단지,삼산타운,삼산타운,1,아파트,22,1622,2005-10-21,한국부동산원_공동주택 단지 식별정보_기본정보_20250918
28237100448889,2823710500104480001,인천광역시,부평구,,삼산동,448-1,인천광역시 부평구 삼산동 448-1,신성 미소지움아파트,신성미소지움3단지,신성 미소지움아파트,신성 미소지움아파트,1,아파트,14,1030,2005-05-03,한국부동산원_공동주택 단지 식별정보_기본정보_20250918
28237100218900,2823710500104530001,인천광역시,부평구,,삼산동,453-1,인천광역시 부평구 삼산동 453-1,삼산타운,삼산타운7단지,삼산타운,삼산타운,1,아파트,15,1314,2004-08-17,한국부동산원_공동주택 단지 식별정보_기본정보_20250918
28237100218901,2823710500104540004,인천광역시,부평구,,삼산동,454-4,인천광역시 부평구 삼산동 454-4,행복한마을서해그랑블,서해그랑블5단지,행복한마을서해그랑블,행복한마을서해그랑블,1,아파트,12,822,2004-08-02,한국부동산원_공동주택 단지 식별정보_기본정보_20250918
28237100218902,2823710500104540013,인천광역시,부평구,,삼산동,454-13,인천광역시 부평구 삼산동 454-13,삼산타운,삼산타운6단지,삼산타운,삼산타운,1,아파트,10,784,2004-08-04,한국부동산원_공동주택 단지 식별정보_기본정보_20250918
28237100218903,2823710500104560008,인천광역시,부평구,,삼산동,456-8,인천광역시 부평구 삼산동 456-8,주공삼산타운아파트,주공삼산타운4단지,주공삼산타운아파트,주공삼산타운아파트,1,아파트,15,1696,2004-07-14,한국부동산원_공동주택 단지 식별정보_기본정보_20250918
28237120072764,2823710500104940000,인천광역시,부평구,,삼산동,494,인천광역시 부평구 삼산동 494,부평 삼산 엠코타운,부평삼산엠코타운,부평 삼산 엠코타운,부평 삼산 엠코타운,1,아파트,9,708,2007-08-14,한국부동산원_공동주택 단지 식별정보_기본정보_20250918
28237120108605,2823710500105000000,인천광역시,부평구,,삼산동,500,인천광역시 부평구 삼산동 500,삼산 임광 그대가 아파트,임광그대가,삼산 임광 그대가 아파트,삼산 임광 그대가 아파트,1,아파트,9,393,2008-11-28,한국부동산원_공동주택 단지 식별정보_기본정보_20250918
28237120130253,2823710500105120000,인천광역시,부평구,,삼산동,512,인천광역시 부평구 삼산동 512,삼산3휴먼시아,삼산3휴먼시아1단지,삼산3휴먼시아,삼산3휴먼시아,1,아파트,11,870,2010-06-22,한국부동산원_공동주택 단지 식별정보_기본정보_20250918
28237120141410,2823710500105130000,인천광역시,부평구,,삼산동,513,인천광역시 부평구 삼산동 513,서해그랑블,서해그랑블,서해그랑블,서해그랑블,1,아파트,4,454,2011-07-21,한국부동산원_공동주택 단지 식별정보_기본정보_20250918
28237120442163,2823710500105500000,인천광역시,부평구,,삼산동,550,인천광역시 부평구 삼산동 550,부평 삼산 신원아침도시,부평삼산신원아침도시,부평 삼산 신원아침도시,,1,아파트,4,346,2023-07-24,한국부동산원_공동주택 단지 식별정보_기본정보_20250918
28237120442181,2823710500105530000,인천광역시,부평구,,삼산동,553,인천광역시 부평구 삼산동 553,브라운스톤부평,브라운스톤부평,브라운스톤부평,브라운스톤부평,1,아파트,7,726,2023-02-17,한국부동산원_공동주택 단지 식별정보_기본정보_20250918
28237100005746,2823710600101590000,인천광역시,부평구,,갈산동,159,인천광역시 부평구 갈산동 159,갈산이안아파트,대우,갈산이안아파트,갈산이안아파트,1,아파트,5,414,2001-11-23,한국부동산원_공동주택 단지 식별정보_기본정보_20250918
28237120420605,2823710600101710000,인천광역시,부평구,,갈산동,171,인천광역시 부평구 갈산동 171,부평지웰에스테이트,부평지웰에스테이트,부평지웰에스테이트,부평지웰에스테이트,1,아파트,3,151,2021-05-24,한국부동산원_공동주택 단지 식별정보_기본정보_20250918
28237100005753,2823710600101710005,인천광역시,부평구,,갈산동,171-5,인천광역시 부평구 갈산동 171-5,정광아파트,정광,정광아파트,정광아파트,1,아파트,5,311,1990-04-07,한국부동산원_공동주택 단지 식별정보_기본정보_20250918
28237100005743,2823710600101790001,인천광역시,부평구,,갈산동,179-1,인천광역시 부평구 갈산동 179-1,한국아파트,한국,한국아파트,한국아파트,1,아파트,6,520,1993-11-19,한국부동산원_공동주택 단지 식별정보_기본정보_20250918
28237120143036,2823710600101820001,인천광역시,부평구,,갈산동,182-1,인천광역시 부평구 갈산동 182-1,삼성홈타운,삼성홈타운,삼성홈타운,삼성홈타운,1,아파트,1,125,2011-07-01,한국부동산원_공동주택 단지 식별정보_기본정보_20250918
28237100005741,2823710600101830001,인천광역시,부평구,,갈산동,183-1,인천광역시 부평구 갈산동 183-1,상가,갈산,,상가,1,아파트,4,90,1986-12-24,한국부동산원_공동주택 단지 식별정보_기본정보_20250918
28237100005742,2823710600103590000,인천광역시,부평구,,갈산동,359,인천광역시 부평구 갈산동 359,근로복지아파트,주공1단지,근로복지아파트,근로복지아파트,1,아파트,9,1650,1992-06-29,한국부동산원_공동주택 단지 식별정보_기본정보_20250918
28237100218904,2823710600103600000,인천광역시,부평구,,갈산동,360,인천광역시 부평구 갈산동 360,주공영구임대아파트,갈산LH2단지(영구임대아파트),,주공영구임대아파트,1,아파트,5,1170,1992-05-30,한국부동산원_공동주택 단지 식별정보_기본정보_20250918
28237100005745,2823710600103610003,인천광역시,부평구,,갈산동,361-3,인천광역시 부평구 갈산동 361-3,대동아파트,대동2,대동아파트,대동아파트,1,아파트,4,623,1993-05-07,한국부동산원_공동주택 단지 식별정보_기본정보_20250918
28237100005744,2823710600103610004,인천광역시,부평구,,갈산동,361-4,인천광역시 부평구 갈산동 361-4,대동아파트,대동1,대동아파트,대동아파트,1,아파트,5,420,1992-11-27,한국부동산원_공동주택 단지 식별정보_기본정보_20250918
28237100005747,2823710600103620000,인천광역시,부평구,,갈산동,362,인천광역시 부평구 갈산동 362,동남아파트,동남,,동남아파트,1,아파트,2,278,1992-09-25,한국부동산원_공동주택 단지 식별정보_기본정보_20250918
28237100005757,2823710600103620000,인천광역시,부평구,,갈산동,362,인천광역시 부평구 갈산동 362,하나아파트,하나,,하나아파트,1,아파트,5,526,1992-11-05,한국부동산원_공동주택 단지 식별정보_기본정보_20250918
28237100005754,2823710600103630000,인천광역시,부평구,,갈산동,363,인천광역시 부평구 갈산동 363,태화아파트,태화(363),태화아파트,태화아파트,1,아파트,6,390,1992-06-20,한국부동산원_공동주택 단지 식별정보_기본정보_20250918
28237100005749,2823710600103680000,인천광역시,부평구,,갈산동,368,인천광역시 부평구 갈산동 368,두산아파트,두산,두산아파트,두산아파트,1,아파트,7,574,1992-11-19,한국부동산원_공동주택 단지 식별정보_기본정보_20250918
28237100005758,2823710600103690000,인천광역시,부평구,,갈산동,369,인천광역시 부평구 갈산동 369,동아아파트,"한국1,동아,팬더",,동아아파트,1,아파트,6,840,1993-05-12,한국부동산원_공동주택 단지 식별정보_기본정보_20250918
28237100005752,2823710600103740000,인천광역시,부평구,,갈산동,374,인천광역시 부평구 갈산동 374,아주아파트,아주,,아주아파트,1,아파트,4,340,1992-09-24,한국부동산원_공동주택 단지 식별정보_기본정보_20250918
28237100005755,2823710600104160000,인천광역시,부평구,,갈산동,416,인천광역시 부평구 갈산동 416,태화아파트,태화(416),태화아파트,태화아파트,1,아파트,5,410,1994-09-08,한국부동산원_공동주택 단지 식별정보_기본정보_20250918
28237120067897,2823710600104540000,인천광역시,부평구,,갈산동,454,인천광역시 부평구 갈산동 454,갈산동 대성유니드아파트,대성유니드,갈산동 대성유니드아파트,갈산동 대성유니드아파트,1,아파트,5,247,2007-04-10,한국부동산원_공동주택 단지 식별정보_기본정보_20250918
28237100005782,2823710700100130003,인천광역시,부평구,,부개동,13-3,인천광역시 부평구 부개동 13-3,오성아파트,오성,오성아파트,,1,아파트,5,165,1984-08-21,한국부동산원_공동주택 단지 식별정보_기본정보_20250918
28237100005787,2823710700100140002,인천광역시,부평구,,부개동,14-2,인천광역시 부평구 부개동 14-2,진양아파트,진양,,진양아파트,1,아파트,2,96,1989-11-21,한국부동산원_공동주택 단지 식별정보_기본정보_20250918
28237100005781,2823710700100160061,인천광역시,부평구,,부개동,16-61,인천광역시 부평구 부개동 16-61,영림,영림,,,1,아파트,1,30,1982-12-29,한국부동산원_공동주택 단지 식별정보_기본정보_20250918
28237100005770,2823710700100160082,인천광역시,부평구,,부개동,16-82,인천광역시 부평구 부개동 16-82,백조(마),백조(마),,,1,아파트,1,50,1983-05-21,한국부동산원_공동주택 단지 식별정보_기본정보_20250918
28237100005775,2823710700100650001,인천광역시,부평구,,부개동,65-1,인천광역시 부평구 부개동 65-1,비둘기,비둘기,,,1,아파트,2,70,1982-12-08,한국부동산원_공동주택 단지 식별정보_기본정보_20250918
28237100442054,2823710700100660019,인천광역시,부평구,,부개동,66-19,인천광역시 부평구 부개동 66-19,백조(차),백조(차),,,1,아파트,1,10,1984-06-30,한국부동산원_공동주택 단지 식별정보_기본정보_20250918
28237120000089,2823710700100850002,인천광역시,부평구,,부개동,85-2,인천광역시 부평구 부개동 85-2,백조(가),백조(가),,,1,아파트,1,35,1981-01-20,한국부동산원_공동주택 단지 식별정보_기본정보_20250918
28237100005776,2823710700100900001,인천광역시,부평구,,부개동,90-1,인천광역시 부평구 부개동 90-1,삼이,삼이,,,1,아파트,2,50,1983-05-03,한국부동산원_공동주택 단지 식별정보_기본정보_20250918
28237120000092,2823710700100950002,인천광역시,부평구,,부개동,95-2,인천광역시 부평구 부개동 95-2,백조(바),백조(바),,,1,아파트,1,25,1983-12-07,한국부동산원_공동주택 단지 식별정보_기본정보_20250918
28237120000077,2823710700101040005,인천광역시,부평구,,부개동,104-5,인천광역시 부평구 부개동 104-5,신삼호(B동),신삼호(B동),,,1,아파트,1,20,1981-07-02,한국부동산원_공동주택 단지 식별정보_기본정보_20250918
28237100005780,2823710700101050005,인천광역시,부평구,,부개동,105-5,인천광역시 부평구 부개동 105-5,신삼호(A동),신삼호(A동),,,1,아파트,1,40,1981-07-02,한국부동산원_공동주택 단지 식별정보_기본정보_20250918
28237100005769,2823710700101200046,인천광역시,부평구,,부개동,120-46,인천광역시 부평구 부개동 120-46,백영아파트,백영,백영아파트,백영아파트,1,아파트,1,128,1999-02-27,한국부동산원_공동주택 단지 식별정보_기본정보_20250918
28237120133251,2823710700101200068,인천광역시,부평구,,부개동,120-68,인천광역시 부평구 부개동 120-68,이레하이니스,이레하이니스,이레하이니스,이레하이니스,1,아파트,1,19,2010-11-09,한국부동산원_공동주택 단지 식별정보_기본정보_20250918
28237100005766,2823710700101200347,인천광역시,부평구,,부개동,120-347,인천광역시 부평구 부개동 120-347,동산,동산,,,1,아파트,1,35,1984-07-23,한국부동산원_공동주택 단지 식별정보_기본정보_20250918
28237100005790,2823710700101310003,인천광역시,부평구,,부개동,131-3,인천광역시 부평구 부개동 131-3,한양,한양,,,1,아파트,1,40,1982-12-27,한국부동산원_공동주택 단지 식별정보_기본정보_20250918
28237120329560,2823710700101480016,인천광역시,부평구,,부개동,148-16,인천광역시 부평구 부개동 148-16,주영팰리스Ⅱ,주영팰리스Ⅱ,주영팰리스Ⅱ,주영팰리스Ⅱ,1,아파트,1,35,2015-12-01,한국부동산원_공동주택 단지 식별정보_기본정보_20250918
28237100218910,2823710700101910015,인천광역시,부평구,,부개동,191-15,인천광역시 부평구 부개동 191-15,삼성아파트,삼성,삼성아파트,삼성아파트,1,아파트,1,19,2003-06-30,한국부동산원_공동주택 단지 식별정보_기본정보_20250918
28237100005768,2823710700102510002,인천광역시,부평구,,부개동,251-2,인천광역시 부평구 부개동 251-2,동원,동원,,,1,아파트,4,192,1991-02-28,한국부동산원_공동주택 단지 식별정보_기본정보_20250918
28237100005777,2823710700102600010,인천광역시,부평구,,부개동,260-10,인천광역시 부평구 부개동 260-10,성업아파트,성업,,성업아파트,1,아파트,2,80,1985-05-09,한국부동산원_공동주택 단지 식별정보_기본정보_20250918
28237100005793,2823710700102700000,인천광역시,부평구,,부개동,270,인천광역시 부평구 부개동 270,그린힐,반도그린힐,그린힐,그린힐,1,아파트,1,64,2002-08-01,한국부동산원_공동주택 단지 식별정보_기본정보_20250918
28237100051001,2823710700102960002,인천광역시,부평구,,부개동,296-2,인천광역시 부평구 부개동 296-2,리노빌아파트,리노빌,리노빌아파트,리노빌아파트,1,아파트,1,103,2003-09-01,한국부동산원_공동주택 단지 식별정보_기본정보_20250918
28237120083308,2823710700103040002,인천광역시,부평구,,부개동,304-2,인천광역시 부평구 부개동 304-2,해마루아파트,(304-2),해마루아파트,해마루아파트,1,아파트,1,16,2007-08-23,한국부동산원_공동주택 단지 식별정보_기본정보_20250918
28237120083309,2823710700103040003,인천광역시,부평구,,부개동,304-3,인천광역시 부평구 부개동 304-3,해마루아파트,(304-3),해마루아파트,해마루아파트,1,아파트,1,14,2007-09-05,한국부동산원_공동주택 단지 식별정보_기본정보_20250918
28237120301537,2823710700103080003,인천광역시,부평구,,부개동,308-3,인천광역시 부평구 부개동 308-3,부개동동도센트리움,부개동동도센트리움,부개동동도센트리움,부개동동도센트리움,1,아파트,2,217,2014-10-22,한국부동산원_공동주택 단지 식별정보_기본정보_20250918
28237100005792,2823710700103080005,인천광역시,부평구,,부개동,308-5,인천광역시 부평구 부개동 308-5,현대아파트,현대,현대아파트,현대아파트,1,아파트,2,184,1993-05-20,한국부동산원_공동주택 단지 식별정보_기본정보_20250918
28237100005791,2823710700103800000,인천광역시,부평구,,부개동,380,인천광역시 부평구 부개동 380,한일아파트,한일,,한일아파트,1,아파트,4,110,1984-03-13,한국부동산원_공동주택 단지 식별정보_기본정보_20250918
28237100005760,2823710700104020000,인천광역시,부평구,,부개동,402,인천광역시 부평구 부개동 402,광일아파트,광일,광일아파트,광일아파트,1,아파트,1,55,1985-01-15,한국부동산원_공동주택 단지 식별정보_기본정보_20250918
28237100005824,2823710700104420003,인천광역시,부평구,,부개동,442-3,인천광역시 부평구 부개동 442-3,한국아파트,한국,한국아파트,한국아파트,1,아파트,5,580,1992-07-13,한국부동산원_공동주택 단지 식별정보_기본정보_20250918
28237100005783,2823710700104770000,인천광역시,부평구,,부개동,477,인천광역시 부평구 부개동 477,욱일아파트,욱일,,욱일아파트,1,아파트,6,468,1988-10-29,한국부동산원_공동주택 단지 식별정보_기본정보_20250918
28237100005762,2823710700104770001,인천광역시,부평구,,부개동,477-1,인천광역시 부평구 부개동 477-1,대동아파트,대동,대동아파트,대동아파트,1,아파트,8,708,1988-10-29,한국부동산원_공동주택 단지 식별정보_기본정보_20250918
28237100005765,2823710700104770002,인천광역시,부평구,,부개동,477-2,인천광역시 부평구 부개동 477-2,대진APT,대진,대진APT,대진APT,1,아파트,3,258,1988-11-29,한국부동산원_공동주택 단지 식별정보_기본정보_20250918
28237100005761,2823710700104770003,인천광역시,부평구,,부개동,477-3,인천광역시 부평구 부개동 477-3,뉴서울아파트,뉴서울,뉴서울아파트,뉴서울아파트,1,아파트,4,1140,1989-09-19,한국부동산원_공동주택 단지 식별정보_기본정보_20250918
28237100005767,2823710700104770005,인천광역시,부평구,,부개동,477-5,인천광역시 부평구 부개동 477-5,동아APT,동아,동아APT,동아APT,1,아파트,5,384,1988-10-15,한국부동산원_공동주택 단지 식별정보_기본정보_20250918
28237100005778,2823710700104940000,인천광역시,부평구,,부개동,494,인천광역시 부평구 부개동 494,성일아파트,성일,,성일아파트,1,아파트,3,415,1990-11-23,한국부동산원_공동주택 단지 식별정보_기본정보_20250918
28237100005763,2823710700104940001,인천광역시,부평구,,부개동,494-1,인천광역시 부평구 부개동 494-1,대동아파트,대동(494-1),,대동아파트,1,아파트,6,686,1991-06-08,한국부동산원_공동주택 단지 식별정보_기본정보_20250918
28237100218912,2823710700104960002,인천광역시,부평구,,부개동,496-2,인천광역시 부평구 부개동 496-2,부개주공아파트,주공2단지(임대),부개주공아파트,부개주공아파트,1,아파트,4,446,1996-09-11,한국부동산원_공동주택 단지 식별정보_기본정보_20250918
28237100005772,2823710700104960002,인천광역시,부평구,,부개동,496-2,인천광역시 부평구 부개동 496-2,부개주공아파트,부개주공1,부개주공아파트,부개주공아파트,1,아파트,11,1044,1996-09-11,한국부동산원_공동주택 단지 식별정보_기본정보_20250918
28237100050227,2823710700104970001,인천광역시,부평구,,부개동,497-1,인천광역시 부평구 부개동 497-1,상우 신명보람 아파트,상우신명보람,상우 신명보람 아파트,신명보람아파트,1,아파트,8,576,1998-07-31,한국부동산원_공동주택 단지 식별정보_기본정보_20250918
28237100005773,2823710700104980005,인천광역시,부평구,,부개동,498-5,인천광역시 부평구 부개동 498-5,부개주공아파트,부개주공3,부개주공아파트,부개주공아파트,1,아파트,19,1724,1996-08-04,한국부동산원_공동주택 단지 식별정보_기본정보_20250918
28237100005789,2823710700104990002,인천광역시,부평구,,부개동,499-2,인천광역시 부평구 부개동 499-2,"푸른마을 한신,삼부아파트","푸른마을한신,삼부","푸른마을 한신,삼부아파트",푸른마을삼부아파트,1,아파트,12,1020,1999-06-29,한국부동산원_공동주택 단지 식별정보_기본정보_20250918
28237100005785,2823710700105000001,인천광역시,부평구,,부개동,500-1,인천광역시 부평구 부개동 500-1,부개5단지 주공아파트,주공5,부개5단지 주공아파트,부개5단지 주공아파트,1,아파트,10,960,1998-06-18,한국부동산원_공동주택 단지 식별정보_기본정보_20250918
28237100218908,2823710700105000001,인천광역시,부평구,,부개동,500-1,인천광역시 부평구 부개동 500-1,부개5단지 주공아파트,주공5단지(임대),부개5단지 주공아파트,부개5단지 주공아파트,1,아파트,3,357,1998-06-18,한국부동산원_공동주택 단지 식별정보_기본정보_20250918
28237100005774,2823710700105010001,인천광역시,부평구,,부개동,501-1,인천광역시 부평구 부개동 501-1,부개주공아파트,부개주공6,부개주공아파트,부개주공아파트,1,아파트,14,1240,1997-10-22,한국부동산원_공동주택 단지 식별정보_기본정보_20250918
28237100005786,2823710700105020008,인천광역시,부평구,,부개동,502-8,인천광역시 부평구 부개동 502-8,부개주공7단지아파트,부개주공7단지,부개주공7단지아파트,부개주공7단지아파트,1,아파트,13,957,1998-06-01,한국부동산원_공동주택 단지 식별정보_기본정보_20250918
28237120125946,2823710700105120000,인천광역시,부평구,,부개동,512,인천광역시 부평구 부개동 512,부개역 푸르지오,부개역푸르지오,부개역 푸르지오,부개역 푸르지오,1,아파트,12,1054,2010-01-28,한국부동산원_공동주택 단지 식별정보_기본정보_20250918
28237120417995,2823710700105200000,인천광역시,부평구,,부개동,520,인천광역시 부평구 부개동 520,부평코오롱하늘채,부평코오롱하늘채,부평코오롱하늘채,부평코오롱하늘채,1,아파트,7,922,2020-12-15,한국부동산원_공동주택 단지 식별정보_기본정보_20250918
28237120431923,2823710700105250000,인천광역시,부평구,,부개동,525,인천광역시 부평구 부개동 525,부개역 코오롱하늘채,부개역코오롱하늘채,부개역 코오롱하늘채,,1,아파트,6,526,2021-08-13,한국부동산원_공동주택 단지 식별정보_기본정보_20250918
28237120435172,2823710700105310000,인천광역시,부평구,,부개동,531,인천광역시 부평구 부개동 531,e편한세상 부평역 어반루체,e편한세상부평역어반루체,e편한세상 부평역 어반루체,e편한세상 부평역 어반루체,1,아파트,6,375,2022-05-03,한국부동산원_공동주택 단지 식별정보_기본정보_20250918
28237120382204,2823710800101050003,인천광역시,부평구,,일신동,105-3,인천광역시 부평구 일신동 105-3,이도엘리브,이도엘리브,이도엘리브,이도엘리브,1,아파트,1,27,2018-12-14,한국부동산원_공동주택 단지 식별정보_기본정보_20250918
28237100218914,2823710800101080003,인천광역시,부평구,,일신동,108-3,인천광역시 부평구 일신동 108-3,예건,예건,,,1,아파트,1,18,2002-08-29,한국부동산원_공동주택 단지 식별정보_기본정보_20250918
28237100005795,2823710800104090000,인천광역시,부평구,,일신동,409,인천광역시 부평구 일신동 409,풍림아파트 101동~110동,풍림아파트(101동~110동),풍림아파트 101동~110동,풍림아파트,1,아파트,10,750,1995-11-03,한국부동산원_공동주택 단지 식별정보_기본정보_20250918
28237100005794,2823710800104100000,인천광역시,부평구,,일신동,410,인천광역시 부평구 일신동 410,일신주공아파트,일신주공아파트(100~112동),일신주공아파트,일신주공아파트,1,아파트,12,967,1995-11-20,한국부동산원_공동주택 단지 식별정보_기본정보_20250918
28237120059640,2823710900103600000,인천광역시,부평구,,구산동,360,인천광역시 부평구 구산동 360,부평자이,부평자이,부평자이,부평자이,1,아파트,9,719,2006-09-27,한국부동산원_공동주택 단지 식별정보_기본정보_20250918
28245100590292,2824510100100210006,인천광역시,계양구,,효성동,21-6,인천광역시 계양구 효성동 21-6,동서아파트,동서,동서아파트,동서아파트,1,아파트,1,50,1990-12-17,한국부동산원_공동주택 단지 식별정보_기본정보_20250918
28245100009588,2824510100100210011,인천광역시,계양구,,효성동,21-11,인천광역시 계양구 효성동 21-11,현대아파트,현대1,현대아파트,현대아파트,1,아파트,6,874,1991-11-29,한국부동산원_공동주택 단지 식별정보_기본정보_20250918
28245100009562,2824510100100240000,인천광역시,계양구,,효성동,24,인천광역시 계양구 효성동 24,뉴서울아파트,뉴서울2,뉴서울아파트,뉴서울아파트,1,아파트,12,775,1986-12-11,한국부동산원_공동주택 단지 식별정보_기본정보_20250918
28245100009584,2824510100100240003,인천광역시,계양구,,효성동,24-3,인천광역시 계양구 효성동 24-3,중앙하이츠아파트,중앙하이츠,중앙하이츠아파트,중앙하이츠아파트,1,아파트,2,375,1996-11-19,한국부동산원_공동주택 단지 식별정보_기본정보_20250918
28245100009569,2824510100100240007,인천광역시,계양구,,효성동,24-7,인천광역시 계양구 효성동 24-7,동서아파트,동서A동,,동서아파트,1,아파트,1,50,1981-10-15,한국부동산원_공동주택 단지 식별정보_기본정보_20250918
28245100590294,2824510100100240032,인천광역시,계양구,,효성동,24-32,인천광역시 계양구 효성동 24-32,동서아파트,동서2동,,동서아파트,1,아파트,1,12,1991-02-28,한국부동산원_공동주택 단지 식별정보_기본정보_20250918
28245100009589,2824510100100240049,인천광역시,계양구,,효성동,24-49,인천광역시 계양구 효성동 24-49,현대아파트,현대2,현대아파트,현대아파트,1,아파트,3,340,1992-11-07,한국부동산원_공동주택 단지 식별정보_기본정보_20250918
28245100009568,2824510100100250020,인천광역시,계양구,,효성동,25-20,인천광역시 계양구 효성동 25-20,동남아파트,동남,동남아파트,동남아파트,1,아파트,3,120,1984-06-22,한국부동산원_공동주택 단지 식별정보_기본정보_20250918
28245100009566,2824510100100280000,인천광역시,계양구,,효성동,28,인천광역시 계양구 효성동 28,효성동대림아파트,효성동대림아파트,효성동대림아파트,대림아파트,1,아파트,2,298,1999-09-20,한국부동산원_공동주택 단지 식별정보_기본정보_20250918
28245100009572,2824510100100330002,인천광역시,계양구,,효성동,33-2,인천광역시 계양구 효성동 33-2,두산아파트,두산,두산아파트,두산아파트,1,아파트,9,957,1997-09-19,한국부동산원_공동주택 단지 식별정보_기본정보_20250918
28245100009567,2824510100100690004,인천광역시,계양구,,효성동,69-4,인천광역시 계양구 효성동 69-4,대신아파트,대신,대신아파트,대신아파트,1,아파트,1,120,1989-06-10,한국부동산원_공동주택 단지 식별정보_기본정보_20250918
28245120393560,2824510100100750003,인천광역시,계양구,,효성동,75-3,인천광역시 계양구 효성동 75-3,효성동메트하임,효성동메트하임,효성동메트하임,효성동메트하임,1,아파트,2,88,2019-09-02,한국부동산원_공동주택 단지 식별정보_기본정보_20250918
28245100009581,2824510100100780001,인천광역시,계양구,,효성동,78-1,인천광역시 계양구 효성동 78-1,신한아파트,신한,신한아파트,신한아파트,1,아파트,3,324,1996-12-14,한국부동산원_공동주택 단지 식별정보_기본정보_20250918
28245100009561,2824510100100990011,인천광역시,계양구,,효성동,99-11,인천광역시 계양구 효성동 99-11,뉴서울아파트,뉴서울1,뉴서울아파트,뉴서울아파트,1,아파트,10,460,1985-06-22,한국부동산원_공동주택 단지 식별정보_기본정보_20250918
28245100009575,2824510100101010005,인천광역시,계양구,,효성동,101-5,인천광역시 계양구 효성동 101-5,백영아파트,백영,백영아파트,백영아파트,1,아파트,2,208,1996-05-29,한국부동산원_공동주택 단지 식별정보_기본정보_20250918
28245120444442,2824510100101130000,인천광역시,계양구,,효성동,113,인천광역시 계양구 효성동 113,풍산아파트,풍산아파트,풍산아파트,풍산아파트,1,아파트,2,60,1977-08-25,한국부동산원_공동주택 단지 식별정보_기본정보_20250918
28245100009585,2824510100101230057,인천광역시,계양구,,효성동,123-57,인천광역시 계양구 효성동 123-57,태산아파트,태산,태산아파트,태산아파트,1,아파트,12,1178,1997-10-29,한국부동산원_공동주택 단지 식별정보_기본정보_20250918
28245120450825,2824510100101510000,인천광역시,계양구,,효성동,151,인천광역시 계양구 효성동 151,계양 동도센트리움 골든베이,계양동도센트리움골든베이,계양 동도센트리움 골든베이,,1,아파트,2,131,2024-04-29,한국부동산원_공동주택 단지 식별정보_기본정보_20250918
28245100051885,2824510100101960006,인천광역시,계양구,,효성동,196-6,인천광역시 계양구 효성동 196-6,대산아파트,대산,대산아파트,대산아파트,1,아파트,1,130,2003-03-04,한국부동산원_공동주택 단지 식별정보_기본정보_20250918
28245100009591,2824510100102000001,인천광역시,계양구,,효성동,200-1,인천광역시 계양구 효성동 200-1,현대아파트,현대4,현대아파트,현대아파트,1,아파트,5,919,1995-12-15,한국부동산원_공동주택 단지 식별정보_기본정보_20250918
28245100009563,2824510100102070001,인천광역시,계양구,,효성동,207-1,인천광역시 계양구 효성동 207-1,효성동3차뉴서울아파트,뉴서울3차,효성동3차뉴서울아파트,뉴서울3차아파트,1,아파트,4,542,1993-08-14,한국부동산원_공동주택 단지 식별정보_기본정보_20250918
28245100009578,2824510100102200003,인천광역시,계양구,,효성동,220-3,인천광역시 계양구 효성동 220-3,성지아파트,성지,성지아파트,성지아파트,1,아파트,1,98,1993-10-30,한국부동산원_공동주택 단지 식별정보_기본정보_20250918
28245100009586,2824510100102250001,인천광역시,계양구,,효성동,225-1,인천광역시 계양구 효성동 225-1,풍림아파트,풍림,풍림아파트,풍림아파트,1,아파트,2,342,1997-07-29,한국부동산원_공동주택 단지 식별정보_기본정보_20250918
28245100009574,2824510100102280001,인천광역시,계양구,,효성동,228-1,인천광역시 계양구 효성동 228-1,미도아파트,미도,,미도아파트,1,아파트,3,205,1985-01-30,한국부동산원_공동주택 단지 식별정보_기본정보_20250918
28245100009577,2824510100102360006,인천광역시,계양구,,효성동,236-6,인천광역시 계양구 효성동 236-6,서광아파트,서광,,서광아파트,1,아파트,4,140,1983-11-30,한국부동산원_공동주택 단지 식별정보_기본정보_20250918
28245100009564,2824510100102380001,인천광역시,계양구,,효성동,238-1,인천광역시 계양구 효성동 238-1,효성동 뉴서울5차아파트,뉴서울5차,효성동 뉴서울5차아파트,뉴서울5차아파트,1,아파트,6,648,1994-12-17,한국부동산원_공동주택 단지 식별정보_기본정보_20250918
28245100009580,2824510100102420006,인천광역시,계양구,,효성동,242-6,인천광역시 계양구 효성동 242-6,신진아파트,신진,,신진아파트,1,아파트,4,285,1984-12-28,한국부동산원_공동주택 단지 식별정보_기본정보_20250918
28245100009582,2824510100102730000,인천광역시,계양구,,효성동,273,인천광역시 계양구 효성동 273,유승그린아파트,유승,유승그린아파트,유승그린아파트,1,아파트,1,279,1996-11-01,한국부동산원_공동주택 단지 식별정보_기본정보_20250918
28245100009590,2824510100102800005,인천광역시,계양구,,효성동,280-5,인천광역시 계양구 효성동 280-5,현대3차아파트,현대3,현대3차아파트,현대3차아파트,1,아파트,3,374,1992-11-07,한국부동산원_공동주택 단지 식별정보_기본정보_20250918
28245100009570,2824510100102860000,인천광역시,계양구,,효성동,286,인천광역시 계양구 효성동 286,동아아파트,동아,,동아아파트,1,아파트,4,270,1986-05-17,한국부동산원_공동주택 단지 식별정보_기본정보_20250918
28245100009583,2824510100102930001,인천광역시,계양구,,효성동,293-1,인천광역시 계양구 효성동 293-1,중앙공영,중앙,중앙공영,중앙공영,1,아파트,4,168,1989-11-07,한국부동산원_공동주택 단지 식별정보_기본정보_20250918
28245100009565,2824510100103010001,인천광역시,계양구,,효성동,301-1,인천광역시 계양구 효성동 301-1,뉴서울6차아파트,뉴서울6,뉴서울6차아파트,뉴서울6차아파트,1,아파트,2,370,1995-05-30,한국부동산원_공동주택 단지 식별정보_기본정보_20250918
28245120420491,2824510100103210005,인천광역시,계양구,,효성동,321-5,인천광역시 계양구 효성동 321-5,포레스트백림아파트,포레스트백림,포레스트백림아파트,포레스트백림아파트,1,아파트,1,26,2021-05-21,한국부동산원_공동주택 단지 식별정보_기본정보_20250918
28245100009592,2824510100105560000,인천광역시,계양구,,효성동,556,인천광역시 계양구 효성동 556,유승아파트,유승와이드빌2,유승아파트,유승아파트,1,아파트,4,350,2002-08-16,한국부동산원_공동주택 단지 식별정보_기본정보_20250918
28245100009587,2824510100106230003,인천광역시,계양구,,효성동,623-3,인천광역시 계양구 효성동 623-3,하나아파트,하나,하나아파트,하나아파트,1,아파트,5,498,1996-09-17,한국부동산원_공동주택 단지 식별정보_기본정보_20250918
28245100009560,2824510100106230006,인천광역시,계양구,,효성동,623-6,인천광역시 계양구 효성동 623-6,경남아파트,경남2,,경남아파트,1,아파트,5,156,1990-05-22,한국부동산원_공동주택 단지 식별정보_기본정보_20250918
28245100009579,2824510100106230016,인천광역시,계양구,,효성동,623-16,인천광역시 계양구 효성동 623-16,새사미아파트,새사미,새사미아파트,새사미아파트,1,아파트,9,280,1985-01-21,한국부동산원_공동주택 단지 식별정보_기본정보_20250918
28245100009559,2824510100106230027,인천광역시,계양구,,효성동,623-27,인천광역시 계양구 효성동 623-27,경남아파트,경남1,경남아파트,경남아파트,1,아파트,9,310,1987-07-31,한국부동산원_공동주택 단지 식별정보_기본정보_20250918
28245120009243,2824510100106750000,인천광역시,계양구,,효성동,675,인천광역시 계양구 효성동 675,금호어울림아파트,금호어울림,금호어울림아파트,금호어울림아파트,1,아파트,9,410,2005-08-19,한국부동산원_공동주택 단지 식별정보_기본정보_20250918
28245120287318,2824510100106760000,인천광역시,계양구,,효성동,676,인천광역시 계양구 효성동 676,삼성홈타운,삼성홈타운,삼성홈타운,삼성홈타운,1,아파트,1,75,2014-02-18,한국부동산원_공동주택 단지 식별정보_기본정보_20250918
28245120435013,2824510100106770000,인천광역시,계양구,,효성동,677,인천광역시 계양구 효성동 677,e편한세상 계양 더프리미어,효성이편한세상계양더프리미어,e편한세상 계양 더프리미어,e편한세상 계양 더프리미어,1,아파트,12,1646,2021-10-13,한국부동산원_공동주택 단지 식별정보_기본정보_20250918
28245120446666,2824510100106890000,인천광역시,계양구,,효성동,689,인천광역시 계양구 효성동 689,서해그랑블 더테라스,서해그랑블더테라스,서해그랑블 더테라스,서해그랑블 더테라스,1,아파트,2,124,2023-06-29,한국부동산원_공동주택 단지 식별정보_기본정보_20250918
28245100009437,2824510200100120004,인천광역시,계양구,,계산동,12-4,인천광역시 계양구 계산동 12-4,삼보아파트,삼보3,삼보아파트,삼보아파트,1,아파트,5,366,1988-10-15,한국부동산원_공동주택 단지 식별정보_기본정보_20250918
28245100009466,2824510200100180004,인천광역시,계양구,,계산동,18-4,인천광역시 계양구 계산동 18-4,팬더아파트,팬더2,팬더아파트,팬더아파트,1,아파트,3,270,1989-09-09,한국부동산원_공동주택 단지 식별정보_기본정보_20250918
28245100009465,2824510200100180013,인천광역시,계양구,,계산동,18-13,인천광역시 계양구 계산동 18-13,팬더아파트,팬더1,팬더아파트,팬더아파트,1,아파트,3,234,1989-09-09,한국부동산원_공동주택 단지 식별정보_기본정보_20250918
28245100009461,2824510200100200000,인천광역시,계양구,,계산동,20,인천광역시 계양구 계산동 20,계산주공아파트,주공,계산주공아파트,계산주공아파트,1,아파트,7,1140,1990-06-30,한국부동산원_공동주택 단지 식별정보_기본정보_20250918
28245100009462,2824510200100360000,인천광역시,계양구,,계산동,36,인천광역시 계양구 계산동 36,태산아파트,태산,태산아파트,태산아파트,1,아파트,5,408,1990-07-20,한국부동산원_공동주택 단지 식별정보_기본정보_20250918
28245100009463,2824510200100490004,인천광역시,계양구,,계산동,49-4,인천광역시 계양구 계산동 49-4,태평아파트,태평,태평아파트,태평아파트,1,아파트,5,432,1990-12-17,한국부동산원_공동주택 단지 식별정보_기본정보_20250918
28245100009434,2824510200100550001,인천광역시,계양구,,계산동,55-1,인천광역시 계양구 계산동 55-1,동남아파트,동남(55-1),동남아파트,동남아파트,1,아파트,5,336,1990-07-09,한국부동산원_공동주택 단지 식별정보_기본정보_20250918
28245100009457,2824510200100570002,인천광역시,계양구,,계산동,57-2,인천광역시 계양구 계산동 57-2,인정프린스아파트,인정프린스,인정프린스아파트,인정프린스아파트,1,아파트,2,299,1992-04-28,한국부동산원_공동주택 단지 식별정보_기본정보_20250918
28245100009471,2824510200100620001,인천광역시,계양구,,계산동,62-1,인천광역시 계양구 계산동 62-1,현대아파트,현대,현대아파트,현대아파트,1,아파트,10,1248,1992-01-09,한국부동산원_공동주택 단지 식별정보_기본정보_20250918
28245100009449,2824510200100760000,인천광역시,계양구,,계산동,76,인천광역시 계양구 계산동 76,영남아파트,영남,영남아파트,영남아파트,1,아파트,4,360,1990-12-11,한국부동산원_공동주택 단지 식별정보_기본정보_20250918
28245100009431,2824510200102880005,인천광역시,계양구,,계산동,288-5,인천광역시 계양구 계산동 288-5,뉴서울1차아파트,뉴서울1,뉴서울1차아파트,뉴서울1차아파트,1,아파트,1,92,1993-11-27,한국부동산원_공동주택 단지 식별정보_기본정보_20250918
28245120059314,2824510200102990002,인천광역시,계양구,,계산동,299-2,인천광역시 계양구 계산동 299-2,흥인아이젠,흥인아이젠,,,1,아파트,1,42,2006-11-22,한국부동산원_공동주택 단지 식별정보_기본정보_20250918
28245100009439,2824510200103210002,인천광역시,계양구,,계산동,321-2,인천광역시 계양구 계산동 321-2,삼천리열망아파트,삼천리,삼천리열망아파트,삼천리열망아파트,1,아파트,10,460,1986-07-12,한국부동산원_공동주택 단지 식별정보_기본정보_20250918
28245100009451,2824510200103370011,인천광역시,계양구,,계산동,337-11,인천광역시 계양구 계산동 337-11,원흥아파트,원흥,원흥아파트,원흥아파트,1,아파트,4,170,1991-03-27,한국부동산원_공동주택 단지 식별정보_기본정보_20250918
28245100009436,2824510200103420001,인천광역시,계양구,,계산동,342-1,인천광역시 계양구 계산동 342-1,삼보아파트,삼보1,삼보아파트,삼보아파트,1,아파트,6,474,1987-10-31,한국부동산원_공동주택 단지 식별정보_기본정보_20250918
28245100009467,2824510200103480002,인천광역시,계양구,,계산동,348-2,인천광역시 계양구 계산동 348-2,하나아파트,하나,하나아파트,하나아파트,1,아파트,13,994,1987-08-26,한국부동산원_공동주택 단지 식별정보_기본정보_20250918
28245100009468,2824510200103550001,인천광역시,계양구,,계산동,355-1,인천광역시 계양구 계산동 355-1,한국아파트,한국,한국아파트,한국아파트,1,아파트,2,416,1991-05-30,한국부동산원_공동주택 단지 식별정보_기본정보_20250918
28245100009459,2824510200107310000,인천광역시,계양구,,계산동,731,인천광역시 계양구 계산동 731,정광아파트,정광,정광아파트,정광아파트,1,아파트,2,70,1987-06-15,한국부동산원_공동주택 단지 식별정보_기본정보_20250918
28245100009442,2824510200107530000,인천광역시,계양구,,계산동,753,인천광역시 계양구 계산동 753,서해아파트,서해2,서해아파트,서해아파트,1,아파트,3,222,1990-09-13,한국부동산원_공동주택 단지 식별정보_기본정보_20250918
28245100009464,2824510200108570003,인천광역시,계양구,,계산동,857-3,인천광역시 계양구 계산동 857-3,팬더아파트,팬더,팬더아파트,팬더아파트,1,아파트,2,126,1987-10-13,한국부동산원_공동주택 단지 식별정보_기본정보_20250918
28245100009433,2824510200108980001,인천광역시,계양구,,계산동,898-1,인천광역시 계양구 계산동 898-1,동남아파트,동남,동남아파트,동남아파트,1,아파트,1,102,1989-04-29,한국부동산원_공동주택 단지 식별정보_기본정보_20250918
28245100009441,2824510200108980004,인천광역시,계양구,,계산동,898-4,인천광역시 계양구 계산동 898-4,삼환아파트,삼환2,삼환아파트,삼환아파트,1,아파트,4,144,1989-12-16,한국부동산원_공동주택 단지 식별정보_기본정보_20250918
28245100009429,2824510200108990000,인천광역시,계양구,,계산동,899,인천광역시 계양구 계산동 899,극동아파트,극동,극동아파트,극동아파트,1,아파트,14,629,1985-07-04,한국부동산원_공동주택 단지 식별정보_기본정보_20250918
28245100009448,2824510200109000000,인천광역시,계양구,,계산동,900,인천광역시 계양구 계산동 900,연희아파트,연희,연희아파트,연희아파트,1,아파트,1,78,1985-03-04,한국부동산원_공동주택 단지 식별정보_기본정보_20250918
28245120341242,2824510200109060002,인천광역시,계양구,,계산동,906-2,인천광역시 계양구 계산동 906-2,휴인아파트,휴인아파트,휴인아파트,휴인아파트,1,아파트,2,88,2016-07-22,한국부동산원_공동주택 단지 식별정보_기본정보_20250918
28245100009460,2824510200109240005,인천광역시,계양구,,계산동,924-5,인천광역시 계양구 계산동 924-5,제성아파트,제성,제성아파트,제성아파트,1,아파트,1,40,1984-08-03,한국부동산원_공동주택 단지 식별정보_기본정보_20250918
28245100009444,2824510200109270001,인천광역시,계양구,,계산동,927-1,인천광역시 계양구 계산동 927-1,세경아파트,세경,세경아파트,세경아파트,1,아파트,2,80,1984-06-22,한국부동산원_공동주택 단지 식별정보_기본정보_20250918
28245100009440,2824510200109300000,인천광역시,계양구,,계산동,930,인천광역시 계양구 계산동 930,삼환아파트,삼환1,삼환아파트,삼환아파트,1,아파트,6,276,1989-12-16,한국부동산원_공동주택 단지 식별정보_기본정보_20250918
28245112124596,2824510200109310008,인천광역시,계양구,,계산동,931-8,인천광역시 계양구 계산동 931-8,신한아파트,"신한(가,나동)",,신한아파트,1,아파트,2,70,1986-08-25,한국부동산원_공동주택 단지 식별정보_기본정보_20250918
28245100009447,2824510200109310014,인천광역시,계양구,,계산동,931-14,인천광역시 계양구 계산동 931-14,에덴아파트,에덴,에덴아파트,에덴아파트,1,아파트,2,40,1988-05-24,한국부동산원_공동주택 단지 식별정보_기본정보_20250918
28245112124598,2824510200109310016,인천광역시,계양구,,계산동,931-16,인천광역시 계양구 계산동 931-16,영동아파트,영동,영동아파트,영동아파트,1,아파트,2,110,1986-11-27,한국부동산원_공동주택 단지 식별정보_기본정보_20250918
28245112124599,2824510200109310017,인천광역시,계양구,,계산동,931-17,인천광역시 계양구 계산동 931-17,신한아파트,신한(다동),신한아파트,신한아파트,1,아파트,1,25,1986-08-11,한국부동산원_공동주택 단지 식별정보_기본정보_20250918
28245100050967,2824510200109310028,인천광역시,계양구,,계산동,931-28,인천광역시 계양구 계산동 931-28,지산그라띠아아파트,지산그라띠아,지산그라띠아아파트,지산그라띠아아파트,1,아파트,3,137,2003-09-02,한국부동산원_공동주택 단지 식별정보_기본정보_20250918
28245100009435,2824510200109310029,인천광역시,계양구,,계산동,931-29,인천광역시 계양구 계산동 931-29,동성아파트,동성,동성아파트,동성아파트,1,아파트,2,90,1986-09-30,한국부동산원_공동주택 단지 식별정보_기본정보_20250918
28245100009458,2824510200109310039,인천광역시,계양구,,계산동,931-39,인천광역시 계양구 계산동 931-39,일신아파트,일신,일신아파트,일신아파트,1,아파트,2,80,1986-11-22,한국부동산원_공동주택 단지 식별정보_기본정보_20250918
28245100009445,2824510200109350005,인천광역시,계양구,,계산동,935-5,인천광역시 계양구 계산동 935-5,신동양아파트,신동양,신동양아파트,신동양아파트,1,아파트,3,90,1985-05-25,한국부동산원_공동주택 단지 식별정보_기본정보_20250918
28245120041164,2824510200109410000,인천광역시,계양구,,계산동,941,인천광역시 계양구 계산동 941,신도브래뉴 아파트,신도브래뉴,신도브래뉴 아파트,신도브래뉴 아파트,1,아파트,7,481,2005-05-23,한국부동산원_공동주택 단지 식별정보_기본정보_20250918
28245100009430,2824510200109490004,인천광역시,계양구,,계산동,949-4,인천광역시 계양구 계산동 949-4,기산아파트,기산,기산아파트,기산아파트,1,아파트,1,142,1996-07-08,한국부동산원_공동주택 단지 식별정보_기본정보_20250918
28245100009469,2824510200109530005,인천광역시,계양구,,계산동,953-5,인천광역시 계양구 계산동 953-5,한미삼오아파트,한미삼오,한미삼오아파트,한미삼오아파트,1,아파트,2,151,1996-12-26,한국부동산원_공동주택 단지 식별정보_기본정보_20250918
28245100009443,2824510200109540030,인천광역시,계양구,,계산동,954-30,인천광역시 계양구 계산동 954-30,서해그린아파트,서해3,서해그린아파트,서해그린아파트,1,아파트,6,498,1991-08-09,한국부동산원_공동주택 단지 식별정보_기본정보_20250918
28245100448893,2824510200109670021,인천광역시,계양구,,계산동,967-21,인천광역시 계양구 계산동 967-21,서진센스파트,(967-21),서진센스파트,서진센스파트,1,아파트,1,19,2002-05-21,한국부동산원_공동주택 단지 식별정보_기본정보_20250918
28245100053553,2824510200109750008,인천광역시,계양구,,계산동,975-8,인천광역시 계양구 계산동 975-8,동남아파트,동남(975-8),동남아파트,동남아파트,1,아파트,2,100,1987-05-21,한국부동산원_공동주택 단지 식별정보_기본정보_20250918
28245100009438,2824510200109870014,인천광역시,계양구,,계산동,987-14,인천광역시 계양구 계산동 987-14,삼우아파트,삼우,삼우아파트,삼우아파트,1,아파트,1,25,1985-05-15,한국부동산원_공동주택 단지 식별정보_기본정보_20250918
28245100009453,2824510200110840002,인천광역시,계양구,,계산동,1084-2,인천광역시 계양구 계산동 1084-2,"은행마을 강북,삼보아파트",은행마을(삼보),"은행마을 강북,삼보아파트",은행마을 삼보아파트,1,아파트,5,436,1997-07-25,한국부동산원_공동주택 단지 식별정보_기본정보_20250918
28245100009452,2824510200110840002,인천광역시,계양구,,계산동,1084-2,인천광역시 계양구 계산동 1084-2,"은행마을 강북,삼보아파트",은행마을(강북),"은행마을 강북,삼보아파트",은행마을 강북아파트,1,아파트,3,216,1997-07-25,한국부동산원_공동주택 단지 식별정보_기본정보_20250918
28245100009455,2824510200110840003,인천광역시,계양구,,계산동,1084-3,인천광역시 계양구 계산동 1084-3,은행마을 태산아파트,은행마을(태산),은행마을 태산아파트,은행마을 태산아파트,1,아파트,6,544,1997-08-05,한국부동산원_공동주택 단지 식별정보_기본정보_20250918
28245100009456,2824510200110850002,인천광역시,계양구,,계산동,1085-2,인천광역시 계양구 계산동 1085-2,은행마을 아주아파트,은행마을(태평),은행마을 아주아파트,은행마을 태평아파트,1,아파트,4,574,1997-06-27,한국부동산원_공동주택 단지 식별정보_기본정보_20250918
28245100009454,2824510200110850002,인천광역시,계양구,,계산동,1085-2,인천광역시 계양구 계산동 1085-2,은행마을 아주아파트,은행마을(아주),은행마을 아주아파트,은행마을 아주아파트,1,아파트,5,612,1997-07-26,한국부동산원_공동주택 단지 식별정보_기본정보_20250918
28245120339499,2824510200111090000,인천광역시,계양구,,계산동,1109,인천광역시 계양구 계산동 1109,조이너스계산,조이너스계산,조이너스계산,조이너스계산,1,아파트,1,59,2016-05-02,한국부동산원_공동주택 단지 식별정보_기본정보_20250918
28245120410515,2824510200111100000,인천광역시,계양구,,계산동,1110,인천광역시 계양구 계산동 1110,계양산파크트루엘,계양산파크트루엘,계양산파크트루엘,계양산파크트루엘,1,아파트,8,369,2020-02-27,한국부동산원_공동주택 단지 식별정보_기본정보_20250918
28245100009428,2824510200200370006,인천광역시,계양구,,계산동,산37-6,인천광역시 계양구 계산동 산37-6,경신아파트,경신,경신아파트,경신아파트,1,아파트,3,110,1987-08-05,한국부동산원_공동주택 단지 식별정보_기본정보_20250918
28245100009507,2824510300100260001,인천광역시,계양구,,작전동,26-1,인천광역시 계양구 작전동 26-1,작전2차 뉴서울아파트,뉴서울2,작전2차 뉴서울아파트,작전2차뉴서울아파트,1,아파트,3,400,1992-11-06,한국부동산원_공동주택 단지 식별정보_기본정보_20250918
28245120096076,2824510300100280008,인천광역시,계양구,,작전동,28-8,인천광역시 계양구 작전동 28-8,부민 렉스타운,부민렉스타운,부민 렉스타운,부민 렉스타운,1,아파트,1,48,2008-05-15,한국부동산원_공동주택 단지 식별정보_기본정보_20250918
28245100009525,2824510300100280009,인천광역시,계양구,,작전동,28-9,인천광역시 계양구 작전동 28-9,삼우아파트,삼우,삼우아파트,삼우아파트,1,아파트,4,264,1989-04-12,한국부동산원_공동주택 단지 식별정보_기본정보_20250918
28245100009527,2824510300100300001,인천광역시,계양구,,작전동,30-1,인천광역시 계양구 작전동 30-1,선우,선우,,,1,아파트,6,210,1986-02-05,한국부동산원_공동주택 단지 식별정보_기본정보_20250918
28245100009502,2824510300100300003,인천광역시,계양구,,작전동,30-3,인천광역시 계양구 작전동 30-3,금보아파트,금보,금보아파트,금보아파트,1,아파트,1,84,1989-11-22,한국부동산원_공동주택 단지 식별정보_기본정보_20250918
28245100009526,2824510300100340005,인천광역시,계양구,,작전동,34-5,인천광역시 계양구 작전동 34-5,삼천리아파트,삼천리,삼천리아파트,삼천리아파트,1,아파트,10,540,1988-12-26,한국부동산원_공동주택 단지 식별정보_기본정보_20250918
28245100009557,2824510300100410001,인천광역시,계양구,,작전동,41-1,인천광역시 계양구 작전동 41-1,형제아파트,형제,형제아파트,형제아파트,1,아파트,3,110,1985-02-16,한국부동산원_공동주택 단지 식별정보_기본정보_20250918
28245100009522,2824510300100440000,인천광역시,계양구,,작전동,44,인천광역시 계양구 작전동 44,백합아파트,백합,백합아파트,백합아파트,1,아파트,1,45,1985-08-19,한국부동산원_공동주택 단지 식별정보_기본정보_20250918
28245100009542,2824510300100530000,인천광역시,계양구,,작전동,53,인천광역시 계양구 작전동 53,팬더아파트,팬더(53),팬더아파트,팬더아파트,1,아파트,2,100,1989-12-01,한국부동산원_공동주택 단지 식별정보_기본정보_20250918
28245100009524,2824510300100640001,인천광역시,계양구,,작전동,64-1,인천광역시 계양구 작전동 64-1,삼보아파트,삼보,삼보아파트,삼보아파트,1,아파트,4,454,1994-02-28,한국부동산원_공동주택 단지 식별정보_기본정보_20250918
28245100009546,2824510300100720002,인천광역시,계양구,,작전동,72-2,인천광역시 계양구 작전동 72-2,한아름아파트,한아름,한아름아파트,한아름아파트,1,아파트,1,150,1991-04-13,한국부동산원_공동주택 단지 식별정보_기본정보_20250918
28245100009538,2824510300100740001,인천광역시,계양구,,작전동,74-1,인천광역시 계양구 작전동 74-1,작전아파트,"작전(가동,나동)",작전아파트,작전아파트,1,아파트,2,85,1985-01-17,한국부동산원_공동주택 단지 식별정보_기본정보_20250918
28245100009544,2824510300100790000,인천광역시,계양구,,작전동,79,인천광역시 계양구 작전동 79,한국아파트,"한국(101동,102동)",한국아파트,한국아파트,1,아파트,2,250,1998-03-30,한국부동산원_공동주택 단지 식별정보_기본정보_20250918
28245100009540,2824510300100990005,인천광역시,계양구,,작전동,99-5,인천광역시 계양구 작전동 99-5,중앙하이츠아파트,중앙하이츠,중앙하이츠아파트,중앙하이츠아파트,1,아파트,2,186,1990-10-29,한국부동산원_공동주택 단지 식별정보_기본정보_20250918
28245100009506,2824510300101020003,인천광역시,계양구,,작전동,102-3,인천광역시 계양구 작전동 102-3,뉴서울아파트,뉴서울1,뉴서울아파트,뉴서울아파트,1,아파트,7,791,1988-05-27,한국부동산원_공동주택 단지 식별정보_기본정보_20250918
28245100009519,2824510300101030002,인천광역시,계양구,,작전동,103-2,인천광역시 계양구 작전동 103-2,무지개아파트,무지개,무지개아파트,무지개아파트,1,아파트,2,240,1989-06-10,한국부동산원_공동주택 단지 식별정보_기본정보_20250918
28245100009553,2824510300101110000,인천광역시,계양구,,작전동,111,인천광역시 계양구 작전동 111,현대아파트,작전현대1차,현대아파트,현대아파트,1,아파트,6,570,1990-09-28,한국부동산원_공동주택 단지 식별정보_기본정보_20250918
28245100009501,2824510300101310001,인천광역시,계양구,,작전동,131-1,인천광역시 계양구 작전동 131-1,광명아파트,광명11,광명아파트,광명아파트,1,아파트,4,288,1989-12-08,한국부동산원_공동주택 단지 식별정보_기본정보_20250918
28245100009532,2824510300101400002,인천광역시,계양구,,작전동,140-2,인천광역시 계양구 작전동 140-2,신진아파트,신진,신진아파트,신진아파트,1,아파트,4,410,1987-12-05,한국부동산원_공동주택 단지 식별정보_기본정보_20250918
28245100009558,2824510300101690000,인천광역시,계양구,,작전동,169,인천광역시 계양구 작전동 169,작전동풍림아이원아파트,풍림아이원,작전동풍림아이원아파트,작전동풍림아이원아파트,1,아파트,5,468,2003-01-18,한국부동산원_공동주택 단지 식별정보_기본정보_20250918
28245100009515,2824510300102860001,인천광역시,계양구,,작전동,286-1,인천광역시 계양구 작전동 286-1,작전2차 동보아파트,동보2,작전2차 동보아파트,작전2차 동보아파트,1,아파트,8,502,2000-05-04,한국부동산원_공동주택 단지 식별정보_기본정보_20250918
28245100009537,2824510300103810003,인천광역시,계양구,,작전동,381-3,인천광역시 계양구 작전동 381-3,유호아파트,유호,유호아파트,유호아파트,1,아파트,2,299,1995-03-25,한국부동산원_공동주택 단지 식별정보_기본정보_20250918
28245100009545,2824510300103820001,인천광역시,계양구,,작전동,382-1,인천광역시 계양구 작전동 382-1,한신아파트,한신,한신아파트,한신아파트,1,아파트,3,259,1991-10-25,한국부동산원_공동주택 단지 식별정보_기본정보_20250918
28245100009499,2824510300103860003,인천광역시,계양구,,작전동,386-3,인천광역시 계양구 작전동 386-3,경신아파트,경신,경신아파트,경신아파트,1,아파트,1,50,1985-07-10,한국부동산원_공동주택 단지 식별정보_기본정보_20250918
28245100009514,2824510300103880002,인천광역시,계양구,,작전동,388-2,인천광역시 계양구 작전동 388-2,동보아파트,동보,동보아파트,동보아파트,1,아파트,6,1187,1995-04-24,한국부동산원_공동주택 단지 식별정보_기본정보_20250918
28245100009498,2824510300104200000,인천광역시,계양구,,작전동,420,인천광역시 계양구 작전동 420,미도아파트,미도아파트,미도아파트,미도아파트,1,아파트,4,480,1990-11-19,한국부동산원_공동주택 단지 식별정보_기본정보_20250918
28245100218923,2824510300104450008,인천광역시,계양구,,작전동,445-8,인천광역시 계양구 작전동 445-8,수정아파트,수정,수정아파트,수정아파트,1,아파트,1,48,1989-12-01,한국부동산원_공동주택 단지 식별정보_기본정보_20250918
28245100009555,2824510300105800000,인천광역시,계양구,,작전동,580,인천광역시 계양구 작전동 580,현대아파트,현대2-2차,현대아파트,현대아파트,1,아파트,5,904,1993-12-27,한국부동산원_공동주택 단지 식별정보_기본정보_20250918
28245100009554,2824510300105800000,인천광역시,계양구,,작전동,580,인천광역시 계양구 작전동 580,현대아파트,현대2-1차,현대아파트,현대아파트,1,아파트,5,840,1991-10-15,한국부동산원_공동주택 단지 식별정보_기본정보_20250918
28245100009551,2824510300107070005,인천광역시,계양구,,작전동,707-5,인천광역시 계양구 작전동 707-5,현광아파트,현광,현광아파트,현광아파트,1,아파트,3,392,1992-08-05,한국부동산원_공동주택 단지 식별정보_기본정보_20250918
28245100009533,2824510300108520014,인천광역시,계양구,,작전동,852-14,인천광역시 계양구 작전동 852-14,신한아파트,신한,신한아파트,신한아파트,1,아파트,2,100,1984-09-04,한국부동산원_공동주택 단지 식별정보_기본정보_20250918
28245100009520,2824510300108530000,인천광역시,계양구,,작전동,853,인천광역시 계양구 작전동 853,미림아파트,미림,미림아파트,미림아파트,1,아파트,6,180,1983-12-21,한국부동산원_공동주택 단지 식별정보_기본정보_20250918
28245120392989,2824510300108530007,인천광역시,계양구,,작전동,853-7,인천광역시 계양구 작전동 853-7,안톤스테이,안톤스테이,안톤스테이,안톤스테이,1,아파트,1,97,2019-08-09,한국부동산원_공동주택 단지 식별정보_기본정보_20250918
28245100009547,2824510300108540004,인천광역시,계양구,,작전동,854-4,인천광역시 계양구 작전동 854-4,한양아파트,한양,한양아파트,계산한양아파트,1,아파트,2,280,1985-10-21,한국부동산원_공동주택 단지 식별정보_기본정보_20250918
28245100009517,2824510300108540012,인천광역시,계양구,,작전동,854-12,인천광역시 계양구 작전동 854-12,동아아파트,동아,,동아아파트,1,아파트,3,105,1983-12-21,한국부동산원_공동주택 단지 식별정보_기본정보_20250918
28245100009549,2824510300108550002,인천광역시,계양구,,작전동,855-2,인천광역시 계양구 작전동 855-2,한일아파트,한일,한일아파트,한일아파트,1,아파트,2,168,1991-05-08,한국부동산원_공동주택 단지 식별정보_기본정보_20250918
28245100009513,2824510300108560060,인천광역시,계양구,,작전동,856-60,인천광역시 계양구 작전동 856-60,동방,동방,,,1,아파트,2,41,1979-12-31,한국부동산원_공동주택 단지 식별정보_기본정보_20250918
28245100009518,2824510300108560075,인천광역시,계양구,,작전동,856-75,인천광역시 계양구 작전동 856-75,동양아파트,동양,동양아파트,동양아파트,1,아파트,1,70,1985-03-06,한국부동산원_공동주택 단지 식별정보_기본정보_20250918
28245100052544,2824510300108570005,인천광역시,계양구,,작전동,857-5,인천광역시 계양구 작전동 857-5,우암센스뷰,우암센스뷰,우암센스뷰,우암센스뷰,1,아파트,1,119,2003-12-04,한국부동산원_공동주택 단지 식별정보_기본정보_20250918
28245100009534,2824510300108570018,인천광역시,계양구,,작전동,857-18,인천광역시 계양구 작전동 857-18,영흥아파트,영흥,영흥아파트,영흥아파트,1,아파트,1,45,1985-09-11,한국부동산원_공동주택 단지 식별정보_기본정보_20250918
28245100009550,2824510300108580000,인천광역시,계양구,,작전동,858,인천광역시 계양구 작전동 858,한화아파트,한화,한화아파트,한화아파트,1,아파트,2,179,1998-01-20,한국부동산원_공동주택 단지 식별정보_기본정보_20250918
28245100009521,2824510300108580003,인천광역시,계양구,,작전동,858-3,인천광역시 계양구 작전동 858-3,백조아파트,백조,백조아파트,백조아파트,1,아파트,1,35,1985-02-07,한국부동산원_공동주택 단지 식별정보_기본정보_20250918
28245100009523,2824510300108580009,인천광역시,계양구,,작전동,858-9,인천광역시 계양구 작전동 858-9,삼미아파트,삼미,삼미아파트,삼미아파트,1,아파트,2,90,1984-12-10,한국부동산원_공동주택 단지 식별정보_기본정보_20250918
28245120172162,2824510300108580010,인천광역시,계양구,,작전동,858-10,인천광역시 계양구 작전동 858-10,서보한마음아파트,서보한마음,서보한마음아파트,서보한마음아파트,1,아파트,1,28,2013-02-05,한국부동산원_공동주택 단지 식별정보_기본정보_20250918
28245120393535,2824510300108580011,인천광역시,계양구,,작전동,858-11,인천광역시 계양구 작전동 858-11,온누리베일리,온누리베일리,온누리베일리,온누리베일리,1,아파트,1,28,2019-09-02,한국부동산원_공동주택 단지 식별정보_기본정보_20250918
28245112125491,2824510300108590002,인천광역시,계양구,,작전동,859-2,인천광역시 계양구 작전동 859-2,백조아파트,"백조(가,나동)",백조아파트,백조아파트,1,아파트,2,70,1985-02-18,한국부동산원_공동주택 단지 식별정보_기본정보_20250918
28245100009556,2824510300108590014,인천광역시,계양구,,작전동,859-14,인천광역시 계양구 작전동 859-14,현대아파트,현대3,현대아파트,현대아파트,1,아파트,3,390,1992-11-17,한국부동산원_공동주택 단지 식별정보_기본정보_20250918
28245100218928,2824510300108600003,인천광역시,계양구,,작전동,860-3,인천광역시 계양구 작전동 860-3,대신,대신,,,1,아파트,1,25,1986-05-02,한국부동산원_공동주택 단지 식별정보_기본정보_20250918
28245100009500,2824510300108600010,인천광역시,계양구,,작전동,860-10,인천광역시 계양구 작전동 860-10,공작아파트,공작,공작아파트,공작아파트,1,아파트,3,85,1984-11-12,한국부동산원_공동주택 단지 식별정보_기본정보_20250918
28245100009541,2824510300108610001,인천광역시,계양구,,작전동,861-1,인천광역시 계양구 작전동 861-1,코오롱아파트,코오롱,코오롱아파트,코오롱아파트,1,아파트,3,480,1989-10-17,한국부동산원_공동주택 단지 식별정보_기본정보_20250918
28245100009548,2824510300108620018,인천광역시,계양구,,작전동,862-18,인천광역시 계양구 작전동 862-18,한오아파트,한오,한오아파트,한오아파트,1,아파트,2,75,1987-05-15,한국부동산원_공동주택 단지 식별정보_기본정보_20250918
28245100218929,2824510300108630011,인천광역시,계양구,,작전동,863-11,인천광역시 계양구 작전동 863-11,고려아파트,고려,고려아파트,고려아파트,1,아파트,1,10,1983-10-27,한국부동산원_공동주택 단지 식별정보_기본정보_20250918
28245120059761,2824510300108630017,인천광역시,계양구,,작전동,863-17,인천광역시 계양구 작전동 863-17,우남푸르미아,우남푸르미아,,우남푸르미아,1,아파트,1,117,2006-10-12,한국부동산원_공동주택 단지 식별정보_기본정보_20250918
28245100009543,2824510300108640017,인천광역시,계양구,,작전동,864-17,인천광역시 계양구 작전동 864-17,팬더(864-17),팬더(864-17),,,1,아파트,2,82,1990-04-16,한국부동산원_공동주택 단지 식별정보_기본정보_20250918
28245100009530,2824510300108670010,인천광역시,계양구,,작전동,867-10,인천광역시 계양구 작전동 867-10,신동양아파트,신동양,신동양아파트,신동양아파트,1,아파트,2,108,1983-12-29,한국부동산원_공동주택 단지 식별정보_기본정보_20250918
28245100052306,2824510300108690011,인천광역시,계양구,,작전동,869-11,인천광역시 계양구 작전동 869-11,알토란아파트,알토란,알토란아파트,알토란아파트,1,아파트,1,32,2003-07-09,한국부동산원_공동주택 단지 식별정보_기본정보_20250918
28245100009535,2824510300108690017,인천광역시,계양구,,작전동,869-17,인천광역시 계양구 작전동 869-17,우영아파트,우영,우영아파트,우영아파트,1,아파트,4,150,1984-11-21,한국부동산원_공동주택 단지 식별정보_기본정보_20250918
28245100009528,2824510300108690018,인천광역시,계양구,,작전동,869-18,인천광역시 계양구 작전동 869-18,성우아파트,성우,성우아파트,성우아파트,1,아파트,3,65,1982-12-17,한국부동산원_공동주택 단지 식별정보_기본정보_20250918
28245100009516,2824510300108690019,인천광역시,계양구,,작전동,869-19,인천광역시 계양구 작전동 869-19,동성아파트,동성,동성아파트,동성아파트,1,아파트,2,80,1985-11-28,한국부동산원_공동주택 단지 식별정보_기본정보_20250918
28245100218930,2824510300108710015,인천광역시,계양구,,작전동,871-15,인천광역시 계양구 작전동 871-15,유진아파트,유진,유진아파트,유진아파트,1,아파트,1,30,1985-04-24,한국부동산원_공동주택 단지 식별정보_기본정보_20250918
28245100009511,2824510300109120003,인천광역시,계양구,,작전동,912-3,인천광역시 계양구 작전동 912-3,도두리마을동보아파트,도두리마을동보,도두리마을동보아파트,도두리마을 동보아파트,1,아파트,9,1276,1996-12-20,한국부동산원_공동주택 단지 식별정보_기본정보_20250918
28245100009512,2824510300109120004,인천광역시,계양구,,작전동,912-4,인천광역시 계양구 작전동 912-4,"도두리마을 동남,롯데아파트",도두리마을롯데,"도두리마을 동남,롯데아파트",도두리마을 롯데아파트,1,아파트,6,641,1997-10-31,한국부동산원_공동주택 단지 식별정보_기본정보_20250918
28245100009510,2824510300109120004,인천광역시,계양구,,작전동,912-4,인천광역시 계양구 작전동 912-4,"도두리마을 동남,롯데아파트",도두리마을동남,"도두리마을 동남,롯데아파트",도두리마을 동남아파트,1,아파트,6,641,1997-10-31,한국부동산원_공동주택 단지 식별정보_기본정보_20250918
28245100009509,2824510300109120005,인천광역시,계양구,,작전동,912-5,인천광역시 계양구 작전동 912-5,도두리마을 대동아파트,도두리마을대동,도두리마을 대동아파트,도두리마을 대동아파트,1,아파트,8,1299,1997-09-30,한국부동산원_공동주택 단지 식별정보_기본정보_20250918
28245100009503,2824510300109150001,인천광역시,계양구,,작전동,915-1,인천광역시 계양구 작전동 915-1,"까치마을 태화,한진아파트",까치마을태화,"까치마을 태화,한진아파트",까치마을 태화아파트,1,아파트,8,1004,1997-11-14,한국부동산원_공동주택 단지 식별정보_기본정보_20250918
28245100009504,2824510300109150001,인천광역시,계양구,,작전동,915-1,인천광역시 계양구 작전동 915-1,"까치마을 태화,한진아파트",까치마을한진,"까치마을 태화,한진아파트",까치마을 한진아파트,1,아파트,4,670,1997-11-14,한국부동산원_공동주택 단지 식별정보_기본정보_20250918
28245120178716,2824510300109470000,인천광역시,계양구,,작전동,947,인천광역시 계양구 작전동 947,삼성홈타운,삼성홈타운,삼성홈타운,삼성홈타운,1,아파트,1,102,2013-03-01,한국부동산원_공동주택 단지 식별정보_기본정보_20250918
28245120183012,2824510300109480000,인천광역시,계양구,,작전동,948,인천광역시 계양구 작전동 948,상록파라브아파트,상록파라브,상록파라브아파트,상록파라브아파트,1,아파트,1,59,2013-07-26,한국부동산원_공동주택 단지 식별정보_기본정보_20250918
28245120417632,2824510300109490000,인천광역시,계양구,,작전동,949,인천광역시 계양구 작전동 949,작전역 서해그랑블,작전역서해그랑블,작전역 서해그랑블,작전역 서해그랑블,1,아파트,3,280,2020-09-15,한국부동산원_공동주택 단지 식별정보_기본정보_20250918
28245120418226,2824510300109510000,인천광역시,계양구,,작전동,951,인천광역시 계양구 작전동 951,브라운스톤 계양스카이,브라운스톤계양스카이,브라운스톤 계양스카이,브라운스톤 계양스카이,1,아파트,4,282,2020-10-29,한국부동산원_공동주택 단지 식별정보_기본정보_20250918
28245120449901,2824510300109520000,인천광역시,계양구,,작전동,952,인천광역시 계양구 작전동 952,작전역 베네하임 더윈,작전역베네하임더윈,작전역 베네하임 더윈,,1,아파트,3,166,2024-02-19,한국부동산원_공동주택 단지 식별정보_기본정보_20250918
28245120073480,2824510400101780000,인천광역시,계양구,,서운동,178,인천광역시 계양구 서운동 178,서운동 경남아너스빌,서운동경남아너스빌,서운동 경남아너스빌,서운동 경남아너스빌,1,아파트,5,255,2007-09-28,한국부동산원_공동주택 단지 식별정보_기본정보_20250918
28245120123446,2824510400102030000,인천광역시,계양구,,서운동,203,인천광역시 계양구 서운동 203,계양 임광 그대家,계양임광그대家,계양 임광 그대家,계양 임광 그대家,1,아파트,7,373,2009-10-01,한국부동산원_공동주택 단지 식별정보_기본정보_20250918
28245120420209,2824510400102300000,인천광역시,계양구,,서운동,230,인천광역시 계양구 서운동 230,계양 효성해링턴 플레이스,계양효성해링턴플레이스,계양 효성해링턴 플레이스,계양 효성해링턴 플레이스,1,아파트,16,1669,2021-01-27,한국부동산원_공동주택 단지 식별정보_기본정보_20250918
28245100009490,2824510500100250003,인천광역시,계양구,,임학동,25-3,인천광역시 계양구 임학동 25-3,용정아파트,용정,용정아파트,용정아파트,1,아파트,2,84,1989-12-26,한국부동산원_공동주택 단지 식별정보_기본정보_20250918
28245100218931,2824510500100280025,인천광역시,계양구,,임학동,28-25,인천광역시 계양구 임학동 28-25,샘앤샘,샘앤샘,,,1,아파트,1,19,2003-04-17,한국부동산원_공동주택 단지 식별정보_기본정보_20250918
28245100009491,2824510500100300000,인천광역시,계양구,,임학동,30,인천광역시 계양구 임학동 30,유호아파트,유호,유호아파트,유호아파트,1,아파트,2,156,1990-09-03,한국부동산원_공동주택 단지 식별정보_기본정보_20250918
28245100009493,2824510500100310000,인천광역시,계양구,,임학동,31,인천광역시 계양구 임학동 31,은영아파트,은영칠성,은영아파트,은영아파트,1,아파트,2,99,1988-12-19,한국부동산원_공동주택 단지 식별정보_기본정보_20250918
28245100009496,2824510500100310001,인천광역시,계양구,,임학동,31-1,인천광역시 계양구 임학동 31-1,한국아파트,한국,한국아파트,한국아파트,1,아파트,2,180,1989-04-18,한국부동산원_공동주택 단지 식별정보_기본정보_20250918
28245100009489,2824510500100320001,인천광역시,계양구,,임학동,32-1,인천광역시 계양구 임학동 32-1,삼우,삼우,,,1,아파트,2,95,1986-01-07,한국부동산원_공동주택 단지 식별정보_기본정보_20250918
28245100009497,2824510500100320002,인천광역시,계양구,,임학동,32-2,인천광역시 계양구 임학동 32-2,한일,한일,,,1,아파트,2,96,1989-05-09,한국부동산원_공동주택 단지 식별정보_기본정보_20250918
28245100009492,2824510500100350007,인천광역시,계양구,,임학동,35-7,인천광역시 계양구 임학동 35-7,윤성아파트,윤성,윤성아파트,윤성아파트,1,아파트,2,60,1989-01-18,한국부동산원_공동주택 단지 식별정보_기본정보_20250918
28245100009495,2824510500100600006,인천광역시,계양구,,임학동,60-6,인천광역시 계양구 임학동 60-6,중원아파트,중원,,중원아파트,1,아파트,2,72,1986-07-11,한국부동산원_공동주택 단지 식별정보_기본정보_20250918
28245100009494,2824510500100620000,인천광역시,계양구,,임학동,62,인천광역시 계양구 임학동 62,인우,인우,,,1,아파트,2,80,1984-08-28,한국부동산원_공동주택 단지 식별정보_기본정보_20250918
28245120088033,2824510500100670005,인천광역시,계양구,,임학동,67-5,인천광역시 계양구 임학동 67-5,금광포란재아파트,금광포란재,금광포란재아파트,금광포란재아파트,1,아파트,1,40,2007-12-18,한국부동산원_공동주택 단지 식별정보_기본정보_20250918
28245100218932,2824510500100680004,인천광역시,계양구,,임학동,68-4,인천광역시 계양구 임학동 68-4,승림아파트,승림,승림아파트,승림아파트,1,아파트,1,19,2003-11-03,한국부동산원_공동주택 단지 식별정보_기본정보_20250918
28245120113330,2824510500100690005,인천광역시,계양구,,임학동,69-5,인천광역시 계양구 임학동 69-5,해마루아파트,해마루(69-5),해마루아파트,해마루아파트,1,아파트,1,18,2008-12-29,한국부동산원_공동주택 단지 식별정보_기본정보_20250918
28245120354297,2824510600102070001,인천광역시,계양구,,용종동,207-1,인천광역시 계양구 용종동 207-1,인천 계양 코아루 센트럴파크,인천계양코아루센트럴파크,인천 계양 코아루 센트럴파크,인천 계양 코아루 센트럴파크,1,아파트,6,724,2017-06-23,한국부동산원_공동주택 단지 식별정보_기본정보_20250918
28245100009487,2824510600102130002,인천광역시,계양구,,용종동,213-2,인천광역시 계양구 용종동 213-2,초정마을 두산.쌍용아파트,초정마을(쌍용),초정마을 두산.쌍용아파트,초정마을 쌍용아파트,1,아파트,6,384,1997-10-30,한국부동산원_공동주택 단지 식별정보_기본정보_20250918
28245100009486,2824510600102130002,인천광역시,계양구,,용종동,213-2,인천광역시 계양구 용종동 213-2,초정마을 두산.쌍용아파트,초정마을(두산),초정마을 두산.쌍용아파트,초정마을 두산아파트,1,아파트,5,414,1997-10-30,한국부동산원_공동주택 단지 식별정보_기본정보_20250918
28245100009485,2824510600102130003,인천광역시,계양구,,용종동,213-3,인천광역시 계양구 용종동 213-3,초정마을 동아아파트,초정마을(동아),초정마을 동아아파트,초정마을 동아아파트,1,아파트,6,616,1998-01-06,한국부동산원_공동주택 단지 식별정보_기본정보_20250918
28245100009483,2824510600102140001,인천광역시,계양구,,용종동,214-1,인천광역시 계양구 용종동 214-1,용종마을 신대진아파트,용종마을신대진,용종마을 신대진아파트,용종마을 신대진아파트,1,아파트,6,562,1997-08-07,한국부동산원_공동주택 단지 식별정보_기본정보_20250918
28245100009484,2824510600102140002,인천광역시,계양구,,용종동,214-2,인천광역시 계양구 용종동 214-2,용종마을 중앙아파트,용종마을중앙,용종마을 중앙아파트,용종마을 중앙아파트,1,아파트,3,428,1997-10-08,한국부동산원_공동주택 단지 식별정보_기본정보_20250918
28245100009488,2824510600102280001,인천광역시,계양구,,용종동,228-1,인천광역시 계양구 용종동 228-1,초정마을 하나아파트,초정마을하나,초정마을 하나아파트,초정마을 하나아파트,1,아파트,8,972,1997-08-19,한국부동산원_공동주택 단지 식별정보_기본정보_20250918
28245100218933,2824510700100740005,인천광역시,계양구,,병방동,74-5,인천광역시 계양구 병방동 74-5,삼성홈타운아파트,삼성홈타운,삼성홈타운아파트,삼성홈타운아파트,1,아파트,1,19,2003-12-23,한국부동산원_공동주택 단지 식별정보_기본정보_20250918
28245100218934,2824510700100830005,인천광역시,계양구,,병방동,83-5,인천광역시 계양구 병방동 83-5,힐타운,힐타운,,,1,아파트,1,14,2002-11-11,한국부동산원_공동주택 단지 식별정보_기본정보_20250918
28245120073243,2824510700100900001,인천광역시,계양구,,병방동,90-1,인천광역시 계양구 병방동 90-1,병방동 영무예다음,영무예다음,병방동 영무예다음,병방동 영무예다음,1,아파트,1,79,2007-10-01,한국부동산원_공동주택 단지 식별정보_기본정보_20250918
28245100009476,2824510700103800000,인천광역시,계양구,,병방동,380,인천광역시 계양구 병방동 380,진달래아파트,신명진달래2,진달래아파트,진달래아파트,1,아파트,2,204,1989-08-12,한국부동산원_공동주택 단지 식별정보_기본정보_20250918
28245100009477,2824510700103810000,인천광역시,계양구,,병방동,381,인천광역시 계양구 병방동 381,아주아파트,아주,아주아파트,아주아파트,1,아파트,6,468,1989-09-04,한국부동산원_공동주택 단지 식별정보_기본정보_20250918
28245100009475,2824510700103830000,인천광역시,계양구,,병방동,383,인천광역시 계양구 병방동 383,신명진달래아파트,신명진달래1,신명진달래아파트,신명진달래아파트,1,아파트,3,258,1988-12-16,한국부동산원_공동주택 단지 식별정보_기본정보_20250918
28245100009478,2824510700104320003,인천광역시,계양구,,병방동,432-3,인천광역시 계양구 병방동 432-3,학마을 서원아파트,학마을서원,학마을 서원아파트,학마을 서원아파트,1,아파트,7,688,1997-05-27,한국부동산원_공동주택 단지 식별정보_기본정보_20250918
28245100009479,2824510700104320005,인천광역시,계양구,,병방동,432-5,인천광역시 계양구 병방동 432-5,학마을 영남아파트,학마을서해,학마을 영남아파트,학마을 서해아파트,1,아파트,12,1261,1997-10-29,한국부동산원_공동주택 단지 식별정보_기본정보_20250918
28245100009480,2824510700104320005,인천광역시,계양구,,병방동,432-5,인천광역시 계양구 병방동 432-5,학마을 영남아파트,학마을영남,학마을 영남아파트,학마을 영남아파트,1,아파트,12,1047,1997-10-17,한국부동산원_공동주택 단지 식별정보_기본정보_20250918
28245100009481,2824510700104330001,인천광역시,계양구,,병방동,433-1,인천광역시 계양구 병방동 433-1,학마을 한진아파트,학마을한진,학마을 한진아파트,학마을 한진아파트,1,아파트,14,1500,1998-11-20,한국부동산원_공동주택 단지 식별정보_기본정보_20250918
28245100009473,2824510800100370002,인천광역시,계양구,,방축동,37-2,인천광역시 계양구 방축동 37-2,아주,아주,,,1,아파트,8,480,1991-04-17,한국부동산원_공동주택 단지 식별정보_기본정보_20250918
28245120056073,2824510800101200000,인천광역시,계양구,,방축동,120,인천광역시 계양구 방축동 120,계양산 대창센시티 아파트,계양산대창센시티,계양산 대창센시티 아파트,계양산 대창센시티 아파트,1,아파트,4,187,2006-08-17,한국부동산원_공동주택 단지 식별정보_기본정보_20250918
28245100009474,2824510800102120000,인천광역시,계양구,,방축동,212,인천광역시 계양구 방축동 212,한성,한성,,,1,아파트,5,200,1990-07-20,한국부동산원_공동주택 단지 식별정보_기본정보_20250918
28245120443896,2824510800102350000,인천광역시,계양구,,방축동,235,인천광역시 계양구 방축동 235,계양 하늘채 파크포레,계양하늘채파크포레,계양 하늘채 파크포레,계양 하늘채 파크포레,1,아파트,9,546,2023-04-14,한국부동산원_공동주택 단지 식별정보_기본정보_20250918
28245120009244,2824510900103090000,인천광역시,계양구,,박촌동,309,인천광역시 계양구 박촌동 309,박촌 풍림아이원,풍림,박촌 풍림아이원,박촌 풍림아이원,1,아파트,2,207,2005-11-25,한국부동산원_공동주택 단지 식별정보_기본정보_20250918
28245120009245,2824510900103100000,인천광역시,계양구,,박촌동,310,인천광역시 계양구 박촌동 310,한화꿈에그린아파트,한화꿈에그린,한화꿈에그린아파트,한화꿈에그린아파트,1,아파트,13,670,2005-11-17,한국부동산원_공동주택 단지 식별정보_기본정보_20250918
28245120124972,2824510900103110000,인천광역시,계양구,,박촌동,311,인천광역시 계양구 박촌동 311,계양1차 하우스토리,계양1차하우스토리,계양1차 하우스토리,계양1차 하우스토리,1,아파트,5,257,2009-11-27,한국부동산원_공동주택 단지 식별정보_기본정보_20250918
28245120124973,2824510900103130000,인천광역시,계양구,,박촌동,313,인천광역시 계양구 박촌동 313,박촌휴먼시아,박촌휴먼시아(임대),박촌휴먼시아,박촌휴먼시아,1,아파트,3,230,2009-12-11,한국부동산원_공동주택 단지 식별정보_기본정보_20250918
28245120128855,2824510900103170000,인천광역시,계양구,,박촌동,317,인천광역시 계양구 박촌동 317,계양2차 하우스토리,계양2차하우스토리,계양2차 하우스토리,계양2차 하우스토리,1,아파트,2,182,2010-04-28,한국부동산원_공동주택 단지 식별정보_기본정보_20250918
28245120146841,2824510900103190000,인천광역시,계양구,,박촌동,319,인천광역시 계양구 박촌동 319,계양한양수자인,계양한양수자인,계양한양수자인,계양한양수자인,1,아파트,8,376,2011-12-22,한국부동산원_공동주택 단지 식별정보_기본정보_20250918
28245120042981,2824511000105750000,인천광역시,계양구,,동양동,575,인천광역시 계양구 동양동 575,주공아파트,동양주공1단지(임대),주공아파트,주공아파트,1,아파트,6,630,2006-05-22,한국부동산원_공동주택 단지 식별정보_기본정보_20250918
28245120042982,2824511000105810000,인천광역시,계양구,,동양동,581,인천광역시 계양구 동양동 581,주공아파트,동양주공2단지(임대),주공아파트,주공아파트,1,아파트,7,668,2006-04-10,한국부동산원_공동주택 단지 식별정보_기본정보_20250918
28245120050450,2824511000105820000,인천광역시,계양구,,동양동,582,인천광역시 계양구 동양동 582,한진해모로아파트,한진해모로아파트,한진해모로아파트,한진해모로아파트,1,아파트,6,478,2006-06-22,한국부동산원_공동주택 단지 식별정보_기본정보_20250918
28245120059723,2824511000105860000,인천광역시,계양구,,동양동,586,인천광역시 계양구 동양동 586,주공아파트,동양주공4단지(임대),주공아파트,주공아파트,1,아파트,5,324,2006-10-09,한국부동산원_공동주택 단지 식별정보_기본정보_20250918
28245120073585,2824511000106130000,인천광역시,계양구,,동양동,613,인천광역시 계양구 동양동 613,동양동 휴먼빌아파트,일신휴먼빌,동양동 휴먼빌아파트,동양동 휴먼빌아파트,1,아파트,6,466,2007-10-04,한국부동산원_공동주택 단지 식별정보_기본정보_20250918
28245120146455,2824511000106150000,인천광역시,계양구,,동양동,615,인천광역시 계양구 동양동 615,우남푸르미아,우남푸르미아,우남푸르미아,우남푸르미아,1,아파트,3,158,2011-12-22,한국부동산원_공동주택 단지 식별정보_기본정보_20250918
28245100053926,2824511100104890000,인천광역시,계양구,,귤현동,489,인천광역시 계양구 귤현동 489,귤현아이파크,귤현현대아이파크,귤현아이파크,귤현아이파크,1,아파트,6,394,2004-10-29,한국부동산원_공동주택 단지 식별정보_기본정보_20250918
28245120172599,2824511100105310000,인천광역시,계양구,,귤현동,531,인천광역시 계양구 귤현동 531,계양센트레빌 1단지,계양센트레빌1단지,계양센트레빌 1단지,계양센트레빌 1단지,1,아파트,12,715,2013-02-15,한국부동산원_공동주택 단지 식별정보_기본정보_20250918
28245120180742,2824511100105320000,인천광역시,계양구,,귤현동,532,인천광역시 계양구 귤현동 532,계양센트레빌 2단지,계양센트레빌2단지,계양센트레빌 2단지,계양센트레빌 2단지,1,아파트,5,256,2013-06-24,한국부동산원_공동주택 단지 식별정보_기본정보_20250918
28245120180743,2824511100105330000,인천광역시,계양구,,귤현동,533,인천광역시 계양구 귤현동 533,계양센트레빌 3단지,계양센트레빌3단지,계양센트레빌 3단지,계양센트레빌 3단지,1,아파트,9,454,2013-06-24,한국부동산원_공동주택 단지 식별정보_기본정보_20250918
28245120073293,2824511700104070000,인천광역시,계양구,,이화동,407,인천광역시 계양구 이화동 407,이화신동아파밀리에,신동아파밀리에,이화신동아파밀리에,이화신동아파밀리에,1,아파트,6,399,2007-07-27,한국부동산원_공동주택 단지 식별정보_기본정보_20250918
28245100009482,2824511800101800000,인천광역시,계양구,,오류동,180,인천광역시 계양구 오류동 180,신동아아파트,신동아,신동아아파트,신동아아파트,1,아파트,17,1192,1997-03-26,한국부동산원_공동주택 단지 식별정보_기본정보_20250918
28245120124505,2824512300101310010,인천광역시,계양구,,장기동,131-10,인천광역시 계양구 장기동 131-10,계양 벽산 블루밍,계양벽산블루밍,계양 벽산 블루밍,계양 벽산 블루밍,1,아파트,4,138,2009-10-22,한국부동산원_공동주택 단지 식별정보_기본정보_20250918
28260120446839,2826010100300000000,인천광역시,서구,,백석동,가-,인천광역시 서구 백석동 가-,검암역 로열파크씨티 푸르지오 2단지,검암역로열파크씨티푸르지오2단지,검암역 로열파크씨티 푸르지오 2단지,,1,아파트,12,2426,2023-06-29,한국부동산원_공동주택 단지 식별정보_기본정보_20250918
28260120446838,2826010100300000000,인천광역시,서구,,백석동,가-,인천광역시 서구 백석동 가-,검암역 로열파크씨티 푸르지오 1단지,검암역로열파크씨티푸르지오1단지,검암역 로열파크씨티 푸르지오 1단지,,1,아파트,13,2379,2023-06-29,한국부동산원_공동주택 단지 식별정보_기본정보_20250918
28260100218938,2826010300105010001,인천광역시,서구,,검암동,501-1,인천광역시 서구 검암동 501-1,풍림아이원2차,풍림아이원2차,풍림아이원2차,풍림아이원2차,1,아파트,13,718,2004-05-28,한국부동산원_공동주택 단지 식별정보_기본정보_20250918
28260100051003,2826010300105110000,인천광역시,서구,,검암동,511,인천광역시 서구 검암동 511,풍림아이원,풍림아이원1,풍림아이원,풍림아이원,1,아파트,4,280,2003-09-06,한국부동산원_공동주택 단지 식별정보_기본정보_20250918
28260100051007,2826010300105120001,인천광역시,서구,,검암동,512-1,인천광역시 서구 검암동 512-1,삼보해피하임,삼보해피하임3,삼보해피하임,삼보해피하임,1,아파트,3,288,2003-08-01,한국부동산원_공동주택 단지 식별정보_기본정보_20250918
28260100218939,2826010300105120002,인천광역시,서구,,검암동,512-2,인천광역시 서구 검암동 512-2,풍림아이원3차아파트,풍림아이원3차,풍림아이원3차아파트,풍림아이원3차아파트,1,아파트,6,341,2004-07-22,한국부동산원_공동주택 단지 식별정보_기본정보_20250918
28260100051011,2826010300105350001,인천광역시,서구,,검암동,535-1,인천광역시 서구 검암동 535-1,검암2차신명스카이뷰,신명스카이뷰2,검암2차신명스카이뷰,검암2차신명스카이뷰,1,아파트,6,325,2003-10-24,한국부동산원_공동주택 단지 식별정보_기본정보_20250918
28260100073984,2826010300105350002,인천광역시,서구,,검암동,535-2,인천광역시 서구 검암동 535-2,검암4차신명스카이뷰골드,검암4차신명스카이뷰,검암4차신명스카이뷰골드,검암4차신명스카이뷰골드,1,아파트,8,311,2004-08-25,한국부동산원_공동주택 단지 식별정보_기본정보_20250918
28260100051015,2826010300105950003,인천광역시,서구,,검암동,595-3,인천광역시 서구 검암동 595-3,서해그랑블,서해그랑블,서해그랑블,서해그랑블,1,아파트,11,950,2003-09-01,한국부동산원_공동주택 단지 식별정보_기본정보_20250918
28260120054546,2826010300105950005,인천광역시,서구,,검암동,595-5,인천광역시 서구 검암동 595-5,검암마젤란21아파트,마젤란21,검암마젤란21아파트,검암마젤란21아파트,1,아파트,2,176,2006-06-02,한국부동산원_공동주택 단지 식별정보_기본정보_20250918
28260100218940,2826010300106050001,인천광역시,서구,,검암동,605-1,인천광역시 서구 검암동 605-1,검암3차신명스카이뷰,신명스카이뷰3차,검암3차신명스카이뷰,검암3차신명스카이뷰,1,아파트,4,282,2004-05-19,한국부동산원_공동주택 단지 식별정보_기본정보_20250918
28260100051017,2826010300106280000,인천광역시,서구,,검암동,628,인천광역시 서구 검암동 628,삼보해피하임,삼보해피하임4,삼보해피하임,삼보해피하임,1,아파트,3,252,2003-08-01,한국부동산원_공동주택 단지 식별정보_기본정보_20250918
28260100051021,2826010300106290001,인천광역시,서구,,검암동,629-1,인천광역시 서구 검암동 629-1,신명스카이뷰,신명스카이뷰1,신명스카이뷰,신명스카이뷰,1,아파트,4,268,2003-07-21,한국부동산원_공동주택 단지 식별정보_기본정보_20250918
28260120047888,2826010400107190003,인천광역시,서구,,경서동,719-3,인천광역시 서구 경서동 719-3,우정 에쉐르 아파트,우정에쉐르,우정 에쉐르 아파트,우정 에쉐르 아파트,1,아파트,5,292,2006-05-19,한국부동산원_공동주택 단지 식별정보_기본정보_20250918
28260100448894,2826010400107220001,인천광역시,서구,,경서동,722-1,인천광역시 서구 경서동 722-1,태평샹베르아파트,태평샹베르1차,태평샹베르아파트,태평샹베르아파트,1,아파트,10,572,2005-02-03,한국부동산원_공동주택 단지 식별정보_기본정보_20250918
28260100448895,2826010400107270001,인천광역시,서구,,경서동,727-1,인천광역시 서구 경서동 727-1,가이아샹베르2차아파트,가이아샹베르2차,가이아샹베르2차아파트,가이아샹베르2차아파트,1,아파트,10,560,2005-03-31,한국부동산원_공동주택 단지 식별정보_기본정보_20250918
28260120359413,2826010400109940000,인천광역시,서구,,경서동,994,인천광역시 서구 경서동 994,인천 경서 아시아드 대광로제비앙,인천경서아시아드대광로제비앙,인천 경서 아시아드 대광로제비앙,인천 경서 아시아드 대광로제비앙,1,아파트,13,720,2017-12-18,한국부동산원_공동주택 단지 식별정보_기본정보_20250918
28260120432737,2826010400110320000,인천광역시,서구,,경서동,1032,인천광역시 서구 경서동 1032,북청라 하우스토리,북청라하우스토리,북청라 하우스토리,,1,아파트,6,430,2022-02-25,한국부동산원_공동주택 단지 식별정보_기본정보_20250918
28260100052995,2826010500100510068,인천광역시,서구,,공촌동,51-68,인천광역시 서구 공촌동 51-68,오륜아파트,오륜A동,오륜아파트,오륜아파트,1,아파트,1,19,2003-04-25,한국부동산원_공동주택 단지 식별정보_기본정보_20250918
28260112126334,2826010500100510070,인천광역시,서구,,공촌동,51-70,인천광역시 서구 공촌동 51-70,오륜아파트,오륜B동,오륜아파트,오륜아파트,1,아파트,1,16,2003-03-26,한국부동산원_공동주택 단지 식별정보_기본정보_20250918
28260120360717,2826010500103090002,인천광역시,서구,,공촌동,309-2,인천광역시 서구 공촌동 309-2,미우해드리움,미우해드리움,미우해드리움,미우해드리움,1,아파트,1,110,2018-01-31,한국부동산원_공동주택 단지 식별정보_기본정보_20250918
28260100009076,2826010500103140000,인천광역시,서구,,공촌동,314,인천광역시 서구 공촌동 314,경남아파트,경남,경남아파트,경남아파트,1,아파트,3,232,1998-11-02,한국부동산원_공동주택 단지 식별정보_기본정보_20250918
28260100009077,2826010500103180001,인천광역시,서구,,공촌동,318-1,인천광역시 서구 공촌동 318-1,광명아파트,광명,광명아파트,광명아파트,1,아파트,4,299,1998-10-22,한국부동산원_공동주택 단지 식별정보_기본정보_20250918
28260100009071,2826010600106820000,인천광역시,서구,,연희동,682,인천광역시 서구 연희동 682,중앙공영아파트,중앙,중앙공영아파트,중앙공영아파트,1,아파트,1,294,1997-08-26,한국부동산원_공동주택 단지 식별정보_기본정보_20250918
28260100009074,2826010600106820012,인천광역시,서구,,연희동,682-12,인천광역시 서구 연희동 682-12,한국아파트,한국1,,한국아파트,1,아파트,5,356,1994-08-31,한국부동산원_공동주택 단지 식별정보_기본정보_20250918
28260100009075,2826010600106820014,인천광역시,서구,,연희동,682-14,인천광역시 서구 연희동 682-14,한국아파트,한국3,한국아파트,한국아파트,1,아파트,1,120,1997-11-29,한국부동산원_공동주택 단지 식별정보_기본정보_20250918
28260100009073,2826010600106900000,인천광역시,서구,,연희동,690,인천광역시 서구 연희동 690,태영아파트,태영,태영아파트,태영아파트,1,아파트,4,390,1996-11-15,한국부동산원_공동주택 단지 식별정보_기본정보_20250918
28260120073483,2826010600107010001,인천광역시,서구,,연희동,701-1,인천광역시 서구 연희동 701-1,연희해드림아파트,연희해드림,연희해드림아파트,연희해드림아파트,1,아파트,7,250,2007-09-28,한국부동산원_공동주택 단지 식별정보_기본정보_20250918
28260100009072,2826010600107280001,인천광역시,서구,,연희동,728-1,인천광역시 서구 연희동 728-1,청아아파트,청아,청아아파트,청아아파트,1,아파트,1,65,1997-09-10,한국부동산원_공동주택 단지 식별정보_기본정보_20250918
28260100009070,2826010600107290001,인천광역시,서구,,연희동,729-1,인천광역시 서구 연희동 729-1,우성아파트,우성,우성아파트,우성아파트,1,아파트,4,410,1997-06-10,한국부동산원_공동주택 단지 식별정보_기본정보_20250918
28260100009080,2826010700102520006,인천광역시,서구,,심곡동,252-6,인천광역시 서구 심곡동 252-6,녹성아파트,녹성,녹성아파트,녹성아파트,1,아파트,1,45,1995-11-13,한국부동산원_공동주택 단지 식별정보_기본정보_20250918
28260100009079,2826010700102590002,인천광역시,서구,,심곡동,259-2,인천광역시 서구 심곡동 259-2,극동늘푸른아파트,극동늘푸른,극동늘푸른아파트,극동늘푸른아파트,1,아파트,8,998,1997-08-26,한국부동산원_공동주택 단지 식별정보_기본정보_20250918
28260100009084,2826010700102820000,인천광역시,서구,,심곡동,282,인천광역시 서구 심곡동 282,삼용타워아파트,삼용타워,삼용타워아파트,삼용타워아파트,1,아파트,1,87,1996-06-01,한국부동산원_공동주택 단지 식별정보_기본정보_20250918
28260100009081,2826010700102850000,인천광역시,서구,,심곡동,285,인천광역시 서구 심곡동 285,대동주택아파트,대동,대동주택아파트,대동주택아파트,1,아파트,8,1048,1995-05-18,한국부동산원_공동주택 단지 식별정보_기본정보_20250918
28260100009085,2826010700102860011,인천광역시,서구,,심곡동,286-11,인천광역시 서구 심곡동 286-11,신원아파트,신원아파트102동,신원아파트,신원아파트,1,아파트,1,16,1996-09-24,한국부동산원_공동주택 단지 식별정보_기본정보_20250918
28260100009082,2826010700102870000,인천광역시,서구,,심곡동,287,인천광역시 서구 심곡동 287,동남아파트,동남,동남아파트,동남아파트,1,아파트,2,280,1995-08-29,한국부동산원_공동주택 단지 식별정보_기본정보_20250918
28260120124794,2826010700102900003,인천광역시,서구,,심곡동,290-3,인천광역시 서구 심곡동 290-3,신원아파트,신원아파트101동,신원아파트,신원아파트,1,아파트,1,16,1996-09-24,한국부동산원_공동주택 단지 식별정보_기본정보_20250918
28260100009086,2826010700103020000,인천광역시,서구,,심곡동,302,인천광역시 서구 심곡동 302,한국아파트,한국2,,한국아파트,1,아파트,2,392,1995-02-28,한국부동산원_공동주택 단지 식별정보_기본정보_20250918
28260100009083,2826010700103300001,인천광역시,서구,,심곡동,330-1,인천광역시 서구 심곡동 330-1,삼성아파트,삼성,삼성아파트,삼성아파트,1,아파트,4,421,1997-06-03,한국부동산원_공동주택 단지 식별정보_기본정보_20250918
28260100009078,2826010700103360001,인천광역시,서구,,심곡동,336-1,인천광역시 서구 심곡동 336-1,광명아파트,광명,광명아파트,광명아파트,1,아파트,5,604,1997-01-10,한국부동산원_공동주택 단지 식별정보_기본정보_20250918
28260100009092,2826010800100050092,인천광역시,서구,,가정동,5-92,인천광역시 서구 가정동 5-92,동우아파트,동우1,,동우아파트,1,아파트,5,474,1988-01-05,한국부동산원_공동주택 단지 식별정보_기본정보_20250918
28260100009093,2826010800100050093,인천광역시,서구,,가정동,5-93,인천광역시 서구 가정동 5-93,동우아파트,동우2,,동우아파트,1,아파트,3,252,1988-02-24,한국부동산원_공동주택 단지 식별정보_기본정보_20250918
28260100009097,2826010800100050096,인천광역시,서구,,가정동,5-96,인천광역시 서구 가정동 5-96,성광아파트,성광,,성광아파트,1,아파트,2,114,1987-12-24,한국부동산원_공동주택 단지 식별정보_기본정보_20250918
28260100009115,2826010800100050120,인천광역시,서구,,가정동,5-120,인천광역시 서구 가정동 5-120,한성아파트,한성,,한성아파트,1,아파트,2,150,1992-01-19,한국부동산원_공동주택 단지 식별정보_기본정보_20250918
28260100009089,2826010800102840401,인천광역시,서구,,가정동,284-401,인천광역시 서구 가정동 284-401,뉴서울아파트,뉴서울(284-401),,뉴서울아파트,1,아파트,3,555,1990-12-10,한국부동산원_공동주택 단지 식별정보_기본정보_20250918
28260100009110,2826010800103410013,인천광역시,서구,,가정동,341-13,인천광역시 서구 가정동 341-13,하나아파트,하나1,,하나아파트,1,아파트,5,252,1989-11-30,한국부동산원_공동주택 단지 식별정보_기본정보_20250918
28260100009111,2826010800103410014,인천광역시,서구,,가정동,341-14,인천광역시 서구 가정동 341-14,하나아파트,하나2,,하나아파트,1,아파트,5,495,1992-02-13,한국부동산원_공동주택 단지 식별정보_기본정보_20250918
28260100009112,2826010800103410015,인천광역시,서구,,가정동,341-15,인천광역시 서구 가정동 341-15,3차 하나아파트,하나3,,3차 하나아파트,1,아파트,2,274,1993-10-27,한국부동산원_공동주택 단지 식별정보_기본정보_20250918
28260120089850,2826010800105230002,인천광역시,서구,,가정동,523-2,인천광역시 서구 가정동 523-2,태훈예뜰채아파트,예뜰채,태훈예뜰채아파트,태훈예뜰채아파트,1,아파트,1,93,2007-11-15,한국부동산원_공동주택 단지 식별정보_기본정보_20250918
28260100218943,2826010800105260027,인천광역시,서구,,가정동,526-27,인천광역시 서구 가정동 526-27,진흥아파트,진흥(526-27),진흥아파트,진흥아파트,1,아파트,1,19,2003-06-09,한국부동산원_공동주택 단지 식별정보_기본정보_20250918
28260100009105,2826010800105620002,인천광역시,서구,,가정동,562-2,인천광역시 서구 가정동 562-2,진흥아파트,진흥2,,진흥아파트,1,아파트,3,132,1990-08-30,한국부동산원_공동주택 단지 식별정보_기본정보_20250918
28260100009091,2826010800105630001,인천광역시,서구,,가정동,563-1,인천광역시 서구 가정동 563-1,대진아파트,대진2,,대진아파트,1,아파트,2,94,1990-08-30,한국부동산원_공동주택 단지 식별정보_기본정보_20250918
28260100009104,2826010800105640000,인천광역시,서구,,가정동,564,인천광역시 서구 가정동 564,진흥아파트,진흥1,,진흥아파트,1,아파트,4,192,1990-04-14,한국부동산원_공동주택 단지 식별정보_기본정보_20250918
28260100009090,2826010800105650000,인천광역시,서구,,가정동,565,인천광역시 서구 가정동 565,대진아파트,대진1,,대진아파트,1,아파트,2,78,1990-07-27,한국부동산원_공동주택 단지 식별정보_기본정보_20250918
28260100009101,2826010800105660000,인천광역시,서구,,가정동,566,인천광역시 서구 가정동 566,인향아파트,인향,,인향아파트,1,아파트,4,132,1989-12-09,한국부동산원_공동주택 단지 식별정보_기본정보_20250918
28260100009113,2826010800105670000,인천광역시,서구,,가정동,567,인천광역시 서구 가정동 567,한국아파트,한국,,한국아파트,1,아파트,4,620,1992-12-31,한국부동산원_공동주택 단지 식별정보_기본정보_20250918
28260120394495,2826010800105970001,인천광역시,서구,,가정동,597-1,인천광역시 서구 가정동 597-1,루원더퍼스트,루원더퍼스트,루원더퍼스트,루원더퍼스트,1,아파트,7,616,2019-10-21,한국부동산원_공동주택 단지 식별정보_기본정보_20250918
28260120324150,2826010800105970002,인천광역시,서구,,가정동,597-2,인천광역시 서구 가정동 597-2,루원시티 어울림,루원시티어울림,루원시티 어울림,,1,아파트,13,1243,2015-08-18,한국부동산원_공동주택 단지 식별정보_기본정보_20250918
28260120360692,2826010800106030001,인천광역시,서구,,가정동,603-1,인천광역시 서구 가정동 603-1,루원제일풍경채,루원제일풍경채,루원제일풍경채,루원제일풍경채,1,아파트,9,900,2018-01-29,한국부동산원_공동주택 단지 식별정보_기본정보_20250918
28260120172779,2826010800106040001,인천광역시,서구,,가정동,604-1,인천광역시 서구 가정동 604-1,가정엘에이치3단지,가정엘에이치3단지(국민임대),가정엘에이치3단지,가정엘에이치3단지,1,아파트,17,1525,2012-11-23,한국부동산원_공동주택 단지 식별정보_기본정보_20250918
28260120360110,2826010800106090001,인천광역시,서구,,가정동,609-1,인천광역시 서구 가정동 609-1,루원 호반베르디움 더센트럴,루원호반베르디움더센트럴,루원 호반베르디움 더센트럴,루원 호반베르디움 더센트럴,1,아파트,10,980,2018-01-08,한국부동산원_공동주택 단지 식별정보_기본정보_20250918
28260120362357,2826010800106100001,인천광역시,서구,,가정동,610-1,인천광역시 서구 가정동 610-1,루원시티프라디움,루원시티프라디움,루원시티프라디움,루원시티프라디움,1,아파트,16,1598,2018-03-30,한국부동산원_공동주택 단지 식별정보_기본정보_20250918
28260100009117,2826010800200170009,인천광역시,서구,,가정동,산17-9,인천광역시 서구 가정동 산17-9,현광아파트,현광,,현광아파트,1,아파트,2,144,1989-04-03,한국부동산원_공동주택 단지 식별정보_기본정보_20250918
28260100218947,2826010800200210021,인천광역시,서구,,가정동,산21-21,인천광역시 서구 가정동 산21-21,대우자동차사원아파트,대우,대우자동차사원아파트,대우자동차사원아파트,1,아파트,5,320,1990-07-02,한국부동산원_공동주택 단지 식별정보_기본정보_20250918
28260120446533,2826010800300000000,인천광역시,서구,,가정동,가-,인천광역시 서구 가정동 가-,루원 린스트라우스 더 린시티,루원린스트라우스더린시티,루원 린스트라우스 더 린시티,루원 린스트라우스 더 린시티,1,아파트,5,1412,2023-06-16,한국부동산원_공동주택 단지 식별정보_기본정보_20250918
28260120441292,2826010800300000000,인천광역시,서구,,가정동,가-,인천광역시 서구 가정동 가-,신영 루원지웰시티푸르지오,신영루원지웰시티푸르지오,신영 루원지웰시티푸르지오,,1,아파트,5,778,2022-11-30,한국부동산원_공동주택 단지 식별정보_기본정보_20250918
28260120441539,2826010800300000000,인천광역시,서구,,가정동,가-,인천광역시 서구 가정동 가-,포레나 루원시티,포레나루원시티,포레나 루원시티,포레나 루원시티,1,아파트,14,1128,2022-12-23,한국부동산원_공동주택 단지 식별정보_기본정보_20250918
28260120431756,2826010800300000000,인천광역시,서구,,가정동,가-,인천광역시 서구 가정동 가-,루원시티 SK Leaders' VIEW,루원시티SKLeaders'VIEW,루원시티 SK Leaders' VIEW,루원시티 SK Leaders' VIEW,1,아파트,11,2378,2022-01-12,한국부동산원_공동주택 단지 식별정보_기본정보_20250918
28260120444196,2826010800300000000,인천광역시,서구,,가정동,가-,인천광역시 서구 가정동 가-,루원시티 대성베르힐 더 센트로,루원시티대성베르힐더센트로,루원시티 대성베르힐 더 센트로,루원시티 대성베르힐 더 센트로,1,아파트,6,1059,2023-04-27,한국부동산원_공동주택 단지 식별정보_기본정보_20250918
28260120449760,2826010800300000000,인천광역시,서구,,가정동,가-,인천광역시 서구 가정동 가-,가정2지구3단지,가정2지구3단지,가정2지구3단지,,1,아파트,2,246,2023-12-28,한국부동산원_공동주택 단지 식별정보_기본정보_20250918
28260120442370,2826010800300000000,인천광역시,서구,,가정동,가-,인천광역시 서구 가정동 가-,루원시티 2차 SK Leaders` VIEW,루원시티2차SKLeaders`VIEW,루원시티 2차 SK Leaders` VIEW,,1,아파트,9,1789,2023-01-26,한국부동산원_공동주택 단지 식별정보_기본정보_20250918
28260120441241,2826010900100850003,인천광역시,서구,,신현동,85-3,인천광역시 서구 신현동 85-3,신현 포레스트,신현포레스트,신현 포레스트,신현 포레스트,1,아파트,1,29,2022-12-07,한국부동산원_공동주택 단지 식별정보_기본정보_20250918
28260100009123,2826010900101070004,인천광역시,서구,,신현동,107-4,인천광역시 서구 신현동 107-4,은영아파트,은영,,은영아파트,1,아파트,2,108,1989-10-27,한국부동산원_공동주택 단지 식별정보_기본정보_20250918
28260100009121,2826010900101490037,인천광역시,서구,,신현동,149-37,인천광역시 서구 신현동 149-37,원익아파트,원익(149-37),원익아파트,원익아파트,1,아파트,1,19,1997-04-24,한국부동산원_공동주택 단지 식별정보_기본정보_20250918
28260100009125,2826010900101510003,인천광역시,서구,,신현동,151-3,인천광역시 서구 신현동 151-3,효성아파트,효성,효성아파트,효성아파트,1,아파트,5,452,1991-01-30,한국부동산원_공동주택 단지 식별정보_기본정보_20250918
28260100009120,2826010900101540010,인천광역시,서구,,신현동,154-10,인천광역시 서구 신현동 154-10,원익아파트,원익(154-10),원익아파트,원익아파트,1,아파트,1,19,1997-04-30,한국부동산원_공동주택 단지 식별정보_기본정보_20250918
28260100009119,2826010900101810004,인천광역시,서구,,신현동,181-4,인천광역시 서구 신현동 181-4,동진아파트,동진,,동진아파트,1,아파트,4,240,1989-04-21,한국부동산원_공동주택 단지 식별정보_기본정보_20250918
28260100009122,2826010900102000004,인천광역시,서구,,신현동,200-4,인천광역시 서구 신현동 200-4,원흥아파트,원흥,,원흥아파트,1,아파트,1,183,1991-01-29,한국부동산원_공동주택 단지 식별정보_기본정보_20250918
28260120125353,2826010900103020001,인천광역시,서구,,신현동,302-1,인천광역시 서구 신현동 302-1,루원e-편한세상하늘채아파트,루원e-편한세상하늘채아파트,루원e-편한세상하늘채아파트,루원e-편한세상하늘채아파트,1,아파트,36,3331,2010-02-12,한국부동산원_공동주택 단지 식별정보_기본정보_20250918
28260120292698,2826010900103030000,인천광역시,서구,,신현동,303,인천광역시 서구 신현동 303,금강아미움,금강아미움,금강아미움,금강아미움,1,아파트,1,70,2014-04-30,한국부동산원_공동주택 단지 식별정보_기본정보_20250918
28260120357387,2826010900103040001,인천광역시,서구,,신현동,304-1,인천광역시 서구 신현동 304-1,루원시티 대성베르힐,대성베르힐,루원시티 대성베르힐,루원시티 대성베르힐,1,아파트,12,1147,2017-09-27,한국부동산원_공동주택 단지 식별정보_기본정보_20250918
28260120366062,2826010900103040002,인천광역시,서구,,신현동,304-2,인천광역시 서구 신현동 304-2,루원시티루에블리,루원시티루에블리,루원시티루에블리,루원시티루에블리,1,아파트,6,686,2018-05-15,한국부동산원_공동주택 단지 식별정보_기본정보_20250918
28260120359421,2826010900103060001,인천광역시,서구,,신현동,306-1,인천광역시 서구 신현동 306-1,루원시티센트럴타운,루원시티센트럴타운,루원시티센트럴타운,루원시티센트럴타운,1,아파트,10,743,2017-12-12,한국부동산원_공동주택 단지 식별정보_기본정보_20250918
28260100009152,2826011000101090055,인천광역시,서구,,석남동,109-55,인천광역시 서구 석남동 109-55,태화아파트,태화,,태화아파트,1,아파트,2,299,1990-11-14,한국부동산원_공동주택 단지 식별정보_기본정보_20250918
28260100009137,2826011000101110013,인천광역시,서구,,석남동,111-13,인천광역시 서구 석남동 111-13,동진아파트,동진4,,동진아파트,1,아파트,4,160,1991-12-30,한국부동산원_공동주택 단지 식별정보_기본정보_20250918
28260100218951,2826011000101750059,인천광역시,서구,,석남동,175-59,인천광역시 서구 석남동 175-59,한울 아파트,한울,한울 아파트,한울 아파트,1,아파트,1,18,2002-10-18,한국부동산원_공동주택 단지 식별정보_기본정보_20250918
28260120418468,2826011000101990300,인천광역시,서구,,석남동,199-300,인천광역시 서구 석남동 199-300,바롬채 아파트,바롬채아파트,바롬채 아파트,,1,아파트,1,43,2021-04-13,한국부동산원_공동주택 단지 식별정보_기본정보_20250918
28260100009144,2826011000102060000,인천광역시,서구,,석남동,206,인천광역시 서구 석남동 206,신광아파트 및 상가,신광(206),신광아파트 및 상가,신광아파트 및 상가,1,아파트,1,191,1997-01-10,한국부동산원_공동주택 단지 식별정보_기본정보_20250918
28260100009131,2826011000102080001,인천광역시,서구,,석남동,208-1,인천광역시 서구 석남동 208-1,동남아파트,동남,,동남아파트,1,아파트,4,360,1989-05-30,한국부동산원_공동주택 단지 식별정보_기본정보_20250918
28260100009129,2826011000102090000,인천광역시,서구,,석남동,209,인천광역시 서구 석남동 209,대명아파트,대명,대명아파트,대명아파트,1,아파트,1,184,1998-04-30,한국부동산원_공동주택 단지 식별정보_기본정보_20250918
28260100009154,2826011000104440004,인천광역시,서구,,석남동,444-4,인천광역시 서구 석남동 444-4,황해아파트,황해,,황해아파트,1,아파트,2,90,1983-09-05,한국부동산원_공동주택 단지 식별정보_기본정보_20250918
28260120054547,2826011000104460000,인천광역시,서구,,석남동,446,인천광역시 서구 석남동 446,서인천월드메르디앙,서인천월드메르디앙,서인천월드메르디앙,서인천월드메르디앙,1,아파트,13,778,2006-07-27,한국부동산원_공동주택 단지 식별정보_기본정보_20250918
28260120047891,2826011000104600002,인천광역시,서구,,석남동,460-2,인천광역시 서구 석남동 460-2,남양아파트101,남양101동,남양아파트101,남양아파트101,1,아파트,1,28,2006-04-26,한국부동산원_공동주택 단지 식별정보_기본정보_20250918
28260120047892,2826011000104630000,인천광역시,서구,,석남동,463,인천광역시 서구 석남동 463,남양아파트102,남양102동,남양아파트102,남양아파트102,1,아파트,1,28,2006-04-26,한국부동산원_공동주택 단지 식별정보_기본정보_20250918
28260100009139,2826011000104640001,인천광역시,서구,,석남동,464-1,인천광역시 서구 석남동 464-1,삼산아파트,삼산,삼산아파트,삼산아파트,1,아파트,1,47,2001-04-09,한국부동산원_공동주택 단지 식별정보_기본정보_20250918
28260120009248,2826011000104640003,인천광역시,서구,,석남동,464-3,인천광역시 서구 석남동 464-3,한화수풀림아파트,한화수풀림,한화수풀림아파트,한화수풀림아파트,1,아파트,1,49,2005-09-15,한국부동산원_공동주택 단지 식별정보_기본정보_20250918
28260100009153,2826011000104660001,인천광역시,서구,,석남동,466-1,인천광역시 서구 석남동 466-1,현광아파트,현광,,현광아파트,1,아파트,3,138,1989-10-26,한국부동산원_공동주택 단지 식별정보_기본정보_20250918
28260100009128,2826011000104680003,인천광역시,서구,,석남동,468-3,인천광역시 서구 석남동 468-3,낙원아파트,낙원,낙원아파트,낙원아파트,1,아파트,3,142,1989-11-04,한국부동산원_공동주택 단지 식별정보_기본정보_20250918
28260100009130,2826011000104710002,인천광역시,서구,,석남동,471-2,인천광역시 서구 석남동 471-2,덕산아파트,덕산,,덕산아파트,1,아파트,4,252,1990-05-31,한국부동산원_공동주택 단지 식별정보_기본정보_20250918
28260120054548,2826011000104720000,인천광역시,서구,,석남동,472,인천광역시 서구 석남동 472,나우아파트,나우,나우아파트,나우아파트,1,아파트,1,16,2006-08-17,한국부동산원_공동주택 단지 식별정보_기본정보_20250918
28260100009135,2826011000104720003,인천광역시,서구,,석남동,472-3,인천광역시 서구 석남동 472-3,동진아파트,동진2,동진아파트,동진아파트,1,아파트,1,48,1989-11-24,한국부동산원_공동주택 단지 식별정보_기본정보_20250918
28260100009145,2826011000104850000,인천광역시,서구,,석남동,485,인천광역시 서구 석남동 485,신광아파트,신광(485),,신광아파트,1,아파트,1,134,1995-03-30,한국부동산원_공동주택 단지 식별정보_기본정보_20250918
28260100009146,2826011000104860001,인천광역시,서구,,석남동,486-1,인천광역시 서구 석남동 486-1,신동아아파트,신동아,,신동아아파트,1,아파트,1,190,1996-03-30,한국부동산원_공동주택 단지 식별정보_기본정보_20250918
28260100218953,2826011000104880004,인천광역시,서구,,석남동,488-4,인천광역시 서구 석남동 488-4,궁전아파트,궁전,궁전아파트,궁전아파트,1,아파트,1,11,2003-02-18,한국부동산원_공동주택 단지 식별정보_기본정보_20250918
28260120284957,2826011000104880007,인천광역시,서구,,석남동,488-7,인천광역시 서구 석남동 488-7,해마루아파트,해마루,해마루아파트,해마루아파트,1,아파트,1,36,2014-01-20,한국부동산원_공동주택 단지 식별정보_기본정보_20250918
28260100009156,2826011000104890000,인천광역시,서구,,석남동,489,인천광역시 서구 석남동 489,효정아파트,효정(489),,효정아파트,1,아파트,2,192,1989-10-26,한국부동산원_공동주택 단지 식별정보_기본정보_20250918
28260100009136,2826011000104900000,인천광역시,서구,,석남동,490,인천광역시 서구 석남동 490,동진아파트,동진3,,동진아파트,1,아파트,2,192,1990-01-20,한국부동산원_공동주택 단지 식별정보_기본정보_20250918
28260100218954,2826011000104900006,인천광역시,서구,,석남동,490-6,인천광역시 서구 석남동 490-6,거보플러스아파트,거보플러스,거보플러스아파트,거보플러스아파트,1,아파트,1,23,2003-03-20,한국부동산원_공동주택 단지 식별정보_기본정보_20250918
28260120339496,2826011000104960026,인천광역시,서구,,석남동,496-26,인천광역시 서구 석남동 496-26,하모니캐슬,하모니캐슬,하모니캐슬,하모니캐슬,1,아파트,1,24,2016-07-02,한국부동산원_공동주택 단지 식별정보_기본정보_20250918
28260100448898,2826011000104960032,인천광역시,서구,,석남동,496-32,인천광역시 서구 석남동 496-32,아인아파트,아인,아인아파트,아인아파트,1,아파트,1,12,2004-12-08,한국부동산원_공동주택 단지 식별정보_기본정보_20250918
28260100218955,2826011000104960051,인천광역시,서구,,석남동,496-51,인천광역시 서구 석남동 496-51,금지개아파트,금지개(A동),금지개아파트,금지개아파트,1,아파트,1,10,2003-03-12,한국부동산원_공동주택 단지 식별정보_기본정보_20250918
28260120331773,2826011000104970000,인천광역시,서구,,석남동,497,인천광역시 서구 석남동 497,해드림아파트2차,해드림2차,해드림아파트2차,해드림아파트2차,1,아파트,1,52,2016-01-14,한국부동산원_공동주택 단지 식별정보_기본정보_20250918
28260120332363,2826011000104970001,인천광역시,서구,,석남동,497-1,인천광역시 서구 석남동 497-1,씨엠팰리스,씨엠팰리스,씨엠팰리스,씨엠팰리스,1,아파트,1,42,2016-01-29,한국부동산원_공동주택 단지 식별정보_기본정보_20250918
28260120316476,2826011000104970017,인천광역시,서구,,석남동,497-17,인천광역시 서구 석남동 497-17,해드림,해드림,해드림,,1,아파트,1,52,2015-04-27,한국부동산원_공동주택 단지 식별정보_기본정보_20250918
28260120153817,2826011000104980000,인천광역시,서구,,석남동,498,인천광역시 서구 석남동 498,트윈팰리스,트윈팰리스102동,트윈팰리스,트윈팰리스,1,아파트,1,28,2012-04-16,한국부동산원_공동주택 단지 식별정보_기본정보_20250918
28260120149555,2826011000104980001,인천광역시,서구,,석남동,498-1,인천광역시 서구 석남동 498-1,트윈팰리스,트윈팰리스101동,트윈팰리스,트윈팰리스,1,아파트,1,24,2012-01-04,한국부동산원_공동주택 단지 식별정보_기본정보_20250918
28260120381196,2826011000104980003,인천광역시,서구,,석남동,498-3,인천광역시 서구 석남동 498-3,DREAM TWO,DREAMTWO,DREAM TWO,DREAM TWO,1,아파트,1,65,2018-11-14,한국부동산원_공동주택 단지 식별정보_기본정보_20250918
28260100009151,2826011000104990000,인천광역시,서구,,석남동,499,인천광역시 서구 석남동 499,태산아파트,태산,태산아파트,태산아파트,1,아파트,1,144,1989-04-19,한국부동산원_공동주택 단지 식별정보_기본정보_20250918
28260100009150,2826011000105010000,인천광역시,서구,,석남동,501,인천광역시 서구 석남동 501,중앙아파트,중앙2,,중앙아파트,1,아파트,2,80,1985-11-29,한국부동산원_공동주택 단지 식별정보_기본정보_20250918
28260120374890,2826011000105010001,인천광역시,서구,,석남동,501-1,인천광역시 서구 석남동 501-1,대원아파트,대원,대원아파트,대원아파트,1,아파트,1,52,2018-09-10,한국부동산원_공동주택 단지 식별정보_기본정보_20250918
28260100009141,2826011000105020006,인천광역시,서구,,석남동,502-6,인천광역시 서구 석남동 502-6,석남아파트,석남1,석남아파트,석남아파트,1,아파트,1,30,1983-04-09,한국부동산원_공동주택 단지 식별정보_기본정보_20250918
28260100009149,2826011000105030000,인천광역시,서구,,석남동,503,인천광역시 서구 석남동 503,중앙아파트,중앙1,중앙아파트,중앙아파트,1,아파트,1,35,1984-12-24,한국부동산원_공동주택 단지 식별정보_기본정보_20250918
28260120118048,2826011000105040003,인천광역시,서구,,석남동,504-3,인천광역시 서구 석남동 504-3,파랑새,파랑새,,,1,아파트,1,19,2009-01-06,한국부동산원_공동주택 단지 식별정보_기본정보_20250918
28260120120201,2826011000105040008,인천광역시,서구,,석남동,504-8,인천광역시 서구 석남동 504-8,에메랄드,에메랄드,에메랄드,에메랄드,1,아파트,1,24,2008-12-15,한국부동산원_공동주택 단지 식별정보_기본정보_20250918
28260120123461,2826011000105040009,인천광역시,서구,,석남동,504-9,인천광역시 서구 석남동 504-9,미리내,미리내,,,1,아파트,1,21,2009-08-31,한국부동산원_공동주택 단지 식별정보_기본정보_20250918
28260120348876,2826011000105070002,인천광역시,서구,,석남동,507-2,인천광역시 서구 석남동 507-2,제니스16차,제니스16차,제니스16차,,1,아파트,1,36,2017-03-17,한국부동산원_공동주택 단지 식별정보_기본정보_20250918
28260120351137,2826011000105070007,인천광역시,서구,,석남동,507-7,인천광역시 서구 석남동 507-7,광덕아파트,광덕,광덕아파트,광덕아파트,1,아파트,1,54,2017-05-16,한국부동산원_공동주택 단지 식별정보_기본정보_20250918
28260120326854,2826011000105070022,인천광역시,서구,,석남동,507-22,인천광역시 서구 석남동 507-22,제니스14차,제니스14차,,,1,아파트,1,15,2015-10-27,한국부동산원_공동주택 단지 식별정보_기본정보_20250918
28260120332961,2826011000105080004,인천광역시,서구,,석남동,508-4,인천광역시 서구 석남동 508-4,DH씨밀레,DH씨밀레,DH씨밀레,DH씨밀레,1,아파트,1,36,2016-03-04,한국부동산원_공동주택 단지 식별정보_기본정보_20250918
28260120132142,2826011000105130005,인천광역시,서구,,석남동,513-5,인천광역시 서구 석남동 513-5,석남동 513-5 공동주택 (조한준),대준,석남동 513-5 공동주택 (조한준),,1,아파트,1,11,2010-10-28,한국부동산원_공동주택 단지 식별정보_기본정보_20250918
28260120355860,2826011000105130007,인천광역시,서구,,석남동,513-7,인천광역시 서구 석남동 513-7,전원아파트,전원,전원아파트,전원아파트,1,아파트,1,33,2017-08-11,한국부동산원_공동주택 단지 식별정보_기본정보_20250918
28260100009143,2826011000105140001,인천광역시,서구,,석남동,514-1,인천광역시 서구 석남동 514-1,수정아파트,수정,,수정아파트,1,아파트,2,144,1989-04-14,한국부동산원_공동주택 단지 식별정보_기본정보_20250918
28260100009127,2826011000105160003,인천광역시,서구,,석남동,516-3,인천광역시 서구 석남동 516-3,금성아파트,금성,금성아파트,금성아파트,1,아파트,1,30,1984-05-09,한국부동산원_공동주택 단지 식별정보_기본정보_20250918
28260120127080,2826011000105160005,인천광역시,서구,,석남동,516-5,인천광역시 서구 석남동 516-5,아내트,아내트,,,1,아파트,1,18,2010-04-13,한국부동산원_공동주택 단지 식별정보_기본정보_20250918
28260120080319,2826011000105170000,인천광역시,서구,,석남동,517,인천광역시 서구 석남동 517,knp 상상빌리지,상상플러스,knp 상상빌리지,knp 상상빌리지,1,아파트,4,116,2007-06-22,한국부동산원_공동주택 단지 식별정보_기본정보_20250918
28260120341796,2826011000105170002,인천광역시,서구,,석남동,517-2,인천광역시 서구 석남동 517-2,(517-2),(517-2),,,1,아파트,1,16,2016-09-12,한국부동산원_공동주택 단지 식별정보_기본정보_20250918
28260120009250,2826011000105170003,인천광역시,서구,,석남동,517-3,인천광역시 서구 석남동 517-3,수피래,수피래,,,1,아파트,1,36,2005-12-09,한국부동산원_공동주택 단지 식별정보_기본정보_20250918
28260120343803,2826011000105200011,인천광역시,서구,,석남동,520-11,인천광역시 서구 석남동 520-11,제니스15차,제니스15차,제니스15차,제니스15차,1,아파트,1,44,2016-10-31,한국부동산원_공동주택 단지 식별정보_기본정보_20250918
28260100218957,2826011000105210004,인천광역시,서구,,석남동,521-4,인천광역시 서구 석남동 521-4,(주)경인양행사원,(주)경인양행사원,,,1,아파트,1,35,1989-10-14,한국부동산원_공동주택 단지 식별정보_기본정보_20250918
28260100052435,2826011000105220003,인천광역시,서구,,석남동,522-3,인천광역시 서구 석남동 522-3,보광네오센스아파트,보광네오센스,보광네오센스아파트,보광네오센스아파트,1,아파트,1,100,2003-05-27,한국부동산원_공동주택 단지 식별정보_기본정보_20250918
28260100218959,2826011000105230002,인천광역시,서구,,석남동,523-2,인천광역시 서구 석남동 523-2,이화아파트,이화골드타운,이화아파트,이화아파트,1,아파트,1,24,2002-06-27,한국부동산원_공동주택 단지 식별정보_기본정보_20250918
28260120113540,2826011000105270025,인천광역시,서구,,석남동,527-25,인천광역시 서구 석남동 527-25,인천석남금호어울림,인천석남동어울림2차,인천석남금호어울림,인천석남금호어울림,1,아파트,1,91,2008-11-26,한국부동산원_공동주택 단지 식별정보_기본정보_20250918
28260120089851,2826011000105320000,인천광역시,서구,,석남동,532,인천광역시 서구 석남동 532,인천 석남 금호어울림,금호어울림,인천 석남 금호어울림,인천 석남 금호어울림,1,아파트,13,769,2007-11-30,한국부동산원_공동주택 단지 식별정보_기본정보_20250918
28260120449406,2826011000105380013,인천광역시,서구,,석남동,538-13,인천광역시 서구 석남동 538-13,다솜팰리스,다솜팰리스,다솜팰리스,,1,아파트,1,16,2023-06-22,한국부동산원_공동주택 단지 식별정보_기본정보_20250918
28260100009142,2826011000105440001,인천광역시,서구,,석남동,544-1,인천광역시 서구 석남동 544-1,석남아파트,석남2,,석남아파트,1,아파트,1,30,1983-04-09,한국부동산원_공동주택 단지 식별정보_기본정보_20250918
28260100009155,2826011000105520018,인천광역시,서구,,석남동,552-18,인천광역시 서구 석남동 552-18,효성아파트,효성,효성아파트,효성아파트,1,아파트,1,50,1985-05-10,한국부동산원_공동주택 단지 식별정보_기본정보_20250918
28260100009126,2826011000105590000,인천광역시,서구,,석남동,559,인천광역시 서구 석남동 559,경인아파트,경인,,경인아파트,1,아파트,5,150,1984-07-03,한국부동산원_공동주택 단지 식별정보_기본정보_20250918
28260120101423,2826011000105600018,인천광역시,서구,,석남동,560-18,인천광역시 서구 석남동 560-18,서보,서보,,,1,아파트,1,32,2008-06-27,한국부동산원_공동주택 단지 식별정보_기본정보_20250918
28260100009134,2826011000105740004,인천광역시,서구,,석남동,574-4,인천광역시 서구 석남동 574-4,동진아파트,동진,,동진아파트,1,아파트,3,60,1983-12-20,한국부동산원_공동주택 단지 식별정보_기본정보_20250918
28260100009132,2826011000105790002,인천광역시,서구,,석남동,579-2,인천광역시 서구 석남동 579-2,동아아파트,동아,,동아아파트,1,아파트,4,110,1984-11-26,한국부동산원_공동주택 단지 식별정보_기본정보_20250918
28260120059729,2826011000105880000,인천광역시,서구,,석남동,588,인천광역시 서구 석남동 588,우림필유,우림필유,우림필유,우림필유,1,아파트,4,288,2006-09-13,한국부동산원_공동주택 단지 식별정보_기본정보_20250918
28260100053654,2826011000105880014,인천광역시,서구,,석남동,588-14,인천광역시 서구 석남동 588-14,효정아파트,효정,,효정아파트,1,아파트,4,130,1987-05-21,한국부동산원_공동주택 단지 식별정보_기본정보_20250918
28260120059858,2826011000105930000,인천광역시,서구,,석남동,593,인천광역시 서구 석남동 593,석남동 경남아너스빌,석남동경남아너스빌,석남동 경남아너스빌,석남동 경남아너스빌,1,아파트,6,471,2006-11-01,한국부동산원_공동주택 단지 식별정보_기본정보_20250918
28260100009157,2826011200100020019,인천광역시,서구,,가좌동,2-19,인천광역시 서구 가좌동 2-19,공작아파트,공작,,공작아파트,1,아파트,2,156,1990-04-28,한국부동산원_공동주택 단지 식별정보_기본정보_20250918
28260120092127,2826011200100070000,인천광역시,서구,,가좌동,7,인천광역시 서구 가좌동 7,가좌 한신휴플러스,한신휴플러스,가좌 한신휴플러스,가좌 한신휴플러스,1,아파트,35,2276,2007-10-25,한국부동산원_공동주택 단지 식별정보_기본정보_20250918
28260100009183,2826011200100300002,인천광역시,서구,,가좌동,30-2,인천광역시 서구 가좌동 30-2,진주아파트,진주2,,진주아파트,1,아파트,7,644,1984-08-13,한국부동산원_공동주택 단지 식별정보_기본정보_20250918
28260100009182,2826011200100300002,인천광역시,서구,,가좌동,30-2,인천광역시 서구 가좌동 30-2,진주아파트,진주1,,진주아파트,1,아파트,3,686,1981-10-12,한국부동산원_공동주택 단지 식별정보_기본정보_20250918
28260100009184,2826011200100300086,인천광역시,서구,,가좌동,30-86,인천광역시 서구 가좌동 30-86,진주아파트,진주3,,진주아파트,1,아파트,6,798,1989-11-25,한국부동산원_공동주택 단지 식별정보_기본정보_20250918
28260100009199,2826011200100300089,인천광역시,서구,,가좌동,30-89,인천광역시 서구 가좌동 30-89,효정아파트,효정,,효정아파트,1,아파트,2,170,1988-11-25,한국부동산원_공동주택 단지 식별정보_기본정보_20250918
28260100009185,2826011200100300100,인천광역시,서구,,가좌동,30-100,인천광역시 서구 가좌동 30-100,진주아파트,진주4,,진주아파트,1,아파트,4,302,1991-01-28,한국부동산원_공동주택 단지 식별정보_기본정보_20250918
28260100009186,2826011200100300102,인천광역시,서구,,가좌동,30-102,인천광역시 서구 가좌동 30-102,진주아파트,진주5,,진주아파트,1,아파트,3,268,1991-07-20,한국부동산원_공동주택 단지 식별정보_기본정보_20250918
28260100009197,2826011200100810022,인천광역시,서구,,가좌동,81-22,인천광역시 서구 가좌동 81-22,현대아파트,현대,,현대아파트,1,아파트,6,460,1985-06-20,한국부동산원_공동주택 단지 식별정보_기본정보_20250918
28260100009163,2826011200100810059,인천광역시,서구,,가좌동,81-59,인천광역시 서구 가좌동 81-59,범양아파트,범양파크,범양아파트,범양아파트,1,아파트,6,510,1990-08-30,한국부동산원_공동주택 단지 식별정보_기본정보_20250918
28260100009173,2826011200101070000,인천광역시,서구,,가좌동,107,인천광역시 서구 가좌동 107,쌍마아파트,쌍마,쌍마아파트,쌍마아파트,1,아파트,3,160,1986-05-23,한국부동산원_공동주택 단지 식별정보_기본정보_20250918
28260100009160,2826011200101210014,인천광역시,서구,,가좌동,121-14,인천광역시 서구 가좌동 121-14,동진아파트,동진,,동진아파트,1,아파트,2,132,1989-04-01,한국부동산원_공동주택 단지 식별정보_기본정보_20250918
28260100009189,2826011200101220000,인천광역시,서구,,가좌동,122,인천광역시 서구 가좌동 122,태화아파트,태화,,태화아파트,1,아파트,5,235,1986-05-27,한국부동산원_공동주택 단지 식별정보_기본정보_20250918
28260100009198,2826011200101220002,인천광역시,서구,,가좌동,122-2,인천광역시 서구 가좌동 122-2,현대아파트,현대3,현대아파트,현대아파트,1,아파트,1,263,1998-11-20,한국부동산원_공동주택 단지 식별정보_기본정보_20250918
28260100009169,2826011200101390002,인천광역시,서구,,가좌동,139-2,인천광역시 서구 가좌동 139-2,신명아파트,신명2,,신명아파트,1,아파트,5,228,1990-12-01,한국부동산원_공동주택 단지 식별정보_기본정보_20250918
28260100009164,2826011200101400000,인천광역시,서구,,가좌동,140,인천광역시 서구 가좌동 140,삼영아파트,삼영,,삼영아파트,1,아파트,5,190,1985-03-04,한국부동산원_공동주택 단지 식별정보_기본정보_20250918
28260120072720,2826011200101430062,인천광역시,서구,,가좌동,143-62,인천광역시 서구 가좌동 143-62,지구미가로,지구미가로,지구미가로,지구미가로,1,아파트,1,52,2007-08-06,한국부동산원_공동주택 단지 식별정보_기본정보_20250918
28260120054549,2826011200101440030,인천광역시,서구,,가좌동,144-30,인천광역시 서구 가좌동 144-30,한화미리움아파트,한화미리움,한화미리움아파트,한화미리움아파트,1,아파트,1,47,2006-08-17,한국부동산원_공동주택 단지 식별정보_기본정보_20250918
28260100009168,2826011200101480003,인천광역시,서구,,가좌동,148-3,인천광역시 서구 가좌동 148-3,신명아파트,신명1,,신명아파트,1,아파트,2,192,1990-10-11,한국부동산원_공동주택 단지 식별정보_기본정보_20250918
28260112129010,2826011200101570014,인천광역시,서구,,가좌동,157-14,인천광역시 서구 가좌동 157-14,유진아파트,유진A동,,유진아파트,1,아파트,1,60,1985-02-08,한국부동산원_공동주택 단지 식별정보_기본정보_20250918
28260100009176,2826011200101580003,인천광역시,서구,,가좌동,158-3,인천광역시 서구 가좌동 158-3,유진아파트,유진B동,,유진아파트,1,아파트,2,70,1985-02-08,한국부동산원_공동주택 단지 식별정보_기본정보_20250918
28260100009158,2826011200101580012,인천광역시,서구,,가좌동,158-12,인천광역시 서구 가좌동 158-12,덕산아파트,덕산,,덕산아파트,1,아파트,2,120,1982-02-27,한국부동산원_공동주택 단지 식별정보_기본정보_20250918
28260100009174,2826011200101710003,인천광역시,서구,,가좌동,171-3,인천광역시 서구 가좌동 171-3,아주아파트,아주,,아주아파트,1,아파트,2,96,1984-05-19,한국부동산원_공동주택 단지 식별정보_기본정보_20250918
28260100608599,2826011200101890004,인천광역시,서구,,가좌동,189-4,인천광역시 서구 가좌동 189-4,시온아파트,시온,시온아파트,시온아파트,1,아파트,1,18,1990-10-25,한국부동산원_공동주택 단지 식별정보_기본정보_20250918
28260100009167,2826011200101920007,인천광역시,서구,,가좌동,192-7,인천광역시 서구 가좌동 192-7,세우아파트,세우,,세우아파트,1,아파트,5,180,1984-06-27,한국부동산원_공동주택 단지 식별정보_기본정보_20250918
28260100009196,2826011200101920066,인천광역시,서구,,가좌동,192-66,인천광역시 서구 가좌동 192-66,현광아파트,현광,현광아파트,현광아파트,1,아파트,1,50,1986-06-10,한국부동산원_공동주택 단지 식별정보_기본정보_20250918
28260100009171,2826011200101930001,인천광역시,서구,,가좌동,193-1,인천광역시 서구 가좌동 193-1,인향아파트,신인향,,인향아파트,1,아파트,3,132,1990-06-23,한국부동산원_공동주택 단지 식별정보_기본정보_20250918
28260100009178,2826011200101990002,인천광역시,서구,,가좌동,199-2,인천광역시 서구 가좌동 199-2,인향아파트,인향,,인향아파트,1,아파트,2,99,1989-05-23,한국부동산원_공동주택 단지 식별정보_기본정보_20250918
28260100009195,2826011200102060007,인천광역시,서구,,가좌동,206-7,인천광역시 서구 가좌동 206-7,한일아파트,한일,,한일아파트,1,아파트,2,60,1985-09-02,한국부동산원_공동주택 단지 식별정보_기본정보_20250918
28260100009159,2826011200102070000,인천광역시,서구,,가좌동,207,인천광역시 서구 가좌동 207,동남아파트,동남,,동남아파트,1,아파트,4,160,1986-06-20,한국부동산원_공동주택 단지 식별정보_기본정보_20250918
28260100009175,2826011200102070001,인천광역시,서구,,가좌동,207-1,인천광역시 서구 가좌동 207-1,영남아파트,영남,,영남아파트,1,아파트,5,195,1985-07-02,한국부동산원_공동주택 단지 식별정보_기본정보_20250918
28260100009187,2826011200102100006,인천광역시,서구,,가좌동,210-6,인천광역시 서구 가좌동 210-6,진흥아파트,진흥,진흥아파트,진흥아파트,1,아파트,6,275,1986-10-21,한국부동산원_공동주택 단지 식별정보_기본정보_20250918
28260100009190,2826011200102140000,인천광역시,서구,,가좌동,214,인천광역시 서구 가좌동 214,풍림아파트,풍림,풍림아파트,풍림아파트,1,아파트,3,358,1996-09-25,한국부동산원_공동주택 단지 식별정보_기본정보_20250918
28260100009179,2826011200102150000,인천광역시,서구,,가좌동,215,인천광역시 서구 가좌동 215,정아아파트,정아,정아아파트,정아아파트,1,아파트,1,30,1984-09-07,한국부동산원_공동주택 단지 식별정보_기본정보_20250918
28260100009172,2826011200102170000,인천광역시,서구,,가좌동,217,인천광역시 서구 가좌동 217,신현대아파트,신현대,,신현대아파트,1,아파트,1,343,1995-04-01,한국부동산원_공동주택 단지 식별정보_기본정보_20250918
28260100009191,2826011200102240002,인천광역시,서구,,가좌동,224-2,인천광역시 서구 가좌동 224-2,하나아파트,하나,,하나아파트,1,아파트,5,300,1984-08-13,한국부동산원_공동주택 단지 식별정보_기본정보_20250918
28260100218965,2826011200102360023,인천광역시,서구,,가좌동,236-23,인천광역시 서구 가좌동 236-23,가좌동 대미안,대미안,가좌동 대미안,가좌동 대미안,1,아파트,1,19,2002-08-29,한국부동산원_공동주택 단지 식별정보_기본정보_20250918
28260100009165,2826011200102600001,인천광역시,서구,,가좌동,260-1,인천광역시 서구 가좌동 260-1,상아아파트,상아,,상아아파트,1,아파트,4,150,1985-09-27,한국부동산원_공동주택 단지 식별정보_기본정보_20250918
28260100009193,2826011200102610002,인천광역시,서구,,가좌동,261-2,인천광역시 서구 가좌동 261-2,한샘아파트,한샘,,한샘아파트,1,아파트,4,160,1983-12-19,한국부동산원_공동주택 단지 식별정보_기본정보_20250918
28260100009170,2826011200102620001,인천광역시,서구,,가좌동,262-1,인천광역시 서구 가좌동 262-1,신영아파트,신영,,신영아파트,1,아파트,3,155,1984-11-08,한국부동산원_공동주택 단지 식별정보_기본정보_20250918
28260100009177,2826011200102720001,인천광역시,서구,,가좌동,272-1,인천광역시 서구 가좌동 272-1,이화아파트,이화,이화아파트,이화아파트,1,아파트,1,40,1984-10-23,한국부동산원_공동주택 단지 식별정보_기본정보_20250918
28260120106271,2826011200103290005,인천광역시,서구,,가좌동,329-5,인천광역시 서구 가좌동 329-5,라일실크빌,라일실크빌,,,1,아파트,1,101,2008-10-31,한국부동산원_공동주택 단지 식별정보_기본정보_20250918
28260100448899,2826011200104070000,인천광역시,서구,,가좌동,407,인천광역시 서구 가좌동 407,유영아파트,유영아파트,유영아파트,유영아파트,1,아파트,2,200,2004-12-22,한국부동산원_공동주택 단지 식별정보_기본정보_20250918
28260120371501,2826011200106110000,인천광역시,서구,,가좌동,611,인천광역시 서구 가좌동 611,인천가좌 두산위브 트레지움,"인천가좌두산위브트레지움1,2단지",인천가좌 두산위브 트레지움,인천가좌 두산위브 트레지움,1,아파트,16,1757,2017-12-08,한국부동산원_공동주택 단지 식별정보_기본정보_20250918
28260120362779,2826011200106180000,인천광역시,서구,,가좌동,618,인천광역시 서구 가좌동 618,두현예뜰채아파트,두현예뜰채아파트,두현예뜰채아파트,두현예뜰채아파트,1,아파트,1,61,2017-12-01,한국부동산원_공동주택 단지 식별정보_기본정보_20250918
28260120450152,2826011200106270000,인천광역시,서구,,가좌동,627,인천광역시 서구 가좌동 627,가재울역 트루엘 에코시티,가재울역트루엘에코시티,가재울역 트루엘 에코시티,,1,아파트,10,1218,2024-01-26,한국부동산원_공동주택 단지 식별정보_기본정보_20250918
28260100009216,2826011300108920000,인천광역시,서구,,마전동,892,인천광역시 서구 마전동 892,하나아파트,하나,하나아파트,하나아파트,1,아파트,5,477,2001-08-27,한국부동산원_공동주택 단지 식별정보_기본정보_20250918
28260100009209,2826011300109160000,인천광역시,서구,,마전동,916,인천광역시 서구 마전동 916,목화아파트,목화,,목화아파트,1,아파트,4,300,1990-08-03,한국부동산원_공동주택 단지 식별정보_기본정보_20250918
28260100009217,2826011300109170001,인천광역시,서구,,마전동,917-1,인천광역시 서구 마전동 917-1,한일아파트,한일,한일아파트,한일아파트,1,아파트,4,252,1991-10-01,한국부동산원_공동주택 단지 식별정보_기본정보_20250918
28260100009214,2826011300109170002,인천광역시,서구,,마전동,917-2,인천광역시 서구 마전동 917-2,은혜아파트 1동,은혜,,은혜아파트 1동,1,아파트,2,96,1991-12-04,한국부동산원_공동주택 단지 식별정보_기본정보_20250918
28260100009215,2826011300109200000,인천광역시,서구,,마전동,920,인천광역시 서구 마전동 920,장미아파트,장미,,장미아파트,1,아파트,6,260,1990-10-24,한국부동산원_공동주택 단지 식별정보_기본정보_20250918
28260100009207,2826011300109220002,인천광역시,서구,,마전동,922-2,인천광역시 서구 마전동 922-2,동남아파트,동남,동남아파트,동남아파트,1,아파트,2,111,1999-11-12,한국부동산원_공동주택 단지 식별정보_기본정보_20250918
28260100009210,2826011300109250000,인천광역시,서구,,마전동,925,인천광역시 서구 마전동 925,서해아파트,서해,,서해아파트,1,아파트,8,464,1992-12-26,한국부동산원_공동주택 단지 식별정보_기본정보_20250918
28260100009212,2826011300109270005,인천광역시,서구,,마전동,927-5,인천광역시 서구 마전동 927-5,영진아파트,영진,영진아파트,영진아파트,1,아파트,3,299,1999-07-23,한국부동산원_공동주택 단지 식별정보_기본정보_20250918
28260120093917,2826011300109280017,인천광역시,서구,,마전동,928-17,인천광역시 서구 마전동 928-17,이지 미래지향 아파트,이지미래지향,이지 미래지향 아파트,이지 미래지향 아파트,1,아파트,3,128,2008-04-18,한국부동산원_공동주택 단지 식별정보_기본정보_20250918
28260120129041,2826011300109280033,인천광역시,서구,,마전동,928-33,인천광역시 서구 마전동 928-33,이지2차미래지향아파트 2단지,이지2차미래지향2단지,이지2차미래지향아파트 2단지,이지2차미래지향아파트 2단지,1,아파트,2,78,2009-11-05,한국부동산원_공동주택 단지 식별정보_기본정보_20250918
28260120129035,2826011300109290002,인천광역시,서구,,마전동,929-2,인천광역시 서구 마전동 929-2,이지2차미래지향아파트 1단지,이지2차미래지향아파트1단지,이지2차미래지향아파트 1단지,이지2차미래지향아파트 1단지,1,아파트,1,79,2009-11-05,한국부동산원_공동주택 단지 식별정보_기본정보_20250918
28260100051024,2826011300109320001,인천광역시,서구,,마전동,932-1,인천광역시 서구 마전동 932-1,이지프라자,이지프라자,이지프라자,이지프라자,1,아파트,1,89,2003-06-13,한국부동산원_공동주택 단지 식별정보_기본정보_20250918
28260100009213,2826011300109870009,인천광역시,서구,,마전동,987-9,인천광역시 서구 마전동 987-9,유호아파트 A단지 1동,"유호A단지(A1,A2동)",,유호아파트 A단지 1동,1,아파트,2,50,1992-02-26,한국부동산원_공동주택 단지 식별정보_기본정보_20250918
28260120171578,2826011300109870011,인천광역시,서구,,마전동,987-11,인천광역시 서구 마전동 987-11,유호아파트 B단지 2동,"유호B단지(B1,B2동)",유호아파트 B단지 2동,유호아파트 B단지 1동,1,아파트,2,95,1992-02-26,한국부동산원_공동주택 단지 식별정보_기본정보_20250918
28260120171576,2826011300109950001,인천광역시,서구,,마전동,995-1,인천광역시 서구 마전동 995-1,유호아파트 C단지,유호C단지,유호아파트 C단지,유호아파트 C단지,1,아파트,1,40,1992-02-26,한국부동산원_공동주택 단지 식별정보_기본정보_20250918
28260120171577,2826011300109950003,인천광역시,서구,,마전동,995-3,인천광역시 서구 마전동 995-3,유호아파트 D단지 1동,"유호D단지(D1,D2동)",,유호아파트 D단지 1동,1,아파트,2,70,1992-02-26,한국부동산원_공동주택 단지 식별정보_기본정보_20250918
28260120129039,2826011300109970001,인천광역시,서구,,마전동,997-1,인천광역시 서구 마전동 997-1,인천검단힐스테이트2차,검단힐스테이트2차,인천검단힐스테이트2차,인천검단힐스테이트2차,1,아파트,9,309,2010-03-25,한국부동산원_공동주택 단지 식별정보_기본정보_20250918
28260120067941,2826011300109970003,인천광역시,서구,,마전동,997-3,인천광역시 서구 마전동 997-3,검단 힐스테이트,검단힐스테이트,검단 힐스테이트,검단 힐스테이트,1,아파트,9,465,2007-01-23,한국부동산원_공동주택 단지 식별정보_기본정보_20250918
28260120067940,2826011300109980001,인천광역시,서구,,마전동,998-1,인천광역시 서구 마전동 998-1,검단아이파크,검단아이파크,검단아이파크,검단아이파크,1,아파트,10,573,2007-01-23,한국부동산원_공동주택 단지 식별정보_기본정보_20250918
28260120129524,2826011300109990001,인천광역시,서구,,마전동,999-1,인천광역시 서구 마전동 999-1,검단2차I'PARK,검단2차아이파크,검단2차I'PARK,검단2차I'PARK,1,아파트,7,409,2010-05-19,한국부동산원_공동주택 단지 식별정보_기본정보_20250918
28260100009211,2826011300109990005,인천광역시,서구,,마전동,999-5,인천광역시 서구 마전동 999-5,영남탑스빌아파트,영남탑스빌,영남탑스빌아파트,영남탑스빌아파트,1,아파트,19,1042,2000-04-12,한국부동산원_공동주택 단지 식별정보_기본정보_20250918
28260120067942,2826011300109990008,인천광역시,서구,,마전동,999-8,인천광역시 서구 마전동 999-8,검단 우림필유,검단우림필유,검단 우림필유,검단 우림필유,1,아파트,9,429,2007-01-30,한국부동산원_공동주택 단지 식별정보_기본정보_20250918
28260100210610,2826011300109990018,인천광역시,서구,,마전동,999-18,인천광역시 서구 마전동 999-18,검단2차풍림아이원아파트,검단2차풍림아이원,검단2차풍림아이원아파트,검단2차풍림아이원아파트,1,아파트,3,174,2005-02-28,한국부동산원_공동주택 단지 식별정보_기본정보_20250918
28260120373766,2826011300110020002,인천광역시,서구,,마전동,1002-2,인천광역시 서구 마전동 1002-2,마전 예뜰채,마전예뜰채,마전 예뜰채,마전 예뜰채,1,아파트,1,115,2018-07-16,한국부동산원_공동주택 단지 식별정보_기본정보_20250918
28260100009208,2826011300110030001,인천광역시,서구,,마전동,1003-1,인천광역시 서구 마전동 1003-1,동아아파트,동아,동아아파트,동아아파트,1,아파트,17,1351,1999-01-14,한국부동산원_공동주택 단지 식별정보_기본정보_20250918
28260100009218,2826011300110040000,인천광역시,서구,,마전동,1004,인천광역시 서구 마전동 1004,현대아파트,현대,현대아파트,현대아파트,1,아파트,3,417,1998-05-30,한국부동산원_공동주택 단지 식별정보_기본정보_20250918
28260120067943,2826011300110290002,인천광역시,서구,,마전동,1029-2,인천광역시 서구 마전동 1029-2,검단1차피오레,검단1차대주피오레,검단1차피오레,검단1차 피오레,1,아파트,16,917,2007-01-30,한국부동산원_공동주택 단지 식별정보_기본정보_20250918
28260100218982,2826011300110300001,인천광역시,서구,,마전동,1030-1,인천광역시 서구 마전동 1030-1,검단금호어울림아파트,검단금호어울림,검단금호어울림아파트,검단금호어울림아파트,1,아파트,6,236,2004-06-15,한국부동산원_공동주택 단지 식별정보_기본정보_20250918
28260100218983,2826011300110530001,인천광역시,서구,,마전동,1053-1,인천광역시 서구 마전동 1053-1,당하2차풍림아이원아파트,당하2차풍림아이원,당하2차풍림아이원아파트,당하2차풍림아이원아파트,1,아파트,5,400,2004-10-08,한국부동산원_공동주택 단지 식별정보_기본정보_20250918
28260120166105,2826011300110550001,인천광역시,서구,,마전동,1055-1,인천광역시 서구 마전동 1055-1,당하3차풍림아이원아파트,당하3차풍림아이원,당하3차풍림아이원아파트,당하3차풍림아이원아파트,1,아파트,8,579,2004-10-15,한국부동산원_공동주택 단지 식별정보_기본정보_20250918
28260120372781,2826011300111230001,인천광역시,서구,,마전동,1123-1,인천광역시 서구 마전동 1123-1,검단2차우방아이유쉘,검단2차우방아이유쉘,검단2차우방아이유쉘,검단2차우방아이유쉘,1,아파트,5,380,2018-06-29,한국부동산원_공동주택 단지 식별정보_기본정보_20250918
28260120067938,2826011300111250006,인천광역시,서구,,마전동,1125-6,인천광역시 서구 마전동 1125-6,마전4차 풍림아이원,마전4차풍림아이원,마전4차 풍림아이원,경비실,1,아파트,5,216,2007-01-30,한국부동산원_공동주택 단지 식별정보_기본정보_20250918
28260120432979,2826011300111310001,인천광역시,서구,,마전동,1131-1,인천광역시 서구 마전동 1131-1,검단 양우내안애 퍼스트힐,검단양우내안애퍼스트힐,검단 양우내안애 퍼스트힐,,1,아파트,7,545,2022-02-20,한국부동산원_공동주택 단지 식별정보_기본정보_20250918
28260100073978,2826011300111360000,인천광역시,서구,,마전동,1136,인천광역시 서구 마전동 1136,인천마전 대주파크빌 아파트,인천마전대주파크빌,인천마전 대주파크빌 아파트,경비실,1,아파트,5,346,2005-02-03,한국부동산원_공동주택 단지 식별정보_기본정보_20250918
28260100218981,2826011300111470001,인천광역시,서구,,마전동,1147-1,인천광역시 서구 마전동 1147-1,마전1차풍림아이원아파트,마전1차풍림아이원아파트,마전1차풍림아이원아파트,관리소,1,아파트,4,286,2004-07-30,한국부동산원_공동주택 단지 식별정보_기본정보_20250918
28260120073493,2826011300111480001,인천광역시,서구,,마전동,1148-1,인천광역시 서구 마전동 1148-1,마전 금호어울림,마전금호어울림,마전 금호어울림,마전금호어울림아파트,1,아파트,3,163,2007-09-19,한국부동산원_공동주택 단지 식별정보_기본정보_20250918
28260100218980,2826011300111480003,인천광역시,서구,,마전동,1148-3,인천광역시 서구 마전동 1148-3,대원 레스피아 1차,대원레스피아1차,대원 레스피아 1차,대원레스피아1차아파트,1,아파트,5,423,2004-10-21,한국부동산원_공동주택 단지 식별정보_기본정보_20250918
28260120043450,2826011300111500000,인천광역시,서구,,마전동,1150,인천광역시 서구 마전동 1150,마전3차풍림아이원아파트,마전3차풍림아이원,마전3차풍림아이원아파트,마전3차풍림아이원아파트,1,아파트,5,309,2005-07-12,한국부동산원_공동주택 단지 식별정보_기본정보_20250918
28260100073983,2826011300111510000,인천광역시,서구,,마전동,1151,인천광역시 서구 마전동 1151,마전2차풍림아이원아파트,마전2차풍림아이원,마전2차풍림아이원아파트,마전2차풍림아이원아파트,1,아파트,1,109,2005-01-29,한국부동산원_공동주택 단지 식별정보_기본정보_20250918
28260100218979,2826011300111510001,인천광역시,서구,,마전동,1151-1,인천광역시 서구 마전동 1151-1,대원 레스피아 2차,대원레스피아2차,대원 레스피아 2차,관리사무소,1,아파트,4,311,2004-11-25,한국부동산원_공동주택 단지 식별정보_기본정보_20250918
28260120450118,2826011400102230001,인천광역시,서구,,당하동,223-1,인천광역시 서구 당하동 223-1,e편한세상 검단 어반센트로,e편한세상검단어반센트로,e편한세상 검단 어반센트로,,1,아파트,13,822,2024-02-07,한국부동산원_공동주택 단지 식별정보_기본정보_20250918
28260100009205,2826011400108200001,인천광역시,서구,,당하동,820-1,인천광역시 서구 당하동 820-1,태평아파트,태평,태평아파트,태평아파트,1,아파트,6,528,1999-06-14,한국부동산원_공동주택 단지 식별정보_기본정보_20250918
28260100009204,2826011400108950001,인천광역시,서구,,당하동,895-1,인천광역시 서구 당하동 895-1,"영남,신대진,성웅아파트","탑스빌(영남,신대진,성웅)아파트","영남,신대진,성웅아파트",당하탑스빌,1,아파트,20,1368,1998-03-20,한국부동산원_공동주택 단지 식별정보_기본정보_20250918
28260100218991,2826011400110270003,인천광역시,서구,,당하동,1027-3,인천광역시 서구 당하동 1027-3,동문굿모닝힐,원당동문굿모닝힐,동문굿모닝힐,동문굿모닝힐,1,아파트,7,434,2004-12-01,한국부동산원_공동주택 단지 식별정보_기본정보_20250918
28260100218992,2826011400110270015,인천광역시,서구,,당하동,1027-15,인천광역시 서구 당하동 1027-15,신안실크벨리아파트,신안실크벨리,신안실크벨리아파트,신안실크벨리아파트,1,아파트,15,936,2004-12-10,한국부동산원_공동주택 단지 식별정보_기본정보_20250918
28260100218993,2826011400110310000,인천광역시,서구,,당하동,1031,인천광역시 서구 당하동 1031,풍림아이원아파트,원당풍림아이원,풍림아이원아파트,풍림아이원아파트,1,아파트,25,1739,2004-09-30,한국부동산원_공동주택 단지 식별정보_기본정보_20250918
28260100218994,2826011400110370003,인천광역시,서구,,당하동,1037-3,인천광역시 서구 당하동 1037-3,금호어울림1차아파트,금호어울림1차,금호어울림1차아파트,금호어울림1차아파트,1,아파트,6,341,2004-03-26,한국부동산원_공동주택 단지 식별정보_기본정보_20250918
28260120357343,2826011400110670001,인천광역시,서구,,당하동,1067-1,인천광역시 서구 당하동 1067-1,검단 SK VIEW,검단SKVIEW,검단 SK VIEW,검단 SK VIEW,1,아파트,8,530,2017-09-28,한국부동산원_공동주택 단지 식별정보_기본정보_20250918
28260120172656,2826011400110750009,인천광역시,서구,,당하동,1075-9,인천광역시 서구 당하동 1075-9,인천 검단 힐스테이트 5차,검단힐스테이트5차,인천 검단 힐스테이트 5차,인천 검단 힐스테이트 5차,1,아파트,6,412,2013-02-22,한국부동산원_공동주택 단지 식별정보_기본정보_20250918
28260120297657,2826011400110770006,인천광역시,서구,,당하동,1077-6,인천광역시 서구 당하동 1077-6,경원 하이뷰,경원하이뷰,경원 하이뷰,경원 하이뷰,1,아파트,1,44,2014-08-29,한국부동산원_공동주택 단지 식별정보_기본정보_20250918
28260120277792,2826011400110800001,인천광역시,서구,,당하동,1080-1,인천광역시 서구 당하동 1080-1,검단힐스테이트6차,검단힐스테이트6차,검단힐스테이트6차,검단힐스테이트6차,1,아파트,9,454,2013-11-19,한국부동산원_공동주택 단지 식별정보_기본정보_20250918
28260120150534,2826011400110900001,인천광역시,서구,,당하동,1090-1,인천광역시 서구 당하동 1090-1,검단힐스테이트4차,검단힐스테이트4차,검단힐스테이트4차,검단힐스테이트4차,1,아파트,10,588,2012-02-24,한국부동산원_공동주택 단지 식별정보_기본정보_20250918
28260120157630,2826011400110920008,인천광역시,서구,,당하동,1092-8,인천광역시 서구 당하동 1092-8,동인스카이빌,동인스카이빌,,,1,아파트,1,112,2012-04-26,한국부동산원_공동주택 단지 식별정보_기본정보_20250918
28260120047894,2826011400110980001,인천광역시,서구,,당하동,1098-1,인천광역시 서구 당하동 1098-1,인천당하 대주파크빌,대주파크빌,인천당하 대주파크빌,인천당하 대주파크빌,1,아파트,4,276,2006-01-27,한국부동산원_공동주택 단지 식별정보_기본정보_20250918
28260100073979,2826011400110990002,인천광역시,서구,,당하동,1099-2,인천광역시 서구 당하동 1099-2,당하푸르지오,당하푸르지오,당하푸르지오,당하푸르지오,1,아파트,11,719,2005-01-27,한국부동산원_공동주택 단지 식별정보_기본정보_20250918
28260100218985,2826011400110990003,인천광역시,서구,,당하동,1099-3,인천광역시 서구 당하동 1099-3,풍림아이원아파트,당하풍림아이원1차,풍림아이원아파트,풍림아이원아파트,1,아파트,5,442,2004-04-09,한국부동산원_공동주택 단지 식별정보_기본정보_20250918
28260100448901,2826011400111130001,인천광역시,서구,,당하동,1113-1,인천광역시 서구 당하동 1113-1,당하KCC스위첸,당하KCC스위첸,당하KCC스위첸,당하KCC스위첸,1,아파트,16,1015,2005-04-28,한국부동산원_공동주택 단지 식별정보_기본정보_20250918
28260120450491,2826011400112350000,인천광역시,서구,,당하동,1235,인천광역시 서구 당하동 1235,아라역 금강펜테리움 더 시글로 1차,아라역금강펜테리움더시글로1차,아라역 금강펜테리움 더 시글로 1차,,1,아파트,3,447,2024-01-30,한국부동산원_공동주택 단지 식별정보_기본정보_20250918
28260120428873,2826011400112540001,인천광역시,서구,,당하동,1254-1,인천광역시 서구 당하동 1254-1,검단신도시 한신더휴 캐널파크( THE HUE CANAL PARK ),검단신도시한신더휴캐널파크(THEHUECANALPARK),검단신도시 한신더휴 캐널파크( THE HUE CANAL PARK ),,1,아파트,9,936,2021-09-06,한국부동산원_공동주택 단지 식별정보_기본정보_20250918
28260120428400,2826011400112720002,인천광역시,서구,,당하동,1272-2,인천광역시 서구 당하동 1272-2,검단신도시 유승한내들에듀파크,검단신도시유승한내들에듀파크,검단신도시 유승한내들에듀파크,,1,아파트,10,938,2021-08-27,한국부동산원_공동주택 단지 식별정보_기본정보_20250918
28260120441521,2826011400112720004,인천광역시,서구,,당하동,1272-4,인천광역시 서구 당하동 1272-4,인천검단 엘에이치 13단지,인천검단엘에이치13단지,인천검단 엘에이치 13단지,인천검단 엘에이치 13단지,1,아파트,6,1000,2022-11-18,한국부동산원_공동주택 단지 식별정보_기본정보_20250918
28260120443579,2826011400112740000,인천광역시,서구,,당하동,1274,인천광역시 서구 당하동 1274,검단 한신더휴 어반파크,검단한신더휴어반파크,검단 한신더휴 어반파크,,1,아파트,8,910,2023-02-28,한국부동산원_공동주택 단지 식별정보_기본정보_20250918
28260120438123,2826011400112760002,인천광역시,서구,,당하동,1276-2,인천광역시 서구 당하동 1276-2,파라곤 센트럴파크,파라곤센트럴파크,파라곤 센트럴파크,파라곤 센트럴파크,1,아파트,12,1122,2022-06-29,한국부동산원_공동주택 단지 식별정보_기본정보_20250918
28260120447122,2826011400113050001,인천광역시,서구,,당하동,1305-1,인천광역시 서구 당하동 1305-1,우미린 파크뷰 1단지,우미린파크뷰1단지,우미린 파크뷰 1단지,,1,아파트,4,370,2023-07-31,한국부동산원_공동주택 단지 식별정보_기본정보_20250918
28260120447123,2826011400113110001,인천광역시,서구,,당하동,1311-1,인천광역시 서구 당하동 1311-1,우미린 파크뷰 2단지,우미린파크뷰2단지,우미린 파크뷰 2단지,,1,아파트,8,810,2023-07-31,한국부동산원_공동주택 단지 식별정보_기본정보_20250918
28260120438531,2826011400113140000,인천광역시,서구,,당하동,1314,인천광역시 서구 당하동 1314,검단 신안인스빌 어반퍼스트,검단신안인스빌어반퍼스트,검단 신안인스빌 어반퍼스트,검단 신안인스빌 어반퍼스트,1,아파트,12,1073,2022-07-28,한국부동산원_공동주택 단지 식별정보_기본정보_20250918
28260120435721,2826011400113140002,인천광역시,서구,,당하동,1314-2,인천광역시 서구 당하동 1314-2,호반써밋 프라임뷰,호반써밋프라임뷰,호반써밋 프라임뷰,호반써밋 프라임뷰,1,아파트,8,719,2022-05-02,한국부동산원_공동주택 단지 식별정보_기본정보_20250918
28260120448198,2826011400113160001,인천광역시,서구,,당하동,1316-1,인천광역시 서구 당하동 1316-1,예미지 더 시그너스,예미지더시그너스,예미지 더 시그너스,,1,아파트,10,1172,2023-10-13,한국부동산원_공동주택 단지 식별정보_기본정보_20250918
28260120440374,2826011400113160002,인천광역시,서구,,당하동,1316-2,인천광역시 서구 당하동 1316-2,검단신도시 대성베르힐 라 프리미어,검단신도시대성베르힐라프리미어,검단신도시 대성베르힐 라 프리미어,검단신도시 대성베르힐 라 프리미어,1,아파트,10,745,2022-11-02,한국부동산원_공동주택 단지 식별정보_기본정보_20250918
28260120432253,2826011400113180006,인천광역시,서구,,당하동,1318-6,인천광역시 서구 당하동 1318-6,검단신도시 디에트르 더 펠리체,검단신도시디에트르더펠리체,검단신도시 디에트르 더 펠리체,,1,아파트,15,1279,2022-01-28,한국부동산원_공동주택 단지 식별정보_기본정보_20250918
28260120438710,2826011400113180008,인천광역시,서구,,당하동,1318-8,인천광역시 서구 당하동 1318-8,검단신도시 모아미래도 엘리트파크,검단신도시모아미래도엘리트파크,검단신도시 모아미래도 엘리트파크,검단신도시 모아미래도 엘리트파크,1,아파트,7,658,2022-08-19,한국부동산원_공동주택 단지 식별정보_기본정보_20250918
28260120449453,2826011400113270001,인천광역시,서구,,당하동,1327-1,인천광역시 서구 당하동 1327-1,인천검단 엘에이치36단지,인천검단엘에이치36단지,인천검단 엘에이치36단지,인천검단 엘에이치36단지,1,아파트,16,1746,2023-06-16,한국부동산원_공동주택 단지 식별정보_기본정보_20250918
28260100218986,2826011500105670000,인천광역시,서구,,원당동,567,인천광역시 서구 원당동 567,대한항공아파트,대한항공,대한항공아파트,대한항공아파트,1,아파트,11,687,1998-07-03,한국부동산원_공동주택 단지 식별정보_기본정보_20250918
28260100218989,2826011500108230001,인천광역시,서구,,원당동,823-1,인천광역시 서구 원당동 823-1,엘지원당자이아파트,원당LG자이(원당지구69BL1L),엘지원당자이아파트,엘지원당자이아파트,1,아파트,12,938,2004-06-28,한국부동산원_공동주택 단지 식별정보_기본정보_20250918
28260100218990,2826011500108520001,인천광역시,서구,,원당동,852-1,인천광역시 서구 원당동 852-1,원당e-편한세상,대림e편한세상(원당지구78BL1L),원당e-편한세상,원당e-편한세상,1,아파트,7,449,2004-08-30,한국부동산원_공동주택 단지 식별정보_기본정보_20250918
28260100073981,2826011500108540003,인천광역시,서구,,원당동,854-3,인천광역시 서구 원당동 854-3,원당2차금호어울림,금호어울림2차(원당지구80BL3L),원당2차금호어울림,원당2차금호어울림,1,아파트,3,269,2005-01-29,한국부동산원_공동주택 단지 식별정보_기본정보_20250918
28260120436925,2826011500109870000,인천광역시,서구,,원당동,987,인천광역시 서구 원당동 987,검단신도시 로제비앙 라포레,검단신도시로제비앙라포레,검단신도시 로제비앙 라포레,검단신도시 로제비앙 라포레,1,아파트,9,735,2022-05-30,한국부동산원_공동주택 단지 식별정보_기본정보_20250918
28260120439877,2826011500109870001,인천광역시,서구,,원당동,987-1,인천광역시 서구 원당동 987-1,검단신도시 디에트르 더힐,검단신도시디에트르더힐,검단신도시 디에트르 더힐,,1,아파트,21,1417,2022-09-29,한국부동산원_공동주택 단지 식별정보_기본정보_20250918
28260120438295,2826011500110140000,인천광역시,서구,,원당동,1014,인천광역시 서구 원당동 1014,검단신도시 예미지 트리플에듀,검단신도시예미지트리플에듀,검단신도시 예미지 트리플에듀,검단신도시 예미지 트리플에듀,1,아파트,14,1249,2022-06-30,한국부동산원_공동주택 단지 식별정보_기본정보_20250918
28260120428465,2826011500110180000,인천광역시,서구,,원당동,1018,인천광역시 서구 원당동 1018,검단신도시푸르지오 더베뉴,검단신도시푸르지오더베뉴,검단신도시푸르지오 더베뉴,,1,아파트,16,1540,2021-08-31,한국부동산원_공동주택 단지 식별정보_기본정보_20250918
28260120436580,2826011500110200001,인천광역시,서구,,원당동,1020-1,인천광역시 서구 원당동 1020-1,검단신도시 파라곤보타닉파크,검단신도시파라곤보타닉파크,검단신도시 파라곤보타닉파크,,1,아파트,10,887,2022-05-27,한국부동산원_공동주택 단지 식별정보_기본정보_20250918
28260120423607,2826011500110220000,인천광역시,서구,,원당동,1022,인천광역시 서구 원당동 1022,호반써밋 1차,호반써밋1차,호반써밋 1차,호반써밋 1차,1,아파트,14,1168,2021-06-03,한국부동산원_공동주택 단지 식별정보_기본정보_20250918
28260120432214,2826011500110220001,인천광역시,서구,,원당동,1022-1,인천광역시 서구 원당동 1022-1,우미린 더 시그니처,우미린더시그니처,우미린 더 시그니처,우미린 더 시그니처,1,아파트,13,1268,2022-01-24,한국부동산원_공동주택 단지 식별정보_기본정보_20250918
28260120423636,2826011500110240000,인천광역시,서구,,원당동,1024,인천광역시 서구 원당동 1024,검단 금호어울림 센트럴,검단금호어울림센트럴,검단 금호어울림 센트럴,검단 금호어울림 센트럴,1,아파트,13,1452,2021-06-04,한국부동산원_공동주택 단지 식별정보_기본정보_20250918
28260120450598,2826011500110260000,인천광역시,서구,,원당동,1026,인천광역시 서구 원당동 1026,인천검단 26단지,인천검단26단지,인천검단 26단지,,1,아파트,6,1152,2024-04-16,한국부동산원_공동주택 단지 식별정보_기본정보_20250918
28260120442265,2826011500110630000,인천광역시,서구,,원당동,1063,인천광역시 서구 원당동 1063,검단신도시 모아엘가 그랑데,검단신도시모아엘가그랑데,검단신도시 모아엘가 그랑데,,1,아파트,5,510,2023-01-16,한국부동산원_공동주택 단지 식별정보_기본정보_20250918
28260120440270,2826011500110650002,인천광역시,서구,,원당동,1065-2,인천광역시 서구 원당동 1065-2,우미린 더 헤리티지,우미린더헤리티지,우미린 더 헤리티지,우미린 더 헤리티지,1,아파트,4,437,2022-10-27,한국부동산원_공동주택 단지 식별정보_기본정보_20250918
28260120447191,2826011500110820003,인천광역시,서구,,원당동,1082-3,인천광역시 서구 원당동 1082-3,우미린 리버포레,우미린리버포레,우미린 리버포레,우미린 리버포레,1,아파트,8,765,2023-08-04,한국부동산원_공동주택 단지 식별정보_기본정보_20250918
28260120440271,2826011500110840001,인천광역시,서구,,원당동,1084-1,인천광역시 서구 원당동 1084-1,검단신도시 대방디에트르 리버파크,검단신도시대방디에트르리버파크,검단신도시 대방디에트르 리버파크,검단신도시 대방디에트르 리버파크,1,아파트,7,722,2022-10-31,한국부동산원_공동주택 단지 식별정보_기본정보_20250918
28260120427977,2826011500110940000,인천광역시,서구,,원당동,1094,인천광역시 서구 원당동 1094,인천검단 엘에이치 20단지,인천검단엘에이치20단지,인천검단 엘에이치 20단지,인천검단 엘에이치 20단지,1,아파트,7,1942,2021-07-29,한국부동산원_공동주택 단지 식별정보_기본정보_20250918
28260120072730,2826011700107200003,인천광역시,서구,,대곡동,720-3,인천광역시 서구 대곡동 720-3,삼라마이다스,삼라마이다스,삼라마이다스,삼라마이다스,1,아파트,1,117,2007-06-04,한국부동산원_공동주택 단지 식별정보_기본정보_20250918
28260100009200,2826011800107220002,인천광역시,서구,,금곡동,722-2,인천광역시 서구 금곡동 722-2,동남아파트,동남,동남아파트,동남아파트,1,아파트,4,370,1999-11-15,한국부동산원_공동주택 단지 식별정보_기본정보_20250918
28260100009201,2826011800107250007,인천광역시,서구,,금곡동,725-7,인천광역시 서구 금곡동 725-7,하나아파트,하나,하나아파트,하나아파트,1,아파트,6,299,1999-07-22,한국부동산원_공동주택 단지 식별정보_기본정보_20250918
28260120356358,2826011800107360001,인천광역시,서구,,금곡동,736-1,인천광역시 서구 금곡동 736-1,검단우방아이유쉘,검단우방아이유쉘,검단우방아이유쉘,검단우방아이유쉘,1,아파트,8,555,2017-08-29,한국부동산원_공동주택 단지 식별정보_기본정보_20250918
28260120136039,2826011900117190001,인천광역시,서구,,오류동,1719-1,인천광역시 서구 오류동 1719-1,검단오류 풍림아이원,오류풍림아이원,검단오류 풍림아이원,검단오류 풍림아이원,1,아파트,3,207,2011-03-29,한국부동산원_공동주택 단지 식별정보_기본정보_20250918
28260120133501,2826011900117190002,인천광역시,서구,,오류동,1719-2,인천광역시 서구 오류동 1719-2,인천검단 힐스테이트3차 1단지,검단힐스테이트3차1단지,인천검단 힐스테이트3차 1단지,인천검단 힐스테이트3차 1단지,1,아파트,5,348,2010-12-03,한국부동산원_공동주택 단지 식별정보_기본정보_20250918
28260120133562,2826011900117210001,인천광역시,서구,,오류동,1721-1,인천광역시 서구 오류동 1721-1,인천검단 힐스테이트3차 2단지,검단힐스테이트3차2단지,인천검단 힐스테이트3차 2단지,,1,아파트,4,303,2010-12-03,한국부동산원_공동주택 단지 식별정보_기본정보_20250918
28260120418292,2826011900117220001,인천광역시,서구,,오류동,1722-1,인천광역시 서구 오류동 1722-1,검단 오류역 우방아이유쉘,검단오류역우방아이유쉘,검단 오류역 우방아이유쉘,,1,아파트,6,420,2021-04-05,한국부동산원_공동주택 단지 식별정보_기본정보_20250918
28260120452884,2826012000101330003,인천광역시,서구,,왕길동,133-3,인천광역시 서구 왕길동 133-3,왕길역 로열파크씨티 푸르지오,왕길역로열파크씨티푸르지오,왕길역 로열파크씨티 푸르지오,,1,아파트,15,1500,2024-09-30,한국부동산원_공동주택 단지 식별정보_기본정보_20250918
28260100009227,2826012000102730005,인천광역시,서구,,왕길동,273-5,인천광역시 서구 왕길동 273-5,원흥아파트,원흥,,원흥아파트,1,아파트,6,354,1993-07-10,한국부동산원_공동주택 단지 식별정보_기본정보_20250918
28260100009228,2826012000102950001,인천광역시,서구,,왕길동,295-1,인천광역시 서구 왕길동 295-1,유승아파트,유승,유승아파트,유승아파트,1,아파트,5,608,2000-04-21,한국부동산원_공동주택 단지 식별정보_기본정보_20250918
28260100219017,2826012000106330001,인천광역시,서구,,왕길동,633-1,인천광역시 서구 왕길동 633-1,마전주공아파트,주공,마전주공아파트,마전주공아파트,1,아파트,5,621,2004-03-23,한국부동산원_공동주택 단지 식별정보_기본정보_20250918
28260120047895,2826012000106330002,인천광역시,서구,,왕길동,633-2,인천광역시 서구 왕길동 633-2,동남 디아망,동남디아망,동남 디아망,동남 디아망,1,아파트,6,308,2006-05-02,한국부동산원_공동주택 단지 식별정보_기본정보_20250918
28260100219018,2826012000106340001,인천광역시,서구,,왕길동,634-1,인천광역시 서구 왕길동 634-1,신명스카이뷰드림,신명스카이뷰드림,신명스카이뷰드림,신명스카이뷰드림,1,아파트,6,390,2004-12-01,한국부동산원_공동주택 단지 식별정보_기본정보_20250918
28260100219019,2826012000106490001,인천광역시,서구,,왕길동,649-1,인천광역시 서구 왕길동 649-1,검단풍림아이원아파트,검단풍림아이원,검단풍림아이원아파트,검단풍림아이원아파트,1,아파트,4,318,2004-10-01,한국부동산원_공동주택 단지 식별정보_기본정보_20250918
28260120154013,2826012000106600003,인천광역시,서구,,왕길동,660-3,인천광역시 서구 왕길동 660-3,드림오피스텔(검단2지구65BL3L),드림오피스텔(검단2지구65BL3L),,,1,아파트,1,50,2012-04-13,한국부동산원_공동주택 단지 식별정보_기본정보_20250918
28260120125933,2826012000106610001,인천광역시,서구,,왕길동,661-1,인천광역시 서구 왕길동 661-1,검단e-편한세상,대림e-편한세상(검단2지구66BL1L),검단e-편한세상,검단e-편한세상 아파트,1,아파트,19,1003,2007-06-04,한국부동산원_공동주택 단지 식별정보_기본정보_20250918
28260120134282,2826012000106920001,인천광역시,서구,,왕길동,692-1,인천광역시 서구 왕길동 692-1,검단자이1단지,검단자이1단지,검단자이1단지,검단자이1단지,1,아파트,6,418,2010-12-28,한국부동산원_공동주택 단지 식별정보_기본정보_20250918
28260120134295,2826012000106960001,인천광역시,서구,,왕길동,696-1,인천광역시 서구 왕길동 696-1,검단자이2단지,검단자이2단지,검단자이2단지,검단자이2단지,1,아파트,7,413,2010-12-28,한국부동산원_공동주택 단지 식별정보_기본정보_20250918
28260120133563,2826012000106960002,인천광역시,서구,,왕길동,696-2,인천광역시 서구 왕길동 696-2,드림파크어울림 2단지,드림파크어울림2단지,드림파크어울림 2단지,드림파크어울림 2단지,1,아파트,4,203,2010-12-03,한국부동산원_공동주택 단지 식별정보_기본정보_20250918
28260120133536,2826012000106970001,인천광역시,서구,,왕길동,697-1,인천광역시 서구 왕길동 697-1,드림파크어울림 1단지,드림파크어울림1단지,드림파크어울림 1단지,드림파크어울림 1단지,1,아파트,12,731,2010-12-03,한국부동산원_공동주택 단지 식별정보_기본정보_20250918
28260120093920,2826012100101780000,인천광역시,서구,,불로동,178,인천광역시 서구 불로동 178,불로동 한일타운아파트,불노동한일타운아파트,불로동 한일타운아파트,불로동 한일타운아파트,1,아파트,2,138,2008-04-25,한국부동산원_공동주택 단지 식별정보_기본정보_20250918
28260100009219,2826012100101790000,인천광역시,서구,,불로동,179,인천광역시 서구 불로동 179,동부아파트,동부,동부아파트,동부아파트,1,아파트,8,534,1999-11-25,한국부동산원_공동주택 단지 식별정보_기본정보_20250918
28260120070682,2826012100101850040,인천광역시,서구,,불로동,185-40,인천광역시 서구 불로동 185-40,신명스카이뷰아파트,신명스카이뷰,신명스카이뷰아파트,신명스카이뷰아파트,1,아파트,2,120,2007-04-20,한국부동산원_공동주택 단지 식별정보_기본정보_20250918
28260100009223,2826012100103080000,인천광역시,서구,,불로동,308,인천광역시 서구 불로동 308,월드아파트,월드,월드아파트,월드아파트,1,아파트,23,1699,1998-05-15,한국부동산원_공동주택 단지 식별정보_기본정보_20250918
28260100009226,2826012100103120002,인천광역시,서구,,불로동,312-2,인천광역시 서구 불로동 312-2,퀸스타운 신명아파트,퀸스타운(신명),퀸스타운 신명아파트,퀸스타운신명아파트,1,아파트,7,614,1998-11-30,한국부동산원_공동주택 단지 식별정보_기본정보_20250918
28260100009225,2826012100103160001,인천광역시,서구,,불로동,316-1,인천광역시 서구 불로동 316-1,퀸스타운동성아파트,퀸스타운(동성),퀸스타운동성아파트,퀸스타운동성아파트,1,아파트,7,635,1999-07-21,한국부동산원_공동주택 단지 식별정보_기본정보_20250918
28260100009224,2826012100103720000,인천광역시,서구,,불로동,372,인천광역시 서구 불로동 372,퀸스타운길훈아파트,퀸스타운(길훈),퀸스타운길훈아파트,퀸스타운길훈아파트,1,아파트,7,628,1999-06-17,한국부동산원_공동주택 단지 식별정보_기본정보_20250918
28260100009222,2826012100107680007,인천광역시,서구,,불로동,768-7,인천광역시 서구 불로동 768-7,연진아파트 101동,연진,,연진아파트 101동,1,아파트,3,84,1991-08-01,한국부동산원_공동주택 단지 식별정보_기본정보_20250918
28260100009221,2826012100107750009,인천광역시,서구,,불로동,775-9,인천광역시 서구 불로동 775-9,백두퀸스빌,백두퀸스빌,백두퀸스빌,백두퀸스빌,1,아파트,1,19,2001-02-09,한국부동산원_공동주택 단지 식별정보_기본정보_20250918
28260100009220,2826012100107760001,인천광역시,서구,,불로동,776-1,인천광역시 서구 불로동 776-1,백두아파트,백두,백두아파트,백두아파트,1,아파트,1,175,1995-12-22,한국부동산원_공동주택 단지 식별정보_기본정보_20250918
28260120086037,2826012100107920001,인천광역시,서구,,불로동,792-1,인천광역시 서구 불로동 792-1,삼보해피하임,삼보해피하임1단지(불로지구34BL1L),삼보해피하임,삼보해피하임,1,아파트,6,384,2007-11-21,한국부동산원_공동주택 단지 식별정보_기본정보_20250918
28260120086038,2826012100107930001,인천광역시,서구,,불로동,793-1,인천광역시 서구 불로동 793-1,삼보해피하임,삼보해피하임2단지(불로지구51BL1L),삼보해피하임,,1,아파트,8,482,2007-11-21,한국부동산원_공동주택 단지 식별정보_기본정보_20250918
28260120067944,2826012100107980001,인천광역시,서구,,불로동,798-1,인천광역시 서구 불로동 798-1,불로 금호어울림,불로금호어울림(불로지구39BL),불로 금호어울림,불로동금호어울림아파트,1,아파트,6,412,2007-02-15,한국부동산원_공동주택 단지 식별정보_기본정보_20250918
28260120432639,2826012100108030001,인천광역시,서구,,불로동,803-1,인천광역시 서구 불로동 803-1,검단 대광로제비앙 센트럴포레,검단대광로제비앙센트럴포레,검단 대광로제비앙 센트럴포레,검단 대광로제비앙 센트럴포레,1,아파트,6,556,2022-02-22,한국부동산원_공동주택 단지 식별정보_기본정보_20250918
28260100448902,2826012100108060000,인천광역시,서구,,불로동,806,인천광역시 서구 불로동 806,불로e-편한세상,불로e-편한세상,불로e-편한세상,불로e-편한세상,1,아파트,8,545,2005-06-13,한국부동산원_공동주택 단지 식별정보_기본정보_20250918
28260120453775,2826012100108640000,인천광역시,서구,,불로동,864,인천광역시 서구 불로동 864,힐스테이트 검단포레스트,힐스테이트검단포레스트,힐스테이트 검단포레스트,,1,아파트,8,736,2024-12-20,한국부동산원_공동주택 단지 식별정보_기본정보_20250918
28260120453486,2826012100300000000,인천광역시,서구,,불로동,가-,인천광역시 서구 불로동 가-,신검단중앙역 풍경채 어바니티,신검단중앙역풍경채어바니티,신검단중앙역 풍경채 어바니티,,1,아파트,15,1425,2024-11-28,한국부동산원_공동주택 단지 식별정보_기본정보_20250918
28260120361203,2826012200100820001,인천광역시,서구,,청라동,82-1,인천광역시 서구 청라동 82-1,청라모아미래도,청라모아미래도,청라모아미래도,청라모아미래도,1,아파트,5,418,2018-02-22,한국부동산원_공동주택 단지 식별정보_기본정보_20250918
28260120382517,2826012200100830001,인천광역시,서구,,청라동,83-1,인천광역시 서구 청라동 83-1,청라국제 업무단지 센텀 대광로제비앙,청라국제업무단지센텀대광로제비앙,청라국제 업무단지 센텀 대광로제비앙,청라국제 업무단지 센텀 대광로제비앙,1,아파트,7,674,2018-12-18,한국부동산원_공동주택 단지 식별정보_기본정보_20250918
28260120427341,2826012200100840006,인천광역시,서구,,청라동,84-6,인천광역시 서구 청라동 84-6,인천청라국제도시 A-3블럭 호반베르디움,인천청라국제도시호반베르디움6차(A-3블럭),인천청라국제도시 A-3블럭 호반베르디움,,1,아파트,4,210,2021-06-30,한국부동산원_공동주택 단지 식별정보_기본정보_20250918
28260120427703,2826012200100840007,인천광역시,서구,,청라동,84-7,인천광역시 서구 청라동 84-7,인천청라시티프라디움,인천청라시티프라디움,인천청라시티프라디움,인천청라시티프라디움,1,아파트,6,270,2021-07-23,한국부동산원_공동주택 단지 식별정보_기본정보_20250918
28260120383795,2826012200100850001,인천광역시,서구,,청라동,85-1,인천광역시 서구 청라동 85-1,청라국제금융단지한양수자인레이크블루,청라국제금융단지한양수자인레이크블루,청라국제금융단지한양수자인레이크블루,청라국제금융단지한양수자인레이크블루,1,아파트,14,1534,2019-01-30,한국부동산원_공동주택 단지 식별정보_기본정보_20250918
28260120146957,2826012200101020002,인천광역시,서구,,청라동,102-2,인천광역시 서구 청라동 102-2,청라한양수자인,청라한양수자인,청라한양수자인,청라한양수자인,1,아파트,6,566,2011-12-28,한국부동산원_공동주택 단지 식별정보_기본정보_20250918
28260120162441,2826012200101020003,인천광역시,서구,,청라동,102-3,인천광역시 서구 청라동 102-3,청라 동양엔파트,청라동양엔파트,청라 동양엔파트,청라 동양엔파트,1,아파트,6,564,2012-07-31,한국부동산원_공동주택 단지 식별정보_기본정보_20250918
28260120163298,2826012200101020010,인천광역시,서구,,청라동,102-10,인천광역시 서구 청라동 102-10,청라 디 이스트,청라디이스트,청라 디 이스트,청라 디 이스트,1,아파트,7,734,2012-08-14,한국부동산원_공동주택 단지 식별정보_기본정보_20250918
28260120162513,2826012200101020016,인천광역시,서구,,청라동,102-16,인천광역시 서구 청라동 102-16,청라반도유보라2.0,청라반도유보라2.0,청라반도유보라2.0,청라반도유보라2.0,1,아파트,7,754,2012-08-03,한국부동산원_공동주택 단지 식별정보_기본정보_20250918
28260120150629,2826012200101030002,인천광역시,서구,,청라동,103-2,인천광역시 서구 청라동 103-2,청라골드클래스,청라골드클래스,청라골드클래스,청라골드클래스,1,아파트,3,192,2012-02-23,한국부동산원_공동주택 단지 식별정보_기본정보_20250918
28260120145391,2826012200101030006,인천광역시,서구,,청라동,103-6,인천광역시 서구 청라동 103-6,청라우미린,청라우미린,청라우미린,청라우미린,1,아파트,3,200,2011-10-27,한국부동산원_공동주택 단지 식별정보_기본정보_20250918
28260120410567,2826012200101030015,인천광역시,서구,,청라동,103-15,인천광역시 서구 청라동 103-15,청라 호수공원 한신더휴,청라호수공원한신더휴,청라 호수공원 한신더휴,청라 호수공원 한신더휴,1,아파트,10,898,2020-06-01,한국부동산원_공동주택 단지 식별정보_기본정보_20250918
28260120147032,2826012200101030016,인천광역시,서구,,청라동,103-16,인천광역시 서구 청라동 103-16,청라 SK VIEW,청라SKVIEW,청라 SK VIEW,청라 SK VIEW,1,아파트,9,879,2011-12-28,한국부동산원_공동주택 단지 식별정보_기본정보_20250918
28260120145386,2826012200101030026,인천광역시,서구,,청라동,103-26,인천광역시 서구 청라동 103-26,청라반도유보라,청라반도유보라,청라반도유보라,청라반도유보라,1,아파트,4,174,2011-10-21,한국부동산원_공동주택 단지 식별정보_기본정보_20250918
28260120152518,2826012200101030027,인천광역시,서구,,청라동,103-27,인천광역시 서구 청라동 103-27,청라 힐스테이트,청라힐스테이트,청라 힐스테이트,청라 힐스테이트,1,아파트,4,224,2012-03-16,한국부동산원_공동주택 단지 식별정보_기본정보_20250918
28260120145291,2826012200101070001,인천광역시,서구,,청라동,107-1,인천광역시 서구 청라동 107-1,청라 한라비발디,청라한라비발디,청라 한라비발디,청라 한라비발디,1,아파트,12,992,2011-10-19,한국부동산원_공동주택 단지 식별정보_기본정보_20250918
28260120154010,2826012200101150001,인천광역시,서구,,청라동,115-1,인천광역시 서구 청라동 115-1,청라제일풍경채,청라제일풍경채,청라제일풍경채,청라제일풍경채,1,아파트,14,1071,2012-04-24,한국부동산원_공동주택 단지 식별정보_기본정보_20250918
28260120134054,2826012200101160004,인천광역시,서구,,청라동,116-4,인천광역시 서구 청라동 116-4,중흥에스-클래스,청라지구중흥S-CLASS1단지,중흥에스-클래스,중흥에스-클래스,1,아파트,6,476,2010-09-30,한국부동산원_공동주택 단지 식별정보_기본정보_20250918
28260120135287,2826012200101160006,인천광역시,서구,,청라동,116-6,인천광역시 서구 청라동 116-6,호반 베르디움,호반베르디움(116-6),호반 베르디움,호반베르디움,1,아파트,10,745,2011-02-01,한국부동산원_공동주택 단지 식별정보_기본정보_20250918
28260120130563,2826012200101300002,인천광역시,서구,,청라동,130-2,인천광역시 서구 청라동 130-2,청라웰카운티1차,청라웰카운티1차,청라웰카운티1차,청라웰카운티1차,1,아파트,7,692,2010-07-19,한국부동산원_공동주택 단지 식별정보_기본정보_20250918
28260120139638,2826012200101300004,인천광역시,서구,,청라동,130-4,인천광역시 서구 청라동 130-4,호반베르디움 앤 영무예다음,호반베르디움앤영무예다음,호반베르디움 앤 영무예다음,호반베르디움 앤 영무예다음,1,아파트,8,1051,2011-05-19,한국부동산원_공동주택 단지 식별정보_기본정보_20250918
28260120152512,2826012200101390001,인천광역시,서구,,청라동,139-1,인천광역시 서구 청라동 139-1,청라 한화 꿈에그린,청라한화꿈에그린,청라 한화 꿈에그린,청라 한화 꿈에그린,1,아파트,10,1172,2012-03-26,한국부동산원_공동주택 단지 식별정보_기본정보_20250918
28260120359412,2826012200101490002,인천광역시,서구,,청라동,149-2,인천광역시 서구 청라동 149-2,청라제일풍경채2차에듀앤파크,청라제일풍경채2차에듀앤파크,청라제일풍경채2차에듀앤파크,청라제일풍경채2차에듀앤파크,1,아파트,14,1581,2017-12-21,한국부동산원_공동주택 단지 식별정보_기본정보_20250918
28260120180151,2826012200101500001,인천광역시,서구,,청라동,150-1,인천광역시 서구 청라동 150-1,청라푸르지오아파트,대우푸르지오,청라푸르지오아파트,청라푸르지오아파트,1,아파트,4,751,2013-06-27,한국부동산원_공동주택 단지 식별정보_기본정보_20250918
28260120174554,2826012200101540001,인천광역시,서구,,청라동,154-1,인천광역시 서구 청라동 154-1,청라더샵레이크파크,청라더샵레이크파크,청라더샵레이크파크,청라더샵레이크파크,1,아파트,4,766,2013-04-01,한국부동산원_공동주택 단지 식별정보_기본정보_20250918
28260120139613,2826012200101550002,인천광역시,서구,,청라동,155-2,인천광역시 서구 청라동 155-2,청라하우스토리 커낼뷰,청라하우스토리커낼뷰,청라하우스토리 커낼뷰,청라하우스토리 커낼뷰,1,아파트,5,260,2011-05-31,한국부동산원_공동주택 단지 식별정보_기본정보_20250918
28260120139681,2826012200101550009,인천광역시,서구,,청라동,155-9,인천광역시 서구 청라동 155-9,인천청라 한일베라체,한일베라체,인천청라 한일베라체,인천청라 한일베라체,1,아파트,4,257,2011-05-30,한국부동산원_공동주택 단지 식별정보_기본정보_20250918
28260120142100,2826012200101550012,인천광역시,서구,,청라동,155-12,인천광역시 서구 청라동 155-12,동양엔파트,NPART,동양엔파트,동양엔파트,1,아파트,5,256,2011-08-19,한국부동산원_공동주택 단지 식별정보_기본정보_20250918
28260120152420,2826012200101550017,인천광역시,서구,,청라동,155-17,인천광역시 서구 청라동 155-17,청라힐스테이트커낼뷰,청라힐스테이트커낼뷰,청라힐스테이트커낼뷰,청라상록힐스테이트,1,아파트,5,244,2012-03-16,한국부동산원_공동주택 단지 식별정보_기본정보_20250918
28260120375542,2826012200101560001,인천광역시,서구,,청라동,156-1,인천광역시 서구 청라동 156-1,청라센트럴에일린의뜰,청라센트럴에일린의뜰,청라센트럴에일린의뜰,청라센트럴에일린의뜰,1,아파트,6,1163,2018-09-21,한국부동산원_공동주택 단지 식별정보_기본정보_20250918
28260120173317,2826012200101590001,인천광역시,서구,,청라동,159-1,인천광역시 서구 청라동 159-1,청라 롯데캐슬,청라롯데캐슬,청라 롯데캐슬,청라 롯데캐슬,1,아파트,7,828,2013-02-27,한국부동산원_공동주택 단지 식별정보_기본정보_20250918
28260120182818,2826012200101600001,인천광역시,서구,,청라동,160-1,인천광역시 서구 청라동 160-1,청라린스트라우스,청라린스트라우스,청라린스트라우스,청라린스트라우스,1,아파트,4,590,2013-08-27,한국부동산원_공동주택 단지 식별정보_기본정보_20250918
28260120147330,2826012200101640001,인천광역시,서구,,청라동,164-1,인천광역시 서구 청라동 164-1,청라 엑슬루타워,청라 엑슬루타워,청라 엑슬루타워,청라 풍림 엑슬루타워,1,아파트,2,616,2011-11-25,한국부동산원_공동주택 단지 식별정보_기본정보_20250918
28260120135535,2826012200101650002,인천광역시,서구,,청라동,165-2,인천광역시 서구 청라동 165-2,청라메이루즈 커낼파크뷰,청라메이루즈 커낼파크뷰,청라메이루즈 커낼파크뷰,광명메이루즈,1,아파트,6,263,2011-02-25,한국부동산원_공동주택 단지 식별정보_기본정보_20250918
28260120344650,2826012200101650007,인천광역시,서구,,청라동,165-7,인천광역시 서구 청라동 165-7,청라골드클래스커낼웨이,청라골드클래스커낼웨이,청라골드클래스커낼웨이,청라골드클래스커낼웨이,1,아파트,6,269,2016-11-28,한국부동산원_공동주택 단지 식별정보_기본정보_20250918
28260120133812,2826012200101650010,인천광역시,서구,,청라동,165-10,인천광역시 서구 청라동 165-10,서해그랑블,서해그랑블,서해그랑블,서해그랑블,1,아파트,6,336,2010-12-21,한국부동산원_공동주택 단지 식별정보_기본정보_20250918
28260120129370,2826012200101650013,인천광역시,서구,,청라동,165-13,인천광역시 서구 청라동 165-13,중흥에스-클래스,청라지구중흥S-CLASS2단지,중흥에스-클래스,중흥에스-클래스,1,아파트,4,174,2010-05-28,한국부동산원_공동주택 단지 식별정보_기본정보_20250918
28260120155651,2826012200101660001,인천광역시,서구,,청라동,166-1,인천광역시 서구 청라동 166-1,청라웰카운티 2차,청라웰카운티 2차,청라웰카운티 2차,청라웰카운티 2차,1,아파트,6,464,2012-04-23,한국부동산원_공동주택 단지 식별정보_기본정보_20250918
28260120145155,2826012200101680001,인천광역시,서구,,청라동,168-1,인천광역시 서구 청라동 168-1,호반 베르디움,호반베르디움,호반 베르디움,호반베르디움,1,아파트,8,620,2011-10-18,한국부동산원_공동주택 단지 식별정보_기본정보_20250918
28260120162800,2826012200101730001,인천광역시,서구,,청라동,173-1,인천광역시 서구 청라동 173-1,청라29블럭호반베르디움,청라29블럭호반베르디움,청라29블럭호반베르디움,청라29블럭호반베르디움,1,아파트,15,2134,2012-07-17,한국부동산원_공동주택 단지 식별정보_기본정보_20250918
28260120143519,2826012200101840001,인천광역시,서구,,청라동,184-1,인천광역시 서구 청라동 184-1,청라엘에이치,청라휴먼시아,청라엘에이치,청라엘에이치,1,아파트,22,1767,2011-09-16,한국부동산원_공동주택 단지 식별정보_기본정보_20250918
28260120141438,2826012200101850001,인천광역시,서구,,청라동,185-1,인천광역시 서구 청라동 185-1,청라 힐데스하임,힐데스하임,청라 힐데스하임,청라 힐데스하임,1,아파트,10,1284,2011-07-28,한국부동산원_공동주택 단지 식별정보_기본정보_20250918
28260120130031,2826012200101930001,인천광역시,서구,,청라동,193-1,인천광역시 서구 청라동 193-1,청라자이,청라자이,청라자이,청라자이,1,아파트,19,884,2010-06-11,한국부동산원_공동주택 단지 식별정보_기본정보_20250918
28710120447447,2871025021102260000,인천광역시,강화군,,강화읍,신문리 226,인천광역시 강화군 강화읍 신문리 226,강화신문LH1단지,강화신문LH1단지,강화신문LH1단지,,1,아파트,1,40,2023-07-31,한국부동산원_공동주택 단지 식별정보_기본정보_20250918
28710100448903,2871025021105560003,인천광역시,강화군,,강화읍,신문리 556-3,인천광역시 강화군 강화읍 신문리 556-3,성산 아파트,성산,성산 아파트,성산아파트,1,아파트,1,11,2005-03-21,한국부동산원_공동주택 단지 식별정보_기본정보_20250918
28710120100261,2871025021106560004,인천광역시,강화군,,강화읍,신문리 656-4,인천광역시 강화군 강화읍 신문리 656-4,렉스빌,렉스빌A동,렉스빌,렉스빌,1,아파트,1,11,2008-07-22,한국부동산원_공동주택 단지 식별정보_기본정보_20250918
28710120315700,2871025022101750001,인천광역시,강화군,,강화읍,관청리 175-1,인천광역시 강화군 강화읍 관청리 175-1,그랑프리타워,그랑프리타워,,,1,아파트,1,79,2015-04-02,한국부동산원_공동주택 단지 식별정보_기본정보_20250918
28710100008584,2871025022106230000,인천광역시,강화군,,강화읍,관청리 623,인천광역시 강화군 강화읍 관청리 623,용진아파트,용진1,용진아파트,용진아파트,1,아파트,2,50,1989-10-19,한국부동산원_공동주택 단지 식별정보_기본정보_20250918
28710100448905,2871025024100620005,인천광역시,강화군,,강화읍,남산리 62-5,인천광역시 강화군 강화읍 남산리 62-5,영조 마음자리 아파트,영조마음자리,영조 마음자리 아파트,영조 마음자리 아파트,1,아파트,1,19,2005-04-04,한국부동산원_공동주택 단지 식별정보_기본정보_20250918
28710120147554,2871025024105990000,인천광역시,강화군,,강화읍,남산리 599,인천광역시 강화군 강화읍 남산리 599,남산리 이지미래지향 아파트,이지미래지향,남산리 이지미래지향 아파트,남산리 이지미래지향 아파트,1,아파트,3,120,2011-11-16,한국부동산원_공동주택 단지 식별정보_기본정보_20250918
28710100008586,2871025025100830001,인천광역시,강화군,,강화읍,갑곳리 83-1,인천광역시 강화군 강화읍 갑곳리 83-1,설호아파트,설호,설호아파트,설호아파트,1,아파트,2,90,1990-12-27,한국부동산원_공동주택 단지 식별정보_기본정보_20250918
28710100008585,2871025025101650001,인천광역시,강화군,,강화읍,갑곳리 165-1,인천광역시 강화군 강화읍 갑곳리 165-1,그랑드빌 아파트,그랑드빌,그랑드빌 아파트,그랑드빌 아파트,1,아파트,1,98,2001-11-22,한국부동산원_공동주택 단지 식별정보_기본정보_20250918
28710100008587,2871025025103490000,인천광역시,강화군,,강화읍,갑곳리 349,인천광역시 강화군 강화읍 갑곳리 349,용진아파트,용진2,용진아파트,용진아파트,1,아파트,3,60,1990-11-15,한국부동산원_공동주택 단지 식별정보_기본정보_20250918
28710100008588,2871025025103940001,인천광역시,강화군,,강화읍,갑곳리 394-1,인천광역시 강화군 강화읍 갑곳리 394-1,용진아파트,용진3,용진아파트,용진3차아파트,1,아파트,2,46,1991-06-28,한국부동산원_공동주택 단지 식별정보_기본정보_20250918
28710100008589,2871025025104230000,인천광역시,강화군,,강화읍,갑곳리 423,인천광역시 강화군 강화읍 갑곳리 423,유성아파트,유성1,유성아파트,유성아파트,1,아파트,3,99,1990-10-23,한국부동산원_공동주택 단지 식별정보_기본정보_20250918
28710100008590,2871025025104300000,인천광역시,강화군,,강화읍,갑곳리 430,인천광역시 강화군 강화읍 갑곳리 430,유성아파트,유성2,유성아파트,유성아파트,1,아파트,2,55,1991-09-25,한국부동산원_공동주택 단지 식별정보_기본정보_20250918
28710100008591,2871025025106670000,인천광역시,강화군,,강화읍,갑곳리 667,인천광역시 강화군 강화읍 갑곳리 667,강화현대아파트,현대,강화현대아파트,강화현대아파트,1,아파트,3,219,1994-06-29,한국부동산원_공동주택 단지 식별정보_기본정보_20250918
28710100448906,2871025025111000000,인천광역시,강화군,,강화읍,갑곳리 1100,인천광역시 강화군 강화읍 갑곳리 1100,강화베이힐,베이힐,강화베이힐,강화베이힐,1,아파트,2,179,2007-04-13,한국부동산원_공동주택 단지 식별정보_기본정보_20250918
28710100448907,2871025027109100004,인천광역시,강화군,,강화읍,옥림리 910-4,인천광역시 강화군 강화읍 옥림리 910-4,까치마을아파트,까치마을,까치마을아파트,까치마을아파트,1,아파트,1,18,2003-09-03,한국부동산원_공동주택 단지 식별정보_기본정보_20250918
28710120452526,2871031025104560000,인천광역시,강화군,,선원면,창리 456,인천광역시 강화군 선원면 창리 456,강화 서희스타힐스 1단지,강화서희스타힐스1단지,강화 서희스타힐스 1단지,,1,아파트,14,1040,2024-09-02,한국부동산원_공동주택 단지 식별정보_기본정보_20250918
28710112129705,2871031025106190000,인천광역시,강화군,,선원면,창리 619,인천광역시 강화군 선원면 창리 619,강화2차 세광 엔리치빌 아파트,강화2차세광엔리치빌,강화2차 세광 엔리치빌 아파트,강화2차 세광 엔리치빌 아파트,1,아파트,9,497,2004-03-22,한국부동산원_공동주택 단지 식별정보_기본정보_20250918
28710100448908,2871031025106630000,인천광역시,강화군,,선원면,창리 663,인천광역시 강화군 선원면 창리 663,세광엔리치빌,세광엔리치빌1차,세광엔리치빌,세광엔리치빌,1,아파트,9,576,2001-01-04,한국부동산원_공동주택 단지 식별정보_기본정보_20250918
28710120452527,2871031025201670001,인천광역시,강화군,,선원면,창리 산167-1,인천광역시 강화군 선원면 창리 산167-1,강화 서희스타힐스 2단지,강화서희스타힐스2단지,강화 서희스타힐스 2단지,,1,아파트,4,284,2024-09-02,한국부동산원_공동주택 단지 식별정보_기본정보_20250918
28710100008592,2871033021104550006,인천광역시,강화군,,길상면,온수리 455-6,인천광역시 강화군 길상면 온수리 455-6,건일온수아파트,건일온수,건일온수아파트,건일온수아파트,1,아파트,2,80,1991-03-12,한국부동산원_공동주택 단지 식별정보_기본정보_20250918
28720100219020,2872036021106800000,인천광역시,옹진군,,영흥면,외리 680,인천광역시 옹진군 영흥면 외리 680,남동영흥화력사택,"한전영흥화력사택(1,2단지)",남동영흥화력사택,화력발전소직원아파트,1,아파트,10,161,2001-12-31,한국부동산원_공동주택 단지 식별정보_기본정보_20250918
28720120293308,2872036021106800000,인천광역시,옹진군,,영흥면,외리 680,인천광역시 옹진군 영흥면 외리 680,남동영흥화력사택,남동영흥화력사택(301동~304동),남동영흥화력사택,,1,아파트,4,120,2013-09-27,한국부동산원_공동주택 단지 식별정보_기본정보_20250918
