공고번호,시도,자치구,시군구,법정동,대표단지명,세대수,상태,입주예정월,출처
2026000295,충청남도,,아산시,둔포면,아산테크노밸리 더원 7차 (Ab4BL),622,입주예정,2029-01,청약홈 분양정보 오픈API
2026000331,경상남도,,거제시,상동동,센트레빌 아스테리움 거제,1307,입주예정,2029-08,청약홈 분양정보 오픈API
2026000318,부산광역시,,부산남구,문현동,더샵 트리센트,156,입주예정,2029-12,청약홈 분양정보 오픈API
2026000293,강원특별자치도,,강릉시,교동,리쉐스302,302,입주예정,2029-09,청약홈 분양정보 오픈API
2026820007,경기도,,수원권선구,당수동,수원당수지구 A5블록 신혼희망타운(공공분양) 추가 입주자모집,142,입주예정,2027-06,청약홈 분양정보 오픈API
2026000355,서울특별시,노원구,,월계동,월계 중흥S-클래스 리비에르,135,입주예정,2029-05,청약홈 분양정보 오픈API
2026000327,경기도,,용인처인구,역북동,역북 서희스타힐스 프라임시티(조합원 취소분),5,입주예정,2027-03,청약홈 분양정보 오픈API
2026000291,경기도,,이천시,갈산동,이천 휴먼빌 클래스원,536,입주예정,2029-09,청약홈 분양정보 오픈API
2026000282,경상남도,,창원시,회원동,창원 한신더휴 메가센텀,1139,입주예정,2029-08,청약홈 분양정보 오픈API
2026000316,경기도,,오산시,양산동,오산헤리티지자이 2단지,714,입주예정,2029-09,청약홈 분양정보 오픈API
2026000315,경기도,,오산시,양산동,오산헤리티지자이 1단지,1069,입주예정,2029-09,청약홈 분양정보 오픈API
2026000312,강원특별자치도,,춘천시,동면,춘천 리버뷰 아이파크,262,입주예정,2029-03,청약홈 분양정보 오픈API
2026000308,부산광역시,,부산장안지구,장안읍,부산 장안지구 B-2블록 중흥S-클래스(본청약),488,입주예정,2027-06,청약홈 분양정보 오픈API
2026000301,경기도,,의왕시,삼동,의왕역 SK VIEW,820,입주예정,2029-12,청약홈 분양정보 오픈API
2026000276,충청남도,,천안서북구,업성동,업성 푸르지오 레이크시티 2단지,448,입주예정,2029-09,청약홈 분양정보 오픈API
2026000336,경기도,,평택시,평택동,평택역 더센트럴45,99,입주예정,2026-08,청약홈 분양정보 오픈API
2026000329,경기,,김포시,사우동,호반써밋 풍무Ⅲ,660,입주예정,2029-05,청약홈 분양정보 오픈API
2026000310,경기도,,남양주시,,남양주 진접 서한이다음(S1BL),361,입주예정,2029-01,청약홈 분양정보 오픈API
2026000253,경상남도,,거제시,장평동,거제 푸르지오 마린피스,423,입주예정,2029-11,청약홈 분양정보 오픈API
2026000328,울산광역시,,울산울주군,온양읍,센텀 엘카사,74,입주예정,2026-08,청약홈 분양정보 오픈API
2026000290,경기도,,화성시,비봉면,야목역 서희스타힐스 그랜드힐(조합원 취소분),83,입주예정,2029-10,청약홈 분양정보 오픈API
2026000153,서울특별시,동작구,,상도동,동작 센트럴 동문 디 이스트,72,입주예정,2030-02,청약홈 분양정보 오픈API
2026000320,경기도,,고양덕양구,도내동,고양창릉 S-4블록 공공분양주택(본청약),1024,입주예정,2030-03,청약홈 분양정보 오픈API
2026000313,경기도,,고양덕양구,도내동,고양창릉지구 S-3블록 이익공유형 분양주택(본청약),1282,입주예정,2030-02,청약홈 분양정보 오픈API
2026000307,경기도,,군포시,둔대동,군포대야미지구 A-1블록 6년 분양전환공공임대주택(본청약),377,입주예정,2029-12,청약홈 분양정보 오픈API
2026820005,경기도,,부천시,,역곡지구 하우스토리(부천역곡지구 A-2BL) 신혼희망타운(공공분양)(본청약),976,입주예정,2029-06,청약홈 분양정보 오픈API
2026000300,충청남도,,천안서북구,성성동,천안 아이파크 시티 1단지(2회차),234,입주예정,2027-12,청약홈 분양정보 오픈API
2026000271,경상남도,,김해시,내동,트리븐 김해,398,입주예정,2029-08,청약홈 분양정보 오픈API
2026000274,전북특별자치도,,군산시,,군산 세경아파트 우선분양전환 후 잔여세대,153,입주예정,2026-12,청약홈 분양정보 오픈API
2026000289,제주특별자치도,,제주시,연동,신제주 동문디이스트 시그니처원Ⅱ,196,입주예정,2027-06,청약홈 분양정보 오픈API
2026000288,제주특별자치도,,제주시,연동,신제주 동문디이스트 시그니처원Ⅰ,182,입주예정,2027-03,청약홈 분양정보 오픈API
2026000281,경기도,,이천시,안흥동,이천 서희스타힐스 SKY(조합원 취소분),8,입주예정,2029-01,청약홈 분양정보 오픈API
2026000278,경기도,,양주시,회정동,양주 회천지구 A-8BL 로제비앙 엘가,361,입주예정,2029-06,청약홈 분양정보 오픈API
2026000272,경상남도,,함안군,가야읍,함안가야 휴니온아르떼,92,입주예정,2028-10,청약홈 분양정보 오픈API
2026000275,서울특별시,성북구,,장위동,장위 푸르지오 마크원,1032,입주예정,2030-09,청약홈 분양정보 오픈API
2026000273,경상북도,,경산시,중산동,펜타힐즈 더블유 1단지,1712,입주예정,2030-11,청약홈 분양정보 오픈API
2026000270,경상남도,,김해시,신문동,김해 신문 센트럴 아이파크,1379,입주예정,2029-03,청약홈 분양정보 오픈API
2026000263,경상남도,,김해시,신문동,신문 대상 웰라움 라시엘,375,입주예정,2029-01,청약홈 분양정보 오픈API
2026000261,경상남도,,밀양시,,밀양 수자인 더퍼스트 2단지 공공분양주택,114,입주예정,2028-09,청약홈 분양정보 오픈API
2026000260,경상남도,,밀양시,,밀양 수자인 더퍼스트 1단지 공공분양주택,426,입주예정,2028-09,청약홈 분양정보 오픈API
2026000241,서울특별시,동작구,,노량진동,드파인 아르티아,171,입주예정,2029-11,청약홈 분양정보 오픈API
2026000234,부산광역시,,부산강서구,강동동,에코델타시티 중흥S-클래스 리버시티,501,입주예정,2029-05,청약홈 분양정보 오픈API
2026000248,경기도,,오산시,내삼미동,북오산자이 드포레,1517,입주예정,2029-10,청약홈 분양정보 오픈API
2026000235,서울특별시,강북구,,미아동,북서울자이 폴라리스(보류지),6,입주예정,2026-07,청약홈 분양정보 오픈API
2026000224,경상남도,,양산시,물금읍,힐스테이트 양산더스카이 2단지,299,입주예정,2029-04,청약홈 분양정보 오픈API
2026000223,경상남도,,양산시,물금읍,힐스테이트 양산더스카이 1단지,299,입주예정,2029-04,청약홈 분양정보 오픈API
2026000195,인천광역시,,인천서구,마전동,더샵 검단레이크파크(AB23BL),1403,입주예정,2029-12,청약홈 분양정보 오픈API
2026000194,인천광역시,,인천서구,불로동,더샵 검단레이크파크(AB22BL),1454,입주예정,2029-12,청약홈 분양정보 오픈API
2026000258,경기도,,평택시,,고덕국제신도시 수자인하우스디,403,입주예정,2029-02,청약홈 분양정보 오픈API
2026000259,광주광역시,,광주서구,마륵동,상무 양우내안에 퍼스트힐(조합원 취소분),72,입주예정,2026-09,청약홈 분양정보 오픈API
2026000243,전남,,장성군,,호반써밋 첨단3지구(A8BL),449,입주예정,2028-10,청약홈 분양정보 오픈API
2026000242,광주,,북구,,호반써밋 첨단3지구(A7BL),356,입주예정,2028-09,청약홈 분양정보 오픈API
2026000237,경기도,,평택시,,평택 고덕 우미 린 프레스티지(Abc-36BL),743,입주예정,2028-12,청약홈 분양정보 오픈API
2026000226,충청남도,,천안서북구,백석동,백석시그니처자이 2단지,320,입주예정,2029-09,청약홈 분양정보 오픈API
2026000225,충청남도,,천안서북구,백석동,백석시그니처자이 1단지,854,입주예정,2029-09,청약홈 분양정보 오픈API
2026000148,부산광역시,,부산수영구,민락동,알티에로 광안,366,입주예정,2029-07,청약홈 분양정보 오픈API
2026820004,경기도,,성남시,,e편한세상 분당 퍼스트빌리지(성남낙생지구 A-1BL) 신혼희망타운(공공분양)(본청약),933,입주예정,2029-02,청약홈 분양정보 오픈API
2026000230,경기도,,화성시,,화성동탄2지구 C-27블록 공공분양주택,473,입주예정,2029-06,청약홈 분양정보 오픈API
2026000184,전북특별자치도,,익산시,팔봉동,익산 펠리피아,572,입주예정,2028-12,청약홈 분양정보 오픈API
2026000097,강원특별자치도,,강릉시,홍제동,강릉 성보필리오 더센트럴힐즈,148,입주예정,2028-07,청약홈 분양정보 오픈API
2026000219,경기,,김포시,사우동,호반써밋 풍무Ⅱ,961,입주예정,2030-01,청약홈 분양정보 오픈API
2026000205,경기도,,수원권선구,평동,수원역 아너스빌 타임원,114,입주예정,2028-11,청약홈 분양정보 오픈API
2026000173,강원특별자치도,,춘천시,,더 리치먼드 리버센트 소양,178,입주예정,2029-06,청약홈 분양정보 오픈API
2026000122,경기도,,부천오정구,오정동,오정 해모로 스마트시티(조합원 취소분),48,입주예정,2027-07,청약홈 분양정보 오픈API
2026000217,부산광역시,,부산동래구,명륜동,동래사적공원 오네뜨,110,입주예정,2028-10,청약홈 분양정보 오픈API
2026000162,인천광역시,,인천서구,경서동,검암역자이르네,601,입주예정,2028-12,청약홈 분양정보 오픈API
2026000138,경기도,,시흥시,대야동,힐스테이트 시흥더클래스,430,입주예정,2029-03,청약홈 분양정보 오픈API
2026000120,서울특별시,동작구,,흑석동,써밋 더힐,432,입주예정,2030-06,청약홈 분양정보 오픈API
2026000188,부산광역시,,부산해운대구,중동,해운대 마티안 디 에디션,99,입주예정,2028-11,청약홈 분양정보 오픈API
2026000187,경기도,,부천소사구,괴안동,엘리프 역곡,44,입주예정,2027-08,청약홈 분양정보 오픈API
2026000116,서울특별시,동작구,,대방동,아크로 리버스카이,285,입주예정,2029-08,청약홈 분양정보 오픈API
2025000422,경기도,,남양주시,오남읍,오남역 서희스타힐스 여의재 3단지,117,입주예정,2029-01,청약홈 분양정보 오픈API
2026000098,경기도,,고양일산동구,식사동,식사 푸르지오 파크센트(조합원 취소분),23,입주예정,2028-06,청약홈 분양정보 오픈API
2026000178,경기도,,부천오정구,원종동,중앙하이츠 원종역,78,입주예정,2028-03,청약홈 분양정보 오픈API
2026000172,부산광역시,,부산북구,구포동,두산위브 트리니뷰 구명역,288,입주예정,2029-05,청약홈 분양정보 오픈API
2026000132,충청북도,,청주상당구,지북동,청주 한양립스 더 벨루체,417,입주예정,2030-03,청약홈 분양정보 오픈API
2026000169,인천광역시,,인천연수구,송도동,더샵 송도그란테르 G5-11블록,318,입주예정,2029-08,청약홈 분양정보 오픈API
2026000168,인천광역시,,인천연수구,송도동,더샵 송도그란테르 G5-6블록,100,입주예정,2030-01,청약홈 분양정보 오픈API
2026000167,인천광역시,,인천연수구,송도동,더샵 송도그란테르 G5-5블록,97,입주예정,2030-01,청약홈 분양정보 오픈API
2026000166,인천광역시,,인천연수구,송도동,더샵 송도그란테르 G5-4블록,91,입주예정,2030-01,청약홈 분양정보 오픈API
2026000165,인천광역시,,인천연수구,송도동,더샵 송도그란테르 G5-3블록,85,입주예정,2030-01,청약홈 분양정보 오픈API
2026000164,인천광역시,,인천연수구,송도동,더샵 송도그란테르 G5-1블록,853,입주예정,2029-08,청약홈 분양정보 오픈API
2026000147,인천광역시,,인천남동구,구월동,힐스테이트 구월아트파크,496,입주예정,2030-10,청약홈 분양정보 오픈API
2026000174,대구광역시,,대구중구,사일동,더샵 중앙로역센터폴,299,입주예정,2026-10,청약홈 분양정보 오픈API
2026820003,인천광역시,,부천계양구,오곡동,인천계양 A9블록 신혼희망타운(공공분양)(본청약),317,입주예정,2029-02,청약홈 분양정보 오픈API
2026820002,경기도,,시흥시,하중동,시흥하중지구 A1블록 신혼희망타운(공공분양)(본청약),400,입주예정,2029-03,청약홈 분양정보 오픈API
2026000193,경기도,,남양주시,이패동,남양주왕숙2 A-3블록 공공분양주택(본청약),686,입주예정,2030-05,청약홈 분양정보 오픈API
2026000185,경상남도,,거제시,,덕진 거제의 봄 우선분양전환 후 공가세대,376,입주예정,2026-05,청약홈 분양정보 오픈API
2026000170,경상북도,,상주시,냉림동,상주북천 하늘채 파크원,466,입주예정,2029-04,청약홈 분양정보 오픈API
2026000163,경상남도,,창원시,자산동,메트로시티 자산 데시앙,739,입주예정,2029-01,청약홈 분양정보 오픈API
2026000142,경기도,,남양주시,일패동,왕숙 아테라 공공분양주택(본청약),812,입주예정,2029-02,청약홈 분양정보 오픈API
2026000128,경기도,,고양덕양구,행신동,고양 창릉 우미 린 그레니티 공공분양주택(본청약),494,입주예정,2029-05,청약홈 분양정보 오픈API
2026000126,경기도,,안양동안구,관양동,안양 에버포레 자연앤 e편한세상(A2BL),344,입주예정,2028-08,청약홈 분양정보 오픈API
2026000125,경기도,,안양동안구,관양동,안양 에버포레 자연앤 e편한세상(A1BL),60,입주예정,2028-08,청약홈 분양정보 오픈API
2026000053,충청남도,,공주시,A1블럭(금흥동,공주월송 진아레히,811,입주예정,2029-04,청약홈 분양정보 오픈API
2026000155,경기도,,평택시,,고덕국제신도시 수자인풍경채 2단지,456,입주예정,2029-01,청약홈 분양정보 오픈API
2026000154,경기도,,평택시,,고덕국제신도시 수자인풍경채 1단지,670,입주예정,2029-01,청약홈 분양정보 오픈API
2026000111,경기도,,평택시,팽성읍,더 플래티넘 파인애비뉴,321,입주예정,2028-03,청약홈 분양정보 오픈API
2026000133,울산광역시,,울산중구,학성동,더샵 시에르네(조합원 취소분),36,입주예정,2027-05,청약홈 분양정보 오픈API
2026000156,서울특별시,강북구,,미아동,더 리치먼드 미아,99,입주예정,2028-09,청약홈 분양정보 오픈API
2026000146,부산광역시,,부산기장군,기장읍,기장 이진캐스빌 포레,138,입주예정,2028-03,청약홈 분양정보 오픈API
2026000143,경기도,,파주시,금촌동,파주금촌 금호어울림(조합원 취소분),60,입주예정,2026-06,청약홈 분양정보 오픈API
2026000129,대전광역시,,대전서구,관저동,더샵 관저아르테,951,입주예정,2029-06,청약홈 분양정보 오픈API
2026000127,충청남도,,천안서북구,부대동,천안 휴먼빌 퍼스트시티(2회차),309,입주예정,2029-05,청약홈 분양정보 오픈API
2026000102,울산광역시,,울산남구,무거동,울산신복역 비스타 메트로,481,입주예정,2029-04,청약홈 분양정보 오픈API
2026000096,충청남도,,천안동남구,삼룡동,천안 동문 디 이스트 파크시티,500,입주예정,2029-03,청약홈 분양정보 오픈API
2026000091,전라남도,,여수시,소호동,소제지구 A4BL 중흥S-클래스 우미린,584,입주예정,2029-04,청약홈 분양정보 오픈API
2026000090,전라남도,,여수시,소호동,소제지구 A3BL 중흥S-클래스 우미린,1095,입주예정,2029-06,청약홈 분양정보 오픈API
2026000152,경기도,,부천원미구,소사동,e편한세상 부천 어반스퀘어,897,입주예정,2029-10,청약홈 분양정보 오픈API
2026000150,충청남도,,천안서북구,업성동,엘리프 성성호수공원 2BL,560,입주예정,2029-03,청약홈 분양정보 오픈API
2026000149,충청남도,,천안서북구,업성동,엘리프 성성호수공원 1BL,546,입주예정,2029-03,청약홈 분양정보 오픈API
2026000130,제주특별자치도,,제주시,조천읍,PH159,49,입주예정,2027-01,청약홈 분양정보 오픈API
2026000088,경기도,,용인처인구,양지읍,용인 양지 서희스타힐스 하이뷰,547,입주예정,2030-09,청약홈 분양정보 오픈API
2026000124,경기도,,평택시,고덕면,고덕신도시 아테라 A-63블록 공공분양주택,630,입주예정,2028-10,청약홈 분양정보 오픈API
2026000115,경상북도,,구미시,광평동,두산위브더제니스 구미(조합원취소분),63,입주예정,2029-05,청약홈 분양정보 오픈API
2026000114,서울특별시,마포구,,도화동,공덕역자이르네,177,입주예정,2029-01,청약홈 분양정보 오픈API
2026000107,경기도,,광주시,양벌동,경기광주역 롯데캐슬 시그니처 1단지,1077,입주예정,2030-10,청약홈 분양정보 오픈API
2026000089,강원특별자치도,,강릉시,송정동,강릉 우미 린 더 프리미어,772,입주예정,2029-04,청약홈 분양정보 오픈API
2026000135,인천광역시,,인천서구,청라동,인천가정2지구 B2블록 공공분양주택(후속사업),308,입주예정,2028-07,청약홈 분양정보 오픈API
2026000121,울산광역시,,울산남구,신정동,문수로 라티에르 673,199,입주예정,2029-08,청약홈 분양정보 오픈API
2026000112,경기도,,용인처인구,고림동,용인 고림 동문 디 이스트,350,입주예정,2028-10,청약홈 분양정보 오픈API
2026000110,경상남도,,창원의창구,,엘리프 창원,349,입주예정,2028-07,청약홈 분양정보 오픈API
2026000109,충청남도,,아산시,온천동,아산경남아너스빌 랜드마크49,467,입주예정,2030-12,청약홈 분양정보 오픈API
2026000105,대전광역시,,대전유성구,용계동,도안자이 센텀리체 2단지,834,입주예정,2029-12,청약홈 분양정보 오픈API
2026000104,대전광역시,,대전유성구,용계동,도안자이 센텀리체 1단지,946,입주예정,2029-10,청약홈 분양정보 오픈API
2026000087,충청북도,,청주서원구,미평동,청주 푸르지오 씨엘리체,1351,입주예정,2029-03,청약홈 분양정보 오픈API
2026000085,경상남도,,진주시,평거동,힐스테이트 평거 센트럴,261,입주예정,2030-03,청약홈 분양정보 오픈API
2026000082,전북특별자치도,,전주덕진구,진북동,골드클래스 시그니처,341,입주예정,2029-03,청약홈 분양정보 오픈API
2026000093,경상북도,,안동시,옥동,더샵 안동더퍼스트,493,입주예정,2028-10,청약홈 분양정보 오픈API
2026000049,경기도,,양주시,옥정동,"옥정중앙역 대방 디에트르(중상1, 복합1BL)",2807,입주예정,2030-06,청약홈 분양정보 오픈API
2026000069,경기도,,화성시,비봉면,야목역 서희스타힐스 그랜드힐,241,입주예정,2029-10,청약홈 분양정보 오픈API
2026000101,부산광역시,,부산동래구,온천동,온천장 하늘채 엘리시움,129,입주예정,2029-11,청약홈 분양정보 오픈API
2026000094,서울특별시,동작구,,노량진동,라클라체자이드파인,369,입주예정,2028-12,청약홈 분양정보 오픈API
2026000086,충청남도,,천안서북구,업성동,업성 푸르지오 레이크시티,1460,입주예정,2029-09,청약홈 분양정보 오픈API
2026000077,전북특별자치도,,전주덕진구,고랑동,북전주 광신프로그레스,352,입주예정,2028-02,청약홈 분양정보 오픈API
2026000073,경기도,,김포시,사우동,풍무역세권 수자인 그라센트 2차,639,입주예정,2029-01,청약홈 분양정보 오픈API
2026000071,강원특별자치도,,고성군,토성면,르네오션 고성 퍼스트뷰,263,입주예정,2029-03,청약홈 분양정보 오픈API
2026000058,서울특별시,서초구,,잠원동,오티에르 반포,86,입주예정,2026-07,청약홈 분양정보 오픈API
2026000048,서울특별시,용산구,,이촌동,이촌 르엘,88,입주예정,2027-03,청약홈 분양정보 오픈API
2026000040,부산광역시,,부산금정구,구서동,구서 다움포레,68,입주예정,2026-05,청약홈 분양정보 오픈API
2026000078,충청남도,,천안서북구,직산읍,천안 동일하이빌 파크레인,895,입주예정,2029-01,청약홈 분양정보 오픈API
2026000074,부산광역시,,부산사상구,엄궁동,엄궁역 트라비스 하늘채,1061,입주예정,2030-02,청약홈 분양정보 오픈API
2026000070,경기도,,안양만안구,안양동,힐스테이트 안양펠루스,55,입주예정,2026-05,청약홈 분양정보 오픈API
2026000065,인천광역시,,인천서구,불로동,검단호수공원역 파라곤(AA36BL),569,입주예정,2028-07,청약홈 분양정보 오픈API
2026000062,인천광역시,,인천부평구,갈산동,중앙하이츠 갈산역 센트럴,50,입주예정,2026-09,청약홈 분양정보 오픈API
2026000047,대구광역시,,대구수성구,수성동,범어역 파크드림 디아르,47,입주예정,2028-10,청약홈 분양정보 오픈API
2026000012,부산광역시,,부산남구,대연동,경성대부경대역 비스타동원 더 프리미엄,103,입주예정,2028-05,청약홈 분양정보 오픈API
2026000055,경기도,,의정부시,의정부동,의정부역 센트럴 아이파크,400,입주예정,2029-12,청약홈 분양정보 오픈API
2026000081,광주광역시,,광주광산구,,선운지구다사로움 공가세대 일반공급,27,입주예정,2026-06,청약홈 분양정보 오픈API
2026000075,경상남도,,창원성산구,중앙동,창원자이 더 스카이,509,입주예정,2030-04,청약홈 분양정보 오픈API
2026000066,부산광역시,,부산사하구,당리동,한화포레나 부산당리,209,입주예정,2029-04,청약홈 분양정보 오픈API
2026000064,서울특별시,영등포구,,신길동,더샵 신길센트럴시티,477,입주예정,2029-07,청약홈 분양정보 오픈API
2026000051,충청남도,,아산시,탕정면,아산탕정자이 메트로시티(A3BL),1638,입주예정,2029-06,청약홈 분양정보 오픈API
2026000045,대전광역시,,대전동구,가오동,대전 롯데캐슬 더퍼스트(조합원 취소분),89,입주예정,2027-11,청약홈 분양정보 오픈API
2025000497,서울특별시,서초구,,서초동,아크로 드 서초,56,입주예정,2029-02,청약홈 분양정보 오픈API
2026000063,인천광역시,,인천중구,,오션포레베네스트하우스(미단시티 공동8BL),253,입주예정,2026-04,청약홈 분양정보 오픈API
2026000057,부산광역시,,부산강서구,강동동,에코델타시티 엘가 로제비앙,998,입주예정,2029-06,청약홈 분양정보 오픈API
2026000052,경기도,,시흥시,거모동,시흥거모B1 호반써밋,310,입주예정,2028-11,청약홈 분양정보 오픈API
2026000044,경기도,,용인기흥구,영덕동,용인 플랫폼시티 라온프라이빗 아르디에,238,입주예정,2028-03,청약홈 분양정보 오픈API
2026000033,대전광역시,,대전중구,용두동,해링턴플레이스 오룡역,427,입주예정,2029-06,청약홈 분양정보 오픈API
2025000574,광주광역시,,광주동구,지산동,무등산 더힐(조합원 취소분),33,입주예정,2026-08,청약홈 분양정보 오픈API
2026000023,서울특별시,영등포구,,,더샵 프리엘라,138,입주예정,2029-03,청약홈 분양정보 오픈API
2026000038,경상북도,,상주시,함창읍,상주자이르네,773,입주예정,2029-04,청약홈 분양정보 오픈API
2026000043,경기도,,부천원미구,원미동,부천역 에피트 어바닉,93,입주예정,2028-07,청약홈 분양정보 오픈API
2026000039,서울특별시,강서구,,방화동,래미안 엘라비네,272,입주예정,2028-08,청약홈 분양정보 오픈API
2026000036,전라남도,,여수시,신기동,e편한세상 여수 글렌츠,81,입주예정,2027-06,청약홈 분양정보 오픈API
2026000029,경기도,,가평군,설악면,썬밸리 오드카운티 가평설악,1039,입주예정,2028-10,청약홈 분양정보 오픈API
2026000046,대전광역시,,대전서구,변동,변동 동건아파트 우선분양전환 후 잔여세대,139,입주예정,2026-04,청약홈 분양정보 오픈API
2026000035,인천광역시,,인천연수구,동춘동,연수 월드메르디앙 어반포레,133,입주예정,2026-04,청약홈 분양정보 오픈API
2026000041,서울특별시,강서구,,마곡동,마곡지구 17단지 토지임대부(본청약),381,입주예정,2026-08,청약홈 분양정보 오픈API
2025000510,경기도,,수원장안구,영화동,두산위브 더센트럴 수원,275,입주예정,2028-09,청약홈 분양정보 오픈API
2026000008,경상북도,,경산시,상방동,경산 상방공원 호반써밋 1단지,1004,입주예정,2029-01,청약홈 분양정보 오픈API
2026000028,서울특별시,노원구,,(상계동,해링턴플레이스 노원 센트럴,61,입주예정,2026-04,청약홈 분양정보 오픈API
2026000015,충청남도,,천안서북구,성성동,천안 아이파크 시티 6단지,1012,입주예정,2029-01,청약홈 분양정보 오픈API
2026000014,충청남도,,천안서북구,성성동,천안 아이파크 시티 5단지,837,입주예정,2029-01,청약홈 분양정보 오픈API
2025000645,경기도,,이천시,장호원읍,이천시 장호원읍 5년 공공건설임대주택(카사펠리스이천) 임차인모집,930,입주예정,2027-06,청약홈 분양정보 오픈API
2026000030,경기도,,오산시,,힐스테이트 오산 더퍼스트(조합원 자격상실 및 제명세대)(2회차),9,입주예정,2026-05,청약홈 분양정보 오픈API
2026000034,경기도,,양주시,삼숭동,더 플래티넘 센트럴포레,112,입주예정,2027-03,청약홈 분양정보 오픈API
2026000020,부산광역시,,부산금정구,장전동,금정산 하늘채 루미엘,213,입주예정,2029-01,청약홈 분양정보 오픈API
2026000017,경기도,,부천소사구,괴안동,쌍용 더 플래티넘 온수역,230,입주예정,2028-10,청약홈 분양정보 오픈API
2026000027,전북특별자치도,,완주군,이서면,전주·완주 혁신도시 에코르 2단지 공가세대 일반공급,29,입주예정,2026-04,청약홈 분양정보 오픈API
2026000018,제주특별자치도,,서귀포시,표선면,리첸시아 표선 IB EDU,50,입주예정,2026-03,청약홈 분양정보 오픈API
2026000019,경기도,,구리시,수택동,구리역 하이니티 리버파크,1530,입주예정,2029-12,청약홈 분양정보 오픈API
2026000024,광주광역시,,광주남구,지석동,힐스테이트 지석(조합원취소분),9,입주예정,2026-03,청약홈 분양정보 오픈API
2026000022,울산광역시,,울산중구,,울산 우정혁신도시 B1블록(골드클래스) 분양전환 후 잔여세대,34,입주예정,2026-03,청약홈 분양정보 오픈API
2026000010,인천광역시,,인천부평구,삼산동,두산위브 더센트럴 부평(조합원 취소분),41,입주예정,2028-04,청약홈 분양정보 오픈API
2026000002,부산광역시,,부산해운대구,재송동,e편한세상 센텀 하이베뉴,166,입주예정,2027-10,청약홈 분양정보 오픈API
2025000572,인천광역시,,인천남동구,간석1동,포레나더샵 인천시청역,735,입주예정,2029-09,청약홈 분양정보 오픈API
2026000009,대전광역시,,대전중구,선화동,대전 하늘채 루시에르(2회차),341,입주예정,2029-07,청약홈 분양정보 오픈API
2025000657,경기도,,평택시,현덕면,평택화양 서희스타힐스 센트럴파크(조합원 취소분),47,입주예정,2026-07,청약홈 분양정보 오픈API
2025000652,경기도,,안양만안구,안양2동,안양역 센트럴 아이파크 수자인,407,입주예정,2029-04,청약홈 분양정보 오픈API
2026000004,울산광역시,,울산울주군,온양읍,남울산 노르웨이숲(조합원 취소분),31,입주예정,2026-07,청약홈 분양정보 오픈API
2025000639,제주특별자치도,,서귀포시,서홍동,서귀포시 서홍동 형남아파트6차,94,입주예정,2026-10,청약홈 분양정보 오픈API
2025000660,서울특별시,서대문구,,연희동,드파인 연희,332,입주예정,2029-01,청약홈 분양정보 오픈API
2025000656,경기도,,김포시,사우동,사우역 지엔하임,385,입주예정,2029-04,청약홈 분양정보 오픈API
2025000628,경기도,,오산시,내삼미동,북오산자이 리버블시티,1275,입주예정,2029-03,청약홈 분양정보 오픈API
2025000650,경상남도,,양산시,물금읍,힐스테이트 물금센트럴,162,입주예정,2029-03,청약홈 분양정보 오픈API
2025000642,인천광역시,,인천중구,중산동,인천영종지구 A24블록 공공분양주택(본청약),641,입주예정,2028-12,청약홈 분양정보 오픈API
2025000595,경기도,,성남분당구,,더샵 분당센트로,84,입주예정,2027-04,청약홈 분양정보 오픈API
2025820020,경기도,,과천시,과천동,과천주암지구 C1블록 신혼희망타운(공공분양)(본청약),812,입주예정,2029-02,청약홈 분양정보 오픈API
2025820019,경기도,,남양주시,진접읍,남양주진접2 지구 A-3블록 신혼희망타운(공공분양)(본청약),208,입주예정,2028-04,청약홈 분양정보 오픈API
2025000659,경기도,,과천시,과천동,과천주암지구 C1블록 공공분양주택(본청약),120,입주예정,2029-02,청약홈 분양정보 오픈API
2025000649,울산광역시,,울산울주군,범서읍,울산다운2지구 A-10블록 공공분양주택,579,입주예정,2028-05,청약홈 분양정보 오픈API
2025000644,경기도,,남양주시,진접읍,남양주진접2지구 B-1블록 공공분양(본청약),260,입주예정,2028-04,청약홈 분양정보 오픈API
2025000647,경기도,,구리시,갈매동,구리갈매역세권 A-4블록 6년 분양전환공공임대주택(본청약),309,입주예정,2028-09,청약홈 분양정보 오픈API
2025000646,경기도,,구리시,갈매동,구리갈매역세권 A-4블록 공공분양주택(본청약),251,입주예정,2028-09,청약홈 분양정보 오픈API
2025000643,경기도,,김포시,고촌읍,김포고촌2지구 A1블록 공공분양주택,262,입주예정,2028-07,청약홈 분양정보 오픈API
2025000640,강원특별자치도,,강릉시,,강릉역 경남아너스빌 더 센트로(조합원 취소분),16,입주예정,2026-01,청약홈 분양정보 오픈API
2025000624,전라남도,,해남군,해남읍,해남 남외리 정하 에코프라임,305,입주예정,2028-03,청약홈 분양정보 오픈API
2025000620,전북특별자치도,,전주덕진구,,전주 에코시티 더 클래스,48,입주예정,2027-05,청약홈 분양정보 오픈API
2025000617,인천광역시,,인천중구,A50BL(중산동,영종하늘도시 대라수 어썸(A50BL),297,입주예정,2029-06,청약홈 분양정보 오픈API
2025000635,인천광역시,,인천중구,운남동,영종국제도시 신일 비아프 크레스트(2단지),516,입주예정,2028-08,청약홈 분양정보 오픈API
2025000634,인천광역시,,인천중구,운남동,영종국제도시 신일 비아프 크레스트(1단지),444,입주예정,2028-08,청약홈 분양정보 오픈API
2025000632,경기도,,용인처인구,역북동,용인 푸르지오 클루센트,784,입주예정,2028-12,청약홈 분양정보 오픈API
2025000629,부산광역시,,부산동래구,안락동,동래 푸르지오 에듀포레,474,입주예정,2030-03,청약홈 분양정보 오픈API
2025000625,세종,,세종시,합강동,행정중심복합도시 5-1L1블록 공공분양주택,643,입주예정,2028-08,청약홈 분양정보 오픈API
2025000622,경기도,,용인수지구,풍덕천동,수지자이 에디시온,480,입주예정,2029-02,청약홈 분양정보 오픈API
2025000619,경상북도,,안동시,송현동,안동리첼스카이파크,264,입주예정,2029-01,청약홈 분양정보 오픈API
2025000616,대전광역시,,대전서구,탄방동,둔산 자이 아이파크(보류지),18,입주예정,2026-01,청약홈 분양정보 오픈API
2025000610,울산광역시,,울산중구,반구동,태화강 센트럴 아이파크,704,입주예정,2028-08,청약홈 분양정보 오픈API
2025000606,울산광역시,,울산남구,야음동,힐스테이트 선암호수공원 2단지,193,입주예정,2028-02,청약홈 분양정보 오픈API
2025000605,울산광역시,,울산남구,야음동,힐스테이트 선암호수공원 1단지,438,입주예정,2028-02,청약홈 분양정보 오픈API
2025000602,인천광역시,,인천중구,중산동,"인천영종국제도시 디에트르 라 메르Ⅰ(RC4-1,2BL)(본청약)",903,입주예정,2029-10,청약홈 분양정보 오픈API
2025000615,대전광역시,,대전서구,탄방동,둔산 자이 아이파크,12,입주예정,2026-01,청약홈 분양정보 오픈API
2025000581,경기도,,이천시,B3블록(중리동,이천 중리지구 B3블록 금성백조 예미지,1009,입주예정,2026-11,청약홈 분양정보 오픈API
2025000552,부산광역시,,부산남구,대연동,한화포레나 부산대연,104,입주예정,2026-05,청약홈 분양정보 오픈API
2025000524,경기도,,용인처인구,양지면,용인 푸르지오 원클러스터파크,710,입주예정,2028-12,청약홈 분양정보 오픈API
2025000566,서울특별시,강남구,,역삼동,역삼센트럴자이,87,입주예정,2028-08,청약홈 분양정보 오픈API
2025000582,인천광역시,,인천연수구,송도동,송도 한내들 센트럴리버,501,입주예정,2029-03,청약홈 분양정보 오픈API
2025820016,경기도,,군포시,둔대동,군포대야미 A2블록 신혼희망타운(공공분양)(본청약),1003,입주예정,2029-08,청약홈 분양정보 오픈API
2025000601,경상남도,,창원성산구,신월동,창원 센트럴 아이파크,36,입주예정,2026-09,청약홈 분양정보 오픈API
2025000591,경기도,,시흥시,,시흥거모 엘가 로제비앙,480,입주예정,2029-01,청약홈 분양정보 오픈API
2025000587,충청남도,,홍성군,홍북읍,e편한세상 내포 에듀플라츠(민영주택),122,입주예정,2028-08,청약홈 분양정보 오픈API
2025000586,충청남도,,홍성군,홍북읍,e편한세상 내포 에듀플라츠(공공주택),605,입주예정,2028-08,청약홈 분양정보 오픈API
2025000554,경기도,,수원권선구,당수동,서수원 에피트 센트럴마크(M1BL),190,입주예정,2028-09,청약홈 분양정보 오픈API
2025000553,경기도,,수원권선구,당수동,서수원 에피트 센트럴마크(M2BL),280,입주예정,2028-09,청약홈 분양정보 오픈API
2025000545,경기도,,이천시,증포동,이천 증포5지구 칸타빌 에듀파크,355,입주예정,2028-10,청약홈 분양정보 오픈API
2025820017,경기도,,남양주시,퇴계원읍,남양주왕숙 A-24블록 신혼희망타운(공공분양)(본청약),390,입주예정,2028-12,청약홈 분양정보 오픈API
2025000604,경기도,,남양주시,퇴계원읍,남양주왕숙지구 B-17블록 공공분양주택(본청약),491,입주예정,2028-12,청약홈 분양정보 오픈API
2025000592,제주특별자치도,,제주시,연동,이안 연동스퀘어,96,입주예정,2028-04,청약홈 분양정보 오픈API
2025000585,인천,,서구,원당동,인천 검단신도시 AB13블록 호반써밋Ⅲ(본청약),492,입주예정,2026-12,청약홈 분양정보 오픈API
2025000583,제주특별자치도,,제주시,도련일동,영도갤럭시타운 도련2차,113,입주예정,2025-12,청약홈 분양정보 오픈API
2025000567,경기도,,부천오정구,여월동,여월 중앙하이츠 아르비채,37,입주예정,2026-10,청약홈 분양정보 오픈API
2025000596,충청북도,,청주상당구,지북동,청주지북지구 B1블록 공공분양주택,757,입주예정,2028-03,청약홈 분양정보 오픈API
2025000590,전라남도,,나주시,이창동,나주영산 윤슬의아침 더정원,140,입주예정,2027-05,청약홈 분양정보 오픈API
2025000580,울산광역시,,울산남구,야음동,울산 호수공원 에일린의 뜰 2단지,210,입주예정,2028-09,청약홈 분양정보 오픈API
2025000579,울산광역시,,울산남구,야음동,울산 호수공원 에일린의 뜰 1단지,310,입주예정,2028-05,청약홈 분양정보 오픈API
2025000575,충청남도,,천안시,청당동,두산위브더제니스 센트럴 천안,1202,입주예정,2029-01,청약홈 분양정보 오픈API
2025000573,경기도,,김포시,북변동,김포북변 칸타빌 디 에디션,612,입주예정,2029-12,청약홈 분양정보 오픈API
2025000564,경기도,,화성시,남양읍,화성 남양뉴타운 우미 린 에듀하이,556,입주예정,2028-07,청약홈 분양정보 오픈API
2025000563,세종특별자치시,,세종시,합강동,엘리프 세종 스마트시티,424,입주예정,2028-02,청약홈 분양정보 오픈API
2025000560,인천광역시,,인천미추홀구,학익동,시티오씨엘 8단지,1349,입주예정,2029-07,청약홈 분양정보 오픈API
2025000549,경기도,,의왕시,고천동,의왕시청역 SK VIEW IPARK,958,입주예정,2030-01,청약홈 분양정보 오픈API
2025000423,경기도,,안양만안구,안양동,안양자이 헤리티온,639,입주예정,2029-09,청약홈 분양정보 오픈API
2025000565,전북특별자치도,,순창군,순창읍,대상 웰라움 순창,264,입주예정,2027-11,청약홈 분양정보 오픈API
2025000558,충청남도,,천안동남구,(용곡동,천안 용곡 두산위브,48,입주예정,2025-12,청약홈 분양정보 오픈API
2025000550,경기도,,부천오정구,원종동,엘리프 원종,98,입주예정,2028-01,청약홈 분양정보 오픈API
2025000547,경기도,,시흥시,거모동,시흥거모지구 대방 엘리움 더 루체Ⅱ(B-2BL),270,입주예정,2028-08,청약홈 분양정보 오픈API
2025000546,경기도,,시흥시,거모동,시흥거모지구 대방 엘리움 더 루체Ⅰ(S-2BL),382,입주예정,2028-08,청약홈 분양정보 오픈API
2025000542,울산광역시,,울산울주군,범서읍,울산 다운2지구 유승한내들 에듀포레,507,입주예정,2028-09,청약홈 분양정보 오픈API
2025000537,경기도,,성남수정구,복정동,성남복정1지구 B1블록 복정역 에피트,315,입주예정,2028-04,청약홈 분양정보 오픈API
2025000532,전북특별자치도,,전주덕진구,,송천 아르티엠 더 숲,244,입주예정,2028-06,청약홈 분양정보 오픈API
2025000526,경상남도,,김해시,,김해율하 더스카이시티 제니스앤프라우(조합원취소분),27,입주예정,2025-12,청약홈 분양정보 오픈API
2025000420,경상남도,,창원성산구,신촌동,성산 더리브 포레스트,143,입주예정,2027-12,청약홈 분양정보 오픈API
2025000530,경기도,,남양주시,,남양주 별내리슈빌아파트 분양전환 후 잔여세대,34,입주예정,2026-01,청약홈 분양정보 오픈API
2025000315,경상북도,,울진군,후포면,마린시티,30,입주예정,2025-12,청약홈 분양정보 오픈API
2025000556,경기도,,광명시,광명4동,힐스테이트 광명 11,652,입주예정,2029-06,청약홈 분양정보 오픈API
2025000555,경기도,,김포시,B2BL(사우동,풍무역세권 수자인 그라센트 1차,1071,입주예정,2029-01,청약홈 분양정보 오픈API
2025000515,울산광역시,,울산남구,신정동,문수로 코아루 에듀스카이,123,입주예정,2029-01,청약홈 분양정보 오픈API
2025000469,경기도,,양평군,양평읍,효성해링턴 플레이스 양평,455,입주예정,2028-04,청약홈 분양정보 오픈API
2025000464,경상남도,,김해시,안동,김해 안동 에피트,765,입주예정,2029-04,청약홈 분양정보 오픈API
2025000548,부산광역시,,부산강서구,화전동,명지화전 우방아이유쉘 우선분양전환 후 잔여세대(2차),658,입주예정,2025-12,청약홈 분양정보 오픈API
2025000551,부산광역시,,부산동래구,온천동,동래 에코팰리스 아시아드 리안,291,입주예정,2030-01,청약홈 분양정보 오픈API
2025000535,대구광역시,,대구달서구,두류동,두류센트레빌 더 파크(조합원 취소분)(2회차),1,입주예정,2026-01,청약홈 분양정보 오픈API
2025000527,서울특별시,서초구,,반포동,반포 래미안 트리니원,506,입주예정,2026-08,청약홈 분양정보 오픈API
2025000519,부산광역시,,부산동래구,온천동,해링턴플레이스 명륜역,242,입주예정,2029-01,청약홈 분양정보 오픈API
2025000501,경기도,,성남분당구,정자동,더샵 분당티에르원,102,입주예정,2027-10,청약홈 분양정보 오픈API
2025000307,경기도,,수원권선구,,엘리프 한신더휴 수원 D3블록(본청약),640,입주예정,2028-04,청약홈 분양정보 오픈API
2025000295,경기도,,수원권선구,,엘리프 한신더휴 수원 C3블록(본청약),440,입주예정,2027-12,청약홈 분양정보 오픈API
2025000541,대전광역시,,대전유성구,도룡동,도룡자이 라피크,299,입주예정,2028-12,청약홈 분양정보 오픈API
2025000529,경기도,,평택시,장안동,브레인시티 비스타동원,1600,입주예정,2028-12,청약홈 분양정보 오픈API
2025000506,경기도,,부천소사구,,엠타워 디루체,32,입주예정,2025-12,청약홈 분양정보 오픈API
2025000457,전라남도,,여수시,학동,효성해링턴 플레이스 여수,278,입주예정,2029-08,청약홈 분양정보 오픈API
2025000514,경기도,,김포시,사우동,풍무역 푸르지오 더 마크,1524,입주예정,2028-11,청약홈 분양정보 오픈API
2025000512,경상북도,,영주시,휴천동,효성해링턴 플레이스 영주 더리버,445,입주예정,2028-09,청약홈 분양정보 오픈API
2025000487,경기,,파주시,서패동,운정 아이파크 시티,3250,입주예정,2028-12,청약홈 분양정보 오픈API
2025000486,경상북도,,김천시,율곡동,김천혁신도시 동일하이빌 파크레인,349,입주예정,2028-10,청약홈 분양정보 오픈API
2025000472,경기도,,안양만안구,석수동,만안역 중앙하이츠 포레,47,입주예정,2028-01,청약홈 분양정보 오픈API
2025000425,인천광역시,,인천미추홀구,용현동,인하대역 수자인 로이센트,959,입주예정,2029-04,청약홈 분양정보 오픈API
2025000507,경상남도,,김해시,진례면,김해진례 C-1블록 공공분양주택,387,입주예정,2028-03,청약홈 분양정보 오픈API
2025000498,충청남도,,서산시,예천동,트리븐 서산,829,입주예정,2029-01,청약홈 분양정보 오픈API
2025000508,충청북도,,제천시,신백동,제천 신백 선광로즈웰아파트 우선 분양전환 후 잔여세대,182,입주예정,2025-11,청약홈 분양정보 오픈API
2025000500,전북특별자치도,,완주군,이서면,전주·완주 혁신도시 에코르 2단지 공가세대 일반공급,27,입주예정,2025-12,청약홈 분양정보 오픈API
2025000513,대전광역시,,대전동구,대동,대전대동2 1블록 공공분양주택,881,입주예정,2029-02,청약홈 분양정보 오픈API
2025000509,충청남도,,천안서북구,부대동,천안 휴먼빌 퍼스트시티,1232,입주예정,2029-05,청약홈 분양정보 오픈API
2025000499,경기,,김포시,사우동,김포 풍무역세권 B5블록 호반써밋,956,입주예정,2028-10,청약홈 분양정보 오픈API
2025000468,전라남도,,무안군,일로읍,오룡2지구 지엔하임 38블록,422,입주예정,2028-12,청약홈 분양정보 오픈API
2025000467,전라남도,,무안군,일로읍,오룡2지구 지엔하임 37블록,371,입주예정,2028-12,청약홈 분양정보 오픈API
2025000466,충청북도,,청주흥덕구,신봉동,두산위브더제니스 청주 센트럴파크,705,입주예정,2029-02,청약홈 분양정보 오픈API
2025000443,경상북도,,구미시,광평동,두산위브더제니스 구미,403,입주예정,2029-05,청약홈 분양정보 오픈API
2025000462,부산광역시,,부산사상구,감전동,더파크 비스타동원,852,입주예정,2029-01,청약홈 분양정보 오픈API
2025000449,경기도,,양주시,,회천중앙역 파라곤,845,입주예정,2028-02,청약홈 분양정보 오픈API
2025000438,광주광역시,,광주광산구,,송정공원역 대라수 우선 분양전환 후 잔여세대,37,입주예정,2025-11,청약홈 분양정보 오픈API
2025000430,서울특별시,동작구,,사당동,힐스테이트 이수역센트럴,170,입주예정,2028-04,청약홈 분양정보 오픈API
2025000474,울산광역시,,울산울주군,범서읍,울산태화강변지구 A-2블록 공공분양주택,277,입주예정,2027-11,청약홈 분양정보 오픈API
2025000470,경기도,,남양주시,진접읍,남양주진접2지구 A-7블록 공공분양주택 입주자모집(본청약),405,입주예정,2028-09,청약홈 분양정보 오픈API
2025000445,충청북도,,청주흥덕구,,청주 롯데캐슬 시그니처,459,입주예정,2029-03,청약홈 분양정보 오픈API
2025000412,경기도,,고양일산동구,식사동,식사 푸르지오 파크센트,36,입주예정,2028-06,청약홈 분양정보 오픈API
2025000400,충청남도,,천안서북구,,천안 백석 중흥S-클래스 우선 분양전환 후 잔여세대,116,입주예정,2025-11,청약홈 분양정보 오픈API
2025820015,경기도,,시흥시,하중동,시흥하중 A4블록 신혼희망타운(공공분양)(본청약),390,입주예정,2028-07,청약홈 분양정보 오픈API
2025000450,경기도,,구리시,교문동,중흥S-클래스 힐더포레,637,입주예정,2029-02,청약홈 분양정보 오픈API
2025000448,충청남도,,아산시,,아산모종 서한이다음 노블리스(A1BL),969,입주예정,2028-09,청약홈 분양정보 오픈API
2025000447,인천광역시,,인천서구,석남동,석남역 센트럴파크 그랑베르,101,입주예정,2027-06,청약홈 분양정보 오픈API
2025000442,부산광역시,,부산부산진구,가야동,힐스테이트 가야 2단지,81,입주예정,2026-12,청약홈 분양정보 오픈API
2025000441,부산광역시,,부산부산진구,가야동,힐스테이트 가야 1단지,406,입주예정,2026-12,청약홈 분양정보 오픈API
2025000440,부산광역시,,부산동래구,사직2동,힐스테이트 사직 아시아드,302,입주예정,2029-02,청약홈 분양정보 오픈API
2025000439,서울특별시,중랑구,,망우동,상봉 센트럴 아이파크,242,입주예정,2030-03,청약홈 분양정보 오픈API
2025000437,울산광역시,,울산울주군,삼남읍,울산역 폴리시아 아이유쉘,357,입주예정,2029-01,청약홈 분양정보 오픈API
2025000435,인천광역시,,인천서구,,검단 센트레빌 에듀시티(AB8BL),1534,입주예정,2028-08,청약홈 분양정보 오픈API
2025000431,경기도,,안성시,(옥산동,안성 아양지구 B-2블록 금성백조 예미지,657,입주예정,2028-06,청약홈 분양정보 오픈API
2025000429,경기도,,광명시,철산3동,철산역자이,650,입주예정,2029-05,청약홈 분양정보 오픈API
2025000428,인천광역시,,인천부평구,부개동,두산위브앤수자인 부평 더퍼스트,514,입주예정,2028-09,청약홈 분양정보 오픈API
2025000418,경기도,,오산시,서동,오산 세교 우미 린 레이크시티,1424,입주예정,2029-07,청약홈 분양정보 오픈API
2025000415,부산광역시,,부산해운대구,우동,베뉴브 해운대,629,입주예정,2029-05,청약홈 분양정보 오픈API
2025000401,충청남도,,아산시,탕정면,아산탕정 동일하이빌 파크레인,738,입주예정,2029-01,청약홈 분양정보 오픈API
2025000373,인천광역시,,인천중구,,숭의역 라온프라이빗 스카이브,170,입주예정,2027-09,청약홈 분양정보 오픈API
2025000364,울산광역시,,울산남구,무거동,한화포레나 울산무거,816,입주예정,2028-11,청약홈 분양정보 오픈API
2025000380,경기도,,오산시,,힐스테이트 오산 더퍼스트(조합원 자격상실 및 제명세대),17,입주예정,2025-12,청약홈 분양정보 오픈API
2025000436,광주광역시,,광주남구,,더 퍼스트 데시앙,71,입주예정,2025-10,청약홈 분양정보 오픈API
2025000424,광주광역시,,광주남구,지석동,힐스테이트 지석,53,입주예정,2025-10,청약홈 분양정보 오픈API
2025000413,부산광역시,,부산동구,범일동,퀸즈이즈카운티,268,입주예정,2026-02,청약홈 분양정보 오픈API
2025000367,부산광역시,,부산부산진구,부암동,서면 어반센트 데시앙,211,입주예정,2027-09,청약홈 분양정보 오픈API
2025000319,인천광역시,,인천미추홀구,,인천 힐스테이트 숭의역,17,입주예정,2025-10,청약홈 분양정보 오픈API
2025000417,울산광역시,,울산울주군,청량읍,문수데시앙2단지 공가세대 일반공급,27,입주예정,2025-11,청약홈 분양정보 오픈API
2025000259,경상북도,,고령군,다산면,다산 월드메르디앙 센텀하이,463,입주예정,2026-07,청약홈 분양정보 오픈API
2025000399,서울특별시,영등포구,,신길동,대방역 여의도 더로드캐슬,46,입주예정,2025-10,청약홈 분양정보 오픈API
2025000398,부산광역시,,부산강서구,화전동,명지화전 우방아이유쉘 우선분양전환 후 잔여세대,305,입주예정,2025-10,청약홈 분양정보 오픈API
2025000397,인천광역시,,인천미추홀구,도화동,두산위브 더센트럴 도화,412,입주예정,2028-11,청약홈 분양정보 오픈API
2025000388,서울특별시,마포구,,동교동,홍대입구역 센트럴 아르떼 해모로,52,입주예정,2026-11,청약홈 분양정보 오픈API
2025000372,인천광역시,,인천강화군,선원면,두산위브 센트럴파크 강화,371,입주예정,2028-03,청약홈 분양정보 오픈API
2025000366,충청남도,,천안서북구,부대동,천안 아이파크 시티 2단지,977,입주예정,2028-08,청약홈 분양정보 오픈API
2025000365,경기도,,수원영통구,영통동,망포역 푸르지오 르마크,615,입주예정,2030-02,청약홈 분양정보 오픈API
2025000251,경기도,,부천오정구,오정동,오정 해모로 스마트시티,47,입주예정,2027-07,청약홈 분양정보 오픈API
2025000408,경기도,,의정부시,녹양동,의정부우정 A1블록 공공분양주택(본청약),538,입주예정,2028-06,청약홈 분양정보 오픈API
2025000379,경상남도,,김해시,신문동,더샵 신문그리니티 2차,695,입주예정,2028-07,청약홈 분양정보 오픈API
2025000357,경기도,,의정부시,용현동,탑석 푸르지오 파크7,935,입주예정,2029-03,청약홈 분양정보 오픈API
2025000387,부산광역시,,부산강서구,강동동,에코델타시티 푸르지오 트레파크(11BL),1370,입주예정,2028-09,청약홈 분양정보 오픈API
2025000378,경기도,,용인처인구,고림동,용인 고진역 대광로제비앙,860,입주예정,2028-07,청약홈 분양정보 오픈API
2025000370,경기도,,양주시,덕계동,지웰 엘리움 양주 덕계역,1355,입주예정,2029-04,청약홈 분양정보 오픈API
2025000341,강원특별자치도,,춘천시,삼천동,춘천 레이크시티 2차 아이파크,218,입주예정,2028-09,청약홈 분양정보 오픈API
2025000302,인천광역시,,인천서구,,엘리프 검단 포레듀(AA32블록),669,입주예정,2028-03,청약홈 분양정보 오픈API
2025000353,서울특별시,송파구,,신천동,잠실 르엘,216,입주예정,2026-01,청약홈 분양정보 오픈API
2025000358,울산광역시,,울산중구,우정동,더폴 우정,316,입주예정,2029-08,청약홈 분양정보 오픈API
2025820014,경기도,,과천시,과천동,과천주암지구 C2블록 신혼희망타운(공공분양)(본청약),686,입주예정,2028-06,청약홈 분양정보 오픈API
2025000329,강원특별자치도,,원주시,AC-5블럭(무실동,원주역 우미 린 더 스텔라,927,입주예정,2029-05,청약홈 분양정보 오픈API
2025000340,부산광역시,,부산부산진구,전포동,서면 써밋 더뉴,919,입주예정,2031-04,청약홈 분양정보 오픈API
2025000338,충청북도,,충주시,연수동,충주연수 경남아너스빌 센터원,243,입주예정,2028-05,청약홈 분양정보 오픈API
2025000328,경기도,,과천시,주암동,디에이치 아델스타,348,입주예정,2028-09,청약홈 분양정보 오픈API
2025000266,경상남도,,김해시,삼계동,김해 삼계 동일스위트,299,입주예정,2026-01,청약홈 분양정보 오픈API
2025000350,경기도,,화성시,오산동,화성동탄2지구 C-14블록 6년 분양전환공공임대주택(본청약),610,입주예정,2028-07,청약홈 분양정보 오픈API
2025000311,부산광역시,,부산수영구,남천동,써밋 리미티드 남천,835,입주예정,2029-07,청약홈 분양정보 오픈API
2025820011,경기도,,남양주시,진접읍,남양주진접2 지구 A-4블록 신혼희망타운(공공분양) 입주자모집(본청약),255,입주예정,2028-04,청약홈 분양정보 오픈API
2025000316,경기도,,남양주시,진접읍,남양주진접2지구 A-1블록 공공분양주택 입주자모집(본청약),920,입주예정,2028-07,청약홈 분양정보 오픈API
2025820012,경기도,,구리시,갈매동,구리갈매역세권 A-1블록 신혼희망타운(공공분양)(본청약),1182,입주예정,2028-09,청약홈 분양정보 오픈API
2025000325,경기도,,남양주시,진접읍,왕숙 푸르지오 더 퍼스트 2단지 공공분양주택(본청약),587,입주예정,2028-06,청약홈 분양정보 오픈API
2025000324,경기도,,남양주시,진접읍,왕숙 푸르지오 더 퍼스트 1단지 공공분양주택(본청약),560,입주예정,2028-05,청약홈 분양정보 오픈API
2025000306,전북특별자치도,,정읍시,상동,정읍 상동 예다음2차,221,입주예정,2028-11,청약홈 분양정보 오픈API
2025000291,강원특별자치도,,춘천시,동면,춘천 동문 디 이스트 어반포레,569,입주예정,2028-10,청약홈 분양정보 오픈API
2025000281,전북특별자치도,,전주완산구,,전주 라온프라이빗 퍼스티브,507,입주예정,2028-03,청약홈 분양정보 오픈API
2025000270,서울특별시,동대문구,,제기동,제기동역 아이파크,82,입주예정,2028-09,청약홈 분양정보 오픈API
2025000260,경상남도,,창원진해구,자은동,트리븐 창원,434,입주예정,2028-08,청약홈 분양정보 오픈API
2025820013,경기도,,남양주시,퇴계원읍,남양주왕숙 A-2블록 신혼희망타운(공공분양)(본청약),401,입주예정,2028-08,청약홈 분양정보 오픈API
2025000326,경기도,,남양주시,퇴계원읍,남양주왕숙 A1블록 공공분양주택(본청약),629,입주예정,2028-08,청약홈 분양정보 오픈API
2025000312,대전광역시,,대전중구,선화동,선화동 참좋은아파트 우선분양전환 후 잔여세대(2차),2,입주예정,2027-01,청약홈 분양정보 오픈API
2025000305,충청북도,,청주서원구,사직동,청주 센텀 푸르지오 자이,1538,입주예정,2028-12,청약홈 분양정보 오픈API
2025000304,전라남도,,순천시,해룡면,광양만권경제자유구역 신대배후단지 B-6BL 중흥S-클래스 5단지,25,입주예정,2025-08,청약홈 분양정보 오픈API
2025000310,광주광역시,,광주동구,산수동,무등산 경남아너스빌 디원,293,입주예정,2028-04,청약홈 분양정보 오픈API
2025000298,강원특별자치도,,삼척시,교동,트리븐 삼척,418,입주예정,2028-08,청약홈 분양정보 오픈API
2025000290,부산광역시,,부산부산진구,가야동,가야역 롯데캐슬 스카이엘,725,입주예정,2026-01,청약홈 분양정보 오픈API
2025000287,경기도,,군포시,속달동,대야미역 금강펜테리움 레이크포레(B1BL),452,입주예정,2028-05,청약홈 분양정보 오픈API
2025000031,부산광역시,,부산동구,초량동,북항 월드메르디앙 그랑블루,68,입주예정,2025-08,청약홈 분양정보 오픈API
2025000300,제주특별자치도,,제주시,외도일동,외도 성원상떼빌,83,입주예정,2026-02,청약홈 분양정보 오픈API
2025000285,충청북도,,청주서원구,장성동,신분평 더웨이시티 제일풍경채,655,입주예정,2028-05,청약홈 분양정보 오픈API
2025000255,경기도,,의정부시,호원동,힐스테이트 회룡역파크뷰,674,입주예정,2026-04,청약홈 분양정보 오픈API
2025000189,경기도,,용인처인구,양지면,클러스터용인 경남아너스빌,997,입주예정,2028-12,청약홈 분양정보 오픈API
2024000694,부산광역시,,부산해운대구,재송동,르엘 리버파크 센텀,2070,입주예정,2030-05,청약홈 분양정보 오픈API
2025000303,충청남도,,부여군,부여읍,부여 골드클래스,413,입주예정,2027-05,청약홈 분양정보 오픈API
2025000282,대구광역시,,대구달서구,두류동,두류센트레빌 더 파크(조합원 취소분),27,입주예정,2025-08,청약홈 분양정보 오픈API
2025000274,경기도,,김포시,풍무동,해링턴플레이스 풍무(3BL),239,입주예정,2028-08,청약홈 분양정보 오픈API
2025000273,경기도,,김포시,풍무동,해링턴플레이스 풍무(2BL),664,입주예정,2028-08,청약홈 분양정보 오픈API
2025000271,경기도,,김포시,풍무동,해링턴플레이스 풍무(1BL),670,입주예정,2028-08,청약홈 분양정보 오픈API
2025000253,인천광역시,,인천서구,,검단호수공원역 중흥S-클래스,1010,입주예정,2028-08,청약홈 분양정보 오픈API
2025000248,충청남도,,아산시,신창면,아산 신창1차 광신프로그레스,450,입주예정,2026-09,청약홈 분양정보 오픈API
2025000275,광주광역시,,광주북구,신용동,힐스테이트 신용 더리버(조합원 취소분),15,입주예정,2025-08,청약홈 분양정보 오픈API
2025000280,경기도,,고양일산동구,대화동,고양장항지구 S-1블록 공공분양주택 (본청약),869,입주예정,2028-03,청약홈 분양정보 오픈API
2025820010,서울특별시,노원구,,공릉동,서울공릉지구 신혼희망타운(공공분양) 추가 입주자 모집공고,3,입주예정,2027-10,청약홈 분양정보 오픈API
2025000267,서울특별시,영등포구,,,리버센트 푸르지오 위브,175,입주예정,2029-01,청약홈 분양정보 오픈API
2025000254,경기도,,시흥시,은행동,시흥 은계 에피트,30,입주예정,2026-10,청약홈 분양정보 오픈API
2025000252,대전광역시,,대전중구,문화동,대전 문화공원 수자인,509,입주예정,2027-11,청약홈 분양정보 오픈API
2025000249,인천광역시,,인천연수구,청학동,송도역 한신더휴 프레스턴,208,입주예정,2028-04,청약홈 분양정보 오픈API
2025000247,전라남도,,해남군,해남읍,파크레스트 해남,294,입주예정,2027-07,청약홈 분양정보 오픈API
2025000242,경기도,,이천시,부발읍,부발역 에피트 에디션,706,입주예정,2028-02,청약홈 분양정보 오픈API
2025000239,대구광역시,,대구수성구,범어동,대구 범어 2차 아이파크,92,입주예정,2025-11,청약홈 분양정보 오픈API
2025000237,울산광역시,,울산중구,우정동,울산 우정 에피트(조합원 취소분),55,입주예정,2027-01,청약홈 분양정보 오픈API
2025000222,경기도,,김포시,고촌읍,오퍼스 한강 스위첸,1029,입주예정,2028-08,청약홈 분양정보 오픈API
2025000207,경기도,,평택시,고덕동,고덕 자연앤 하우스디(A4BL)(국민),328,입주예정,2028-02,청약홈 분양정보 오픈API
2025000206,경기도,,평택시,고덕동,고덕 자연앤 하우스디(A4BL)(민영),189,입주예정,2028-02,청약홈 분양정보 오픈API
2025000203,대전광역시,,대전중구,선화동,대전 하늘채 루시에르(1회차),657,입주예정,2029-07,청약홈 분양정보 오픈API
2025000163,부산광역시,,부산부산진구,부전동,쌍용 더 플래티넘 서면,432,입주예정,2029-07,청약홈 분양정보 오픈API
2025000105,부산광역시,,부산동래구,온천동,쌍용 더 플래티넘 동래 아시아드,137,입주예정,2028-08,청약홈 분양정보 오픈API
2025000263,경기도,,광주시,탄벌동,광주 탄벌 서희스타힐스 2단지,34,입주예정,2025-08,청약홈 분양정보 오픈API
2025000262,경기도,,광주시,탄벌동,광주 탄벌 서희스타힐스 1단지,32,입주예정,2025-08,청약홈 분양정보 오픈API
2025000258,경기도,,평택시,장안동,브레인시티 메디스파크 로제비앙 모아엘가,1215,입주예정,2028-05,청약홈 분양정보 오픈API
2025000250,서울특별시,성동구,,,오티에르 포레,88,입주예정,2027-07,청약홈 분양정보 오픈API
2025000244,충청남도,,아산시,탕정면,아산탕정자이 센트럴시티(A2BL),1238,입주예정,2028-02,청약홈 분양정보 오픈API
2025000257,경상남도,,양산시,평산동,양산자이 파크팰리체,842,입주예정,2028-07,청약홈 분양정보 오픈API
2025000246,경기도,,안양만안구,박달2동,호현 센트럴 아이파크,144,입주예정,2028-05,청약홈 분양정보 오픈API
2025000238,광주광역시,,광주남구,봉선동,봉선동 르오네뜨 2차,56,입주예정,2027-12,청약홈 분양정보 오픈API
2025000233,경기도,,광주시,역동,해링턴 스퀘어 리버파크,817,입주예정,2029-10,청약홈 분양정보 오픈API
2025000205,경기도,,용인기흥구,동백동,동백호수공원 두산위브더제니스(조합원 취소분),18,입주예정,2025-11,청약홈 분양정보 오픈API
2025000234,부산광역시,,부산사하구,장림동,ESTIA 신장림 센트럴,108,입주예정,2026-06,청약홈 분양정보 오픈API
2025000227,충청북도,,청주상당구,방서동,동남 하늘채 에디크 공공분양주택,650,입주예정,2028-03,청약홈 분양정보 오픈API
2025000226,대전광역시,,대전동구,천동,리더스시티 5블록(보류지) 공공분양주택,1,입주예정,2025-08,청약홈 분양정보 오픈API
2025000192,대구광역시,,대구수성구,범어동,어나드 범어,604,입주예정,2026-01,청약홈 분양정보 오픈API
2025000217,광주광역시,,광주광산구,,선운지구다사로움 공가세대 일반공급,28,입주예정,2025-08,청약홈 분양정보 오픈API
2025000199,경기도,,평택시,진위면,진위역 서희스타힐스 더 파크뷰(3차),53,입주예정,2027-02,청약홈 분양정보 오픈API
2025000179,경기도,,여주시,홍문동,여주역 로제비앙 더센텀,744,입주예정,2028-04,청약홈 분양정보 오픈API
2025000197,경기도,,안성시,옥산동,안성 아양지구 B-3-1BL 영무예다음,288,입주예정,2028-05,청약홈 분양정보 오픈API
2025820009,경기도,,성남수정구,창곡동,성남복정1 A2블록 신혼희망타운(공공분양) 잔여세대 입주자모집,1,입주예정,2025-12,청약홈 분양정보 오픈API
2025820008,서울특별시,영등포구,,신길동,서울대방 신혼희망타운(공공분양) 잔여세대 입주자모집공고,2,입주예정,2027-06,청약홈 분양정보 오픈API
2025000200,경기도,,평택시,,평택 고덕국제신도시 A48블록 금성백조 예미지,431,입주예정,2026-08,청약홈 분양정보 오픈API
2025000196,경기도,,오산시,벌음동,오산 세교2지구 A12블록 공공분양주택 입주자모집,433,입주예정,2027-11,청약홈 분양정보 오픈API
2025000191,광주광역시,,광주남구,월산동,두산위브 트레지움 월산,71,입주예정,2026-12,청약홈 분양정보 오픈API
2025000178,전라남도,,광양시,마동,더샵 광양레이크센텀 (2회차),208,입주예정,2027-01,청약홈 분양정보 오픈API
2025000195,서울특별시,강동구,,길동,디 아테온(THE ATHEON),64,입주예정,2026-07,청약홈 분양정보 오픈API
2025000194,서울특별시,강동구,,상일동,고덕강일 대성베르힐,613,입주예정,2027-10,청약홈 분양정보 오픈API
2025820007,경기도,,부천시,괴안동,부천괴안 B-1블록 신혼희망타운(공공분양) 추가모집,1,입주예정,2025-11,청약홈 분양정보 오픈API
2025820006,경기도,,의왕시,월암동,의왕월암 A-3블록 신혼희망타운(공공분양) 추가입주자 모집,77,입주예정,2028-04,청약홈 분양정보 오픈API
2025820004,경기도,,의왕시,월암동,의왕월암 A-1블록 신혼희망타운(공공분양) 추가입주자 모집,111,입주예정,2027-11,청약홈 분양정보 오픈API
2025000167,서울특별시,중랑구,,중화동,리버센 SK VIEW 롯데캐슬,30,입주예정,2025-06,청약홈 분양정보 오픈API
2025000118,경기도,,평택시,공동,평택 브레인시티 10BL 앤네이처 미래도,1413,입주예정,2028-07,청약홈 분양정보 오픈API
2025000186,광주광역시,,광주서구,마륵동,상무 양우내안애 퍼스트힐(조합원 취소분),10,입주예정,2026-05,청약홈 분양정보 오픈API
2025000190,전북특별자치도,,완주군,이서면,전주·완주 혁신도시 에코르 2단지 공가세대 일반공급,28,입주예정,2025-06,청약홈 분양정보 오픈API
2025000177,서울특별시,은평구,,대조동,힐스테이트 메디알레,483,입주예정,2026-10,청약홈 분양정보 오픈API
2025000176,경상북도,,의성군,의성읍,의성 골든렉시움,90,입주예정,2025-06,청약홈 분양정보 오픈API
2025000152,경기도,,화성시,산척동,동탄 포레파크 자연앤 푸르지오(A76-2BL)(국민),1121,입주예정,2028-07,청약홈 분양정보 오픈API
2025000150,경기도,,화성시,산척동,동탄 포레파크 자연앤 푸르지오(A76-2BL)(민영),403,입주예정,2028-07,청약홈 분양정보 오픈API
2025000148,대구광역시,,대구동구,신천동,벤처밸리 푸르지오,540,입주예정,2026-04,청약홈 분양정보 오픈API
2025000147,경기도,,화성시,산척동,동탄 꿈의숲 자연앤 데시앙(A78BL),1170,입주예정,2028-06,청약홈 분양정보 오픈API
2025000053,부산광역시,,부산금정구,부곡동,더샵 금정위버시티(조합원 취소분),30,입주예정,2027-02,청약홈 분양정보 오픈API
2025000164,서울특별시,구로구,,고척동,고척 푸르지오 힐스테이트,576,입주예정,2028-08,청약홈 분양정보 오픈API
2025000165,부산광역시,,부산강서구,강동동,에코델타시티 중흥S-클래스 에듀리버,728,입주예정,2028-06,청약홈 분양정보 오픈API
2025820003,경기도,,부천시,,e편한세상 대장 퍼스티움(부천대장 A-6BL) 신혼희망타운(공공분양),461,입주예정,2027-11,청약홈 분양정보 오픈API
2025820002,경기도,,부천시,,e편한세상 대장 퍼스티움(부천대장 A-5BL) 신혼희망타운(공공분양),638,입주예정,2027-11,청약홈 분양정보 오픈API
2025000168,대구광역시,,대구수성구,지산동,더파크 수성못,108,입주예정,2025-09,청약홈 분양정보 오픈API
2025000161,경상북도,,안동시,용상동,트리븐 안동,418,입주예정,2028-12,청약홈 분양정보 오픈API
2025000160,경기도,,부천오정구,병방동,부천대장 A8블록 공공분양(본청약),392,입주예정,2028-01,청약홈 분양정보 오픈API
2025000158,경기도,,부천시,삼정동,부천대장 A7블록 공공분양(본청약),473,입주예정,2028-01,청약홈 분양정보 오픈API
2025000139,경기도,,고양덕양구,주교동,고양 더샵포레나,636,입주예정,2028-02,청약홈 분양정보 오픈API
2025000157,부산광역시,,부산해운대구,중동,해운대경동리인뷰,166,입주예정,2028-08,청약홈 분양정보 오픈API
2025000127,경기도,,수원장안구,이목동,북수원이목지구 대방 디에트르 더 리체Ⅱ(A3BL),1744,입주예정,2028-05,청약홈 분양정보 오픈API
2025000151,부산광역시,,부산부산진구,,디 에이션 파크 부산,69,입주예정,2025-05,청약홈 분양정보 오픈API
2025000149,충청남도,,서산시,성연면,서산 테크노밸리 고운하이츠 우선분양전환 후 잔여세대,93,입주예정,2025-05,청약홈 분양정보 오픈API
2025000154,인천광역시,,인천연수구,송도동,더샵 송도마리나베이(조합원 자격상실세대 3회차),1,입주예정,2025-05,청약홈 분양정보 오픈API
2025000145,충청남도,,천안서북구,성성동,성성자이 레이크파크(2회차),221,입주예정,2028-02,청약홈 분양정보 오픈API
2025000144,부산광역시,,부산장안지구,장안읍,부산 장안지구 우미 린 프리미어,419,입주예정,2027-12,청약홈 분양정보 오픈API
2025000135,서울특별시,중구,,황학동,청계 노르웨이숲,97,입주예정,2028-07,청약홈 분양정보 오픈API
2025000134,인천광역시,,인천미추홀구,학익동,시티오씨엘 7단지,1453,입주예정,2028-11,청약홈 분양정보 오픈API
2025000129,경기도,,의왕시,,제일풍경채 의왕고천(본청약),466,입주예정,2026-03,청약홈 분양정보 오픈API
2025000113,부산광역시,,부산사하구,당리동,더샵 당리센트리체,358,입주예정,2027-07,청약홈 분양정보 오픈API
2025000107,울산광역시,,울산울주군,범서읍,태화강 에피트,307,입주예정,2027-07,청약홈 분양정보 오픈API
2025000101,경상남도,,양산시,중부동,우방아이유쉘 중부센트럴,34,입주예정,2026-03,청약홈 분양정보 오픈API
2025000094,경기도,,부천오정구,,원종 휴먼빌 클라츠,255,입주예정,2027-05,청약홈 분양정보 오픈API
2025000112,경기도,,부천오정구,고강동,고강역 신원아침도시 퍼스티지,47,입주예정,2026-08,청약홈 분양정보 오픈API
2025000115,경기도,,용인처인구,남동,용인 푸르지오 원클러스터 3단지,239,입주예정,2028-02,청약홈 분양정보 오픈API
2025000114,경기도,,용인처인구,남동,용인 푸르지오 원클러스터 2단지,1804,입주예정,2028-02,청약홈 분양정보 오픈API
2025000116,경기도,,양주시,회정동,회천중앙역 로제비앙 그랜드센텀,642,입주예정,2026-12,청약홈 분양정보 오픈API
2025000098,인천광역시,,인천부평구,산곡1동,해링턴 스퀘어 산곡역,1248,입주예정,2028-06,청약홈 분양정보 오픈API
2025000109,부산광역시,,부산해운대구,중동,해운대 하이루프33,44,입주예정,2025-08,청약홈 분양정보 오픈API
2025000104,경기도,,남양주시,평내동,두산위브더제니스 평내호평역 N49,548,입주예정,2029-05,청약홈 분양정보 오픈API
2025000100,충청북도,,청주흥덕구,문암동,청주테크노폴리스 아테라 2차(A7BL),576,입주예정,2028-02,청약홈 분양정보 오픈API
2025000091,경기도,,용인처인구,남사읍,힐스테이트 용인마크밸리,660,입주예정,2027-12,청약홈 분양정보 오픈API
2025000081,경기도,,양주시,남방동,양주역 제일풍경채 위너스카이,702,입주예정,2029-01,청약홈 분양정보 오픈API
2025000099,경기도,,구리시,수택동,구리 한양립스,68,입주예정,2027-11,청약홈 분양정보 오픈API
2025000093,경기도,,하남시,천현동,교산 푸르지오 더 퍼스트(본청약),1115,입주예정,2029-06,청약홈 분양정보 오픈API
2025000089,강원특별자치도,,강릉시,홍제동,강릉 영무예다음 어반포레,148,입주예정,2028-03,청약홈 분양정보 오픈API
2025000085,충청북도,,충주시,호암동,한화포레나 충주호암(조합원 취소분),148,입주예정,2027-08,청약홈 분양정보 오픈API
2025000084,부산광역시,,부산강서구,강동동,에코델타시티 아테라(24BL),1025,입주예정,2028-03,청약홈 분양정보 오픈API
2025000076,경기도,,김포시,풍무동,풍무역 롯데캐슬 시그니처,720,입주예정,2028-07,청약홈 분양정보 오픈API
2025000075,경상북도,,포항남구,대잠동,힐스테이트 더샵 상생공원 1단지,999,입주예정,2027-09,청약홈 분양정보 오픈API
2025000052,대전광역시,,대전서구,,대전 도마·변동 11구역 호반써밋 그랜드센트럴(조합원 취소분),4,입주예정,2025-04,청약홈 분양정보 오픈API
2025000048,경상남도,,창원진해구,여좌동,창원 메가시티 자이앤위브,2041,입주예정,2028-12,청약홈 분양정보 오픈API
2025000026,부산광역시,,부산동래구,낙민동,동래 반도 유보라,400,입주예정,2026-11,청약홈 분양정보 오픈API
2025000079,대전광역시,,대전동구,판암동,판암동 참좋은아파트 우선분양전환 후 잔여세대,29,입주예정,2025-05,청약홈 분양정보 오픈API
2025000078,대전광역시,,대전중구,선화동,선화동 참좋은아파트 우선분양전환 후 잔여세대,123,입주예정,2025-05,청약홈 분양정보 오픈API
2025000064,강원특별자치도,,원주시,(무실동,원주역 중흥S-클래스,508,입주예정,2028-06,청약홈 분양정보 오픈API
2025000063,대구광역시,,대구중구,남산동,반월당역 반도유보라,147,입주예정,2025-12,청약홈 분양정보 오픈API
2025000021,인천광역시,,인천미추홀구,용현동,용현 우방 아이유쉘 센트럴마린,196,입주예정,2026-12,청약홈 분양정보 오픈API
2024000749,전북특별자치도,,전주완산구,,본 아르떼 리버뷰,277,입주예정,2025-04,청약홈 분양정보 오픈API
2025000047,경상북도,,안동시,용상동,안동 용상 하늘채 리버스카이,548,입주예정,2027-10,청약홈 분양정보 오픈API
2025000043,경기도,,부천원미구,,부천 JY 포에시아,55,입주예정,2025-04,청약홈 분양정보 오픈API
2025000032,경기도,,성남분당구,,성남판교 산운마을9단지 대방노블랜드 아파트 우선 분양전환 후 잔여세대(15세대),15,입주예정,2025-04,청약홈 분양정보 오픈API
2025000037,울산광역시,,울산남구,신정동,문수로 센트레빌 에듀리체,368,입주예정,2028-03,청약홈 분양정보 오픈API
2025000028,대구광역시,,대구동구,신천동,e편한세상 동대구역 센텀스퀘어,322,입주예정,2025-11,청약홈 분양정보 오픈API
2025000025,광주광역시,,광주남구,진월동,진월 더리브 라포레,111,입주예정,2027-10,청약홈 분양정보 오픈API
2025000020,인천광역시,,인천미추홀구,숭의동,e편한세상 제물포역 파크메종(조합원 취소분),29,입주예정,2026-07,청약홈 분양정보 오픈API
2025000036,충청남도,,천안서북구,업성동,e편한세상 성성호수공원,1498,입주예정,2028-02,청약홈 분양정보 오픈API
2025000030,경상남도,,김해시,삼문동,이안 센트럴포레 장유 2단지,10,입주예정,2025-03,청약홈 분양정보 오픈API
2025000029,경상남도,,김해시,삼문동,이안 센트럴포레 장유 1단지,11,입주예정,2025-03,청약홈 분양정보 오픈API
2025000027,울산광역시,,울산중구,우정동,우정동 한양립스 더 센트럴,99,입주예정,2026-04,청약홈 분양정보 오픈API
2025000005,부산광역시,,부산연제구,거제동,거제역 양우내안애 아시아드,168,입주예정,2026-09,청약홈 분양정보 오픈API
2025000017,대구광역시,,대구달서구,두류동,두류센트레빌 더 파크,52,입주예정,2025-04,청약홈 분양정보 오픈API
2025000015,광주광역시,,광주북구,,광주첨단2지구 사랑으로 부영 분양전환 후 잔여세대,176,입주예정,2025-03,청약홈 분양정보 오픈API
2025000014,경기도,,평택시,청북읍,평택청북 사랑으로 부영 2차 아파트 우선분양 전환 후 잔여세대,39,입주예정,2025-03,청약홈 분양정보 오픈API
2024000703,대전광역시,,대전동구,가오동,대전 롯데캐슬 더퍼스트,394,입주예정,2027-11,청약홈 분양정보 오픈API
2025820001,경기도,,고양덕양구,용두동,고양창릉지구 A-4블록 신혼희망타운(공공분양)(본청약),603,입주예정,2028-01,청약홈 분양정보 오픈API
2025000019,경기도,,고양덕양구,용두동,고양창릉지구 S-5블록 공공분양주택(본청약),759,입주예정,2028-01,청약홈 분양정보 오픈API
2025000013,경기도,,고양덕양구,용두동,고양창릉지구 S-6블록 공공분양주택(본청약),430,입주예정,2027-12,청약홈 분양정보 오픈API
2024000750,울산광역시,,울산울주군,온양읍,남울산 노르웨이숲,332,입주예정,2026-07,청약홈 분양정보 오픈API
2025000004,경기도,,양주시,은현면,양주 용암 영무 예다음 더퍼스트,285,입주예정,2027-11,청약홈 분양정보 오픈API
2025000001,서울특별시,서초구,,방배동,래미안 원페를라,482,입주예정,2025-11,청약홈 분양정보 오픈API
2024000747,광주광역시,,광주광산구,하산동,한양립스 에듀포레,118,입주예정,2027-11,청약홈 분양정보 오픈API
2024000396,경기도,,부천시,심곡동,부천 중앙하이츠 심곡 102동,40,입주예정,2025-03,청약홈 분양정보 오픈API
2024000725,세종특별자치시,,세종시,합강동,세종 5-1 양우내안애 아스펜,698,입주예정,2028-03,청약홈 분양정보 오픈API
2024000751,전북특별자치도,,전주완산구,중노송동,더샵 라비온드,1426,입주예정,2028-06,청약홈 분양정보 오픈API
2024000742,부산광역시,,부산북구,덕천동,한화포레나 부산덕천3차,116,입주예정,2025-06,청약홈 분양정보 오픈API
2024820019,경기도,,성남수정구,금토동,성남금토 A-4블록 신혼희망타운(공공분양)(본청약),766,입주예정,2027-11,청약홈 분양정보 오픈API
2024000715,대구광역시,,대구동구,신천동,더 팰리스트 데시앙,418,입주예정,2025-10,청약홈 분양정보 오픈API
2024820018,경기도,,의왕시,포일동,의왕청계2 A1블록 신혼희망타운(공공분양)(본청약),320,입주예정,2028-04,청약홈 분양정보 오픈API
2024000661,인천광역시,,인천강화군,선원면,인천강화서희스타힐스 1단지(조합원 취소세대),17,입주예정,2025-02,청약홈 분양정보 오픈API
2024000704,부산광역시,,부산강서구,,부산에코델타시티 대방 엘리움 리버뷰,470,입주예정,2027-10,청약홈 분양정보 오픈API
2024000726,충청남도,,천안서북구,두정동,천안 두정역 양우내안애 퍼스트로,416,입주예정,2027-12,청약홈 분양정보 오픈API
2024000733,세종특별자치시,,세종시,조치원읍,세종 번암리 리치빌 3차,40,입주예정,2025-01,청약홈 분양정보 오픈API
2024000732,세종특별자치시,,세종시,조치원읍,세종 번암리 리치빌 2차,44,입주예정,2025-01,청약홈 분양정보 오픈API
2024000731,세종특별자치시,,세종시,조치원읍,세종 번암리 리치빌 1차,47,입주예정,2025-01,청약홈 분양정보 오픈API
2024000730,인천광역시,,인천연수구,옥련동,래미안 센트리폴(2BL),819,입주예정,2028-01,청약홈 분양정보 오픈API
2024000729,인천광역시,,인천연수구,옥련동,래미안 센트리폴(1BL),706,입주예정,2028-01,청약홈 분양정보 오픈API
2024000727,대구광역시,,대구수성구,범어동,범어자이르네,103,입주예정,2028-09,청약홈 분양정보 오픈API
2024000713,충청북도,,청주흥덕구,송절동,청주테크노폴리스 하트리움 더 메트로(S4블록),599,입주예정,2028-10,청약홈 분양정보 오픈API
2024000706,경기도,,의왕시,월암동,의왕 월암지구 대방 디에트르 레이크파크,702,입주예정,2027-12,청약홈 분양정보 오픈API
2024000686,충청남도,,청양군,청양읍,청양 금성백조 예미지 퍼스트클래스,182,입주예정,2026-11,청약홈 분양정보 오픈API
2024000221,충청남도,,아산시,탕정면,탕정 푸르지오 센터파크,1416,입주예정,2028-03,청약홈 분양정보 오픈API
2024000312,전라남도,,순천시,덕암동,순천 푸르지오 더 퍼스트,560,입주예정,2025-07,청약홈 분양정보 오픈API
2024000723,충청남도,,논산시,취암동,트리븐 논산,429,입주예정,2028-01,청약홈 분양정보 오픈API
2024000718,서울특별시,중랑구,,상봉동,더샵 퍼스트월드,800,입주예정,2029-08,청약홈 분양정보 오픈API
2024000712,경기도,,의정부시,의정부동,의정부역 다채로움,92,입주예정,2025-03,청약홈 분양정보 오픈API
2024000714,충청남도,,아산시,탕정면,아산탕정자이 퍼스트시티,797,입주예정,2027-12,청약홈 분양정보 오픈API
2024000698,전라남도,,순천시,덕암동,순천 지에이그린웰 하이드원,475,입주예정,2027-09,청약홈 분양정보 오픈API
2024000710,전라남도,,순천시,용당동,순천 한양립스 파크포레,209,입주예정,2027-10,청약홈 분양정보 오픈API
2024000702,경기도,,평택시,공동,평택 브레인시티 수자인,889,입주예정,2027-12,청약홈 분양정보 오픈API
2024000701,경기도,,광주시,곤지암읍,곤지암역 센트럴 아이파크,347,입주예정,2027-05,청약홈 분양정보 오픈API
2024000699,부산광역시,,부산서구,,e편한세상 송도 더퍼스트비치,200,입주예정,2025-01,청약홈 분양정보 오픈API
2024000695,경기도,,평택시,장안동,브레인시티 푸르지오,1990,입주예정,2028-04,청약홈 분양정보 오픈API
2024000664,경기도,,평택시,고덕동,평택 고덕국제신도시 A50블록 미래도 파밀리에(본청약),461,입주예정,2025-09,청약홈 분양정보 오픈API
2024000660,경기도,,남양주시,와부읍,덕소역 라온프라이빗 리버포레,348,입주예정,2028-03,청약홈 분양정보 오픈API
2024000692,서울특별시,성북구,,,창경궁 롯데캐슬 시그니처,509,입주예정,2027-04,청약홈 분양정보 오픈API
2024000671,인천광역시,,인천중구,사동,e편한세상 동인천 베이프런트,492,입주예정,2028-04,청약홈 분양정보 오픈API
2024000672,서울특별시,서초구,,방배동,아크로 리츠카운티,140,입주예정,2027-10,청약홈 분양정보 오픈API
2024000688,서울특별시,강서구,,등촌동,힐스테이트 등촌역,274,입주예정,2026-10,청약홈 분양정보 오픈API
2024000675,인천광역시,,인천미추홀구,학익동,인하대역 푸르지오 에듀포레,689,입주예정,2028-03,청약홈 분양정보 오픈API
2024000546,서울특별시,금천구,,시흥동,한신더휴 하이엔에듀포레,78,입주예정,2027-07,청약홈 분양정보 오픈API
2024820016,경기도,,수원권선구,,수원당수 A5블록 신혼희망타운(공공분양)(본청약),484,입주예정,2027-06,청약홈 분양정보 오픈API
2024000659,서울특별시,노원구,,월계동,서울원 아이파크,1856,입주예정,2028-07,청약홈 분양정보 오픈API
2024000658,전북특별자치도,,전주덕진구,,전주 인후동 마루힐 센트럴,199,입주예정,2027-09,청약홈 분양정보 오픈API
2024000651,대구광역시,,대구달서구,상인동,상인 푸르지오 센터파크,990,입주예정,2025-06,청약홈 분양정보 오픈API
2024000649,경기도,,화성시,,화성 비봉지구 B1블록 금성백조 예미지2차,530,입주예정,2027-10,청약홈 분양정보 오픈API
2024000642,충청남도,,천안서북구,성성동,성성자이 레이크파크,883,입주예정,2028-02,청약홈 분양정보 오픈API
2024000619,경기도,,평택시,통복동,더 플래티넘 스카이헤론,784,입주예정,2028-06,청약홈 분양정보 오픈API
2024000679,서울특별시,영등포구,,,e편한세상 당산 리버파크,111,입주예정,2028-03,청약홈 분양정보 오픈API
2024000668,경기도,,안양동안구,비산3동,평촌자이 퍼스니티,570,입주예정,2027-12,청약홈 분양정보 오픈API
2024820017,경기도,,성남수정구,창곡동,위례 A2-7블록 신혼희망타운(공공분양) 잔여세대,3,입주예정,2026-12,청약홈 분양정보 오픈API
2024820015,경기도,,의왕시,월암동,의왕월암 A-3블록 신혼희망타운(공공분양)(본청약),424,입주예정,2028-04,청약홈 분양정보 오픈API
2024820014,경기도,,의왕시,월암동,의왕월암 A-1블록 신혼희망타운(공공분양)(본청약),446,입주예정,2027-11,청약홈 분양정보 오픈API
2024000665,충청남도,,서산시,읍내동,서산 휴리움 레이크파크,150,입주예정,2028-02,청약홈 분양정보 오픈API
2024000657,대전광역시,,대전서구,괴정동,둔산 엘리프 더센트럴,864,입주예정,2027-10,청약홈 분양정보 오픈API
2024000655,대전광역시,,대전유성구,복용동,힐스테이트 도안리버파크 5단지,393,입주예정,2027-08,청약홈 분양정보 오픈API
2024000654,대전광역시,,대전유성구,학하동,힐스테이트 도안리버파크 3단지,1223,입주예정,2027-12,청약홈 분양정보 오픈API
2024000644,충청북도,,청주흥덕구,문암동,청주테크노폴리스 힐데스하임 더원(S3블록),543,입주예정,2028-01,청약홈 분양정보 오픈API
2024000601,경기도,,군포시,둔대동,군포대야미 대방 디에트르 시그니처(B3BL),568,입주예정,2027-12,청약홈 분양정보 오픈API
2024000579,충청북도,,청주상당구,남주동,청주 남주 대원칸타빌 더 시엘,460,입주예정,2028-06,청약홈 분양정보 오픈API
2024000646,경기도,,파주시,문산읍,문산역3차 동문 디 이스트 센트럴,748,입주예정,2027-11,청약홈 분양정보 오픈API
2024000607,충청남도,,공주시,유구읍,유구CITY아파트,44,입주예정,2024-12,청약홈 분양정보 오픈API
2024000604,경기도,,고양일산동구,풍동,e편한세상 일산 메이포레 3단지,35,입주예정,2027-03,청약홈 분양정보 오픈API
2024000603,경기도,,고양일산동구,풍동,e편한세상 일산 메이포레 1단지,112,입주예정,2027-03,청약홈 분양정보 오픈API
2024000563,경기도,,안양동안구,호계동,아크로 베스티뉴,391,입주예정,2025-03,청약홈 분양정보 오픈API
2024000643,울산광역시,,울산중구,우정동,태화강 유보라 팰라티움(조합원 취소분),33,입주예정,2024-12,청약홈 분양정보 오픈API
2024000635,충남,,홍성군,홍북읍,e편한세상 내포 퍼스트드림(선택형 분양전환공공임대주택),949,입주예정,2027-01,청약홈 분양정보 오픈API
2024000632,울산광역시,,울산중구,다운동,울산 다운2지구 우미 린 어반파크,731,입주예정,2027-07,청약홈 분양정보 오픈API
2024000628,충청남도,,천안서북구,성성동,천안 아이파크 시티,892,입주예정,2027-12,청약홈 분양정보 오픈API
2024000624,울산광역시,,울산중구,학성동,더샵 시에르네,231,입주예정,2027-05,청약홈 분양정보 오픈API
2024000608,울산광역시,,울산중구,학산동,번영로 롯데캐슬 센트럴스카이,634,입주예정,2028-11,청약홈 분양정보 오픈API
2024000595,경기도,,평택시,장안동,평택 브레인시티 한신더휴,991,입주예정,2028-01,청약홈 분양정보 오픈API
2024000637,경기도,,광주시,곤지암읍,곤지암역 제일풍경채,565,입주예정,2027-08,청약홈 분양정보 오픈API
2024000631,인천광역시,,인천서구,,검단신도시 푸르지오 더 파크,919,입주예정,2027-12,청약홈 분양정보 오픈API
2024000609,경기도,,이천시,증일동,이천 중리지구 A-2블록 신안인스빌 퍼스티지,523,입주예정,2026-11,청약홈 분양정보 오픈API
2024000602,경기도,,광명시,소하동,광명 유승한내들 라포레,444,입주예정,2027-11,청약홈 분양정보 오픈API
2024000648,전북특별자치도,,익산시,,익산배산 제일풍경채 에듀파크 공가세대 일반공급,2,입주예정,2024-12,청약홈 분양정보 오픈API
2024000647,전북특별자치도,,완주군,이서면,전주·완주 혁신도시 에코르 2단지 공가세대 일반공급,18,입주예정,2024-12,청약홈 분양정보 오픈API
2024000625,강원특별자치도,,원주시,,원주무실 사랑으로 부영 분양전환 후 잔여세대,158,입주예정,2024-11,청약홈 분양정보 오픈API
2024820013,서울특별시,강서구,,화곡동,강서 금호어울림 퍼스티어 신혼희망타운(공공분양) 잔여세대,1,입주예정,2024-12,청약홈 분양정보 오픈API
2024000633,충청남도,,아산시,,더샵 탕정인피니티시티 3차,975,입주예정,2027-10,청약홈 분양정보 오픈API
2024000630,강원특별자치도,,강릉시,회산동,강릉 아테라,329,입주예정,2027-04,청약홈 분양정보 오픈API
2024000621,경기도,,양주시,덕계동,덕계역 한신더휴 포레스트,724,입주예정,2027-12,청약홈 분양정보 오픈API
2024000600,서울특별시,강동구,,천호동,VIORR(비오르),53,입주예정,2026-05,청약홈 분양정보 오픈API
2024000526,경기도,,평택시,합정동,힐스테이트 평택역센트럴시티,599,입주예정,2028-01,청약홈 분양정보 오픈API
2024000407,경기도,,의왕시,고천동,의왕고천지구 대방 디에트르 센트럴(B1BL),492,입주예정,2025-10,청약홈 분양정보 오픈API
2024000622,경기도,,오산시,탑동,오산세교 우미 린 센트럴시티(A-14블록)(본청약),1136,입주예정,2025-11,청약홈 분양정보 오픈API
2024000593,경기도,,양주시,남방동,양주역 푸르지오 센터파크,1172,입주예정,2028-02,청약홈 분양정보 오픈API
2024000591,경기도,,오산시,벌음동,오산세교 힐데스하임(A20블록)(본청약),679,입주예정,2027-02,청약홈 분양정보 오픈API
2024000576,전북특별자치도,,남원시,노암동,남원 드림헤이븐,115,입주예정,2025-03,청약홈 분양정보 오픈API
2024000592,경기도,,성남분당구,,성남판교 산운마을9단지 대방노블랜드 아파트 우선 분양전환 후 잔여세대,3,입주예정,2024-12,청약홈 분양정보 오픈API
2024000597,경기도,,수원시,영화동,수원 비셀토64,64,입주예정,2024-12,청약홈 분양정보 오픈API
2024000594,인천광역시,,인천연수구,옥련동,래미안 센트리폴(3BL),1024,입주예정,2027-12,청약홈 분양정보 오픈API
2024000590,서울특별시,송파구,,신천동,잠실 래미안아이파크,589,입주예정,2025-12,청약홈 분양정보 오픈API
2024000585,인천광역시,,인천부평구,삼산동,두산위브 더센트럴 부평,141,입주예정,2028-04,청약홈 분양정보 오픈API
2024000577,대전광역시,,대전서구,월평동,둔산 해링턴 플레이스 리버파크,336,입주예정,2028-03,청약홈 분양정보 오픈API
2024000573,대전광역시,,대전중구,대흥동,대전 르에브 스위첸 2단지,551,입주예정,2027-09,청약홈 분양정보 오픈API
2024000572,대전광역시,,대전중구,대흥동,대전 르에브 스위첸 1단지,319,입주예정,2027-09,청약홈 분양정보 오픈API
2024000571,부산광역시,,부산연제구,연산동,센텀파크 SK VIEW,309,입주예정,2028-05,청약홈 분양정보 오픈API
2024000557,경기도,,가평군,청평면,청평 수자인 더퍼스트,551,입주예정,2027-09,청약홈 분양정보 오픈API
2024000361,경기도,,오산시,양산동,힐스테이트 오산더클래스,970,입주예정,2027-08,청약홈 분양정보 오픈API
2024000215,울산광역시,,울산남구,무거동,무거 비스타동원,481,입주예정,2028-01,청약홈 분양정보 오픈API
2024000589,충청남도,,천안서북구,성거읍,직산역 서희스타힐스(조합원 취소분),3,입주예정,2024-11,청약홈 분양정보 오픈API
2024000582,경기도,,파주시,목동동,파주운정3 지구 A20블록 공공분양주택(본청약),612,입주예정,2027-08,청약홈 분양정보 오픈API
2024000580,경기도,,가평군,가평읍,자라섬 수자인 리버페스타,381,입주예정,2027-09,청약홈 분양정보 오픈API
2024000562,전라남도,,목포시,석현동,하당 르파르크 시그니처,70,입주예정,2026-12,청약홈 분양정보 오픈API
2024000586,서울특별시,동작구,,노량진동,동작구수방사 공공분양주택(본청약),263,입주예정,2028-12,청약홈 분양정보 오픈API
2024000574,경기도,,이천시,안흥동,이천 서희스타힐스 SKY (조합원 취소분),48,입주예정,2029-01,청약홈 분양정보 오픈API
2024000570,인천광역시,,인천계양구,상야동,인천계양지구 A-2블록 공공분양주택(본청약),747,입주예정,2026-12,청약홈 분양정보 오픈API
2024000559,경기도,,안성시,공도읍,공도 서희스타힐스(조합원 자격상실 세대),5,입주예정,2024-11,청약홈 분양정보 오픈API
2024000566,경기도,,부천소사구,괴안동,부천아테라자이(부천괴안지구 B-2블록),200,입주예정,2027-01,청약홈 분양정보 오픈API
2024000558,대구광역시,,대구북구,,대구 태전역 광신프로그레스(조합원 취소분),26,입주예정,2024-10,청약홈 분양정보 오픈API
2024000552,부산광역시,,부산사하구,감천동,사하 경남아너스빌 시그니처,380,입주예정,2027-12,청약홈 분양정보 오픈API
2024000534,서울특별시,마포구,,아현동,마포 에피트 어바닉,163,입주예정,2028-07,청약홈 분양정보 오픈API
2024000507,인천광역시,,인천미추홀구,학익동,시티오씨엘 6단지,1734,입주예정,2028-04,청약홈 분양정보 오픈API
2024000502,경기도,,과천시,별양동,프레스티어자이,287,입주예정,2027-10,청약홈 분양정보 오픈API
2024000333,서울특별시,노원구,,공릉동,하우스토리 센트럴포레,40,입주예정,2027-06,청약홈 분양정보 오픈API
2024000551,부산광역시,,부산수영구,광안동,광안센텀 비스타동원,208,입주예정,2027-09,청약홈 분양정보 오픈API
2024000547,서울특별시,강남구,,대치동,디에이치 대치 에델루이,72,입주예정,2025-08,청약홈 분양정보 오픈API
2024000473,대구광역시,,대구남구,대명동,e편한세상 명덕역 퍼스트마크,1112,입주예정,2026-01,청약홈 분양정보 오픈API
2024000540,경기도,,성남분당구,,판교원마을 6단지 대광로제비앙 우선 분양 후 잔여세대,3,입주예정,2024-11,청약홈 분양정보 오픈API
2024000049,강원특별자치도,,인제군,북면,인제 라포레 아파트,121,입주예정,2024-11,청약홈 분양정보 오픈API
2024820012,서울특별시,강남구,,자곡동,수서역세권 A3블록 신혼희망타운(공공분양) 잔여세대,1,입주예정,2024-12,청약홈 분양정보 오픈API
2024820011,인천광역시,,인천계양구,상야동,인천계양 A3블록 신혼희망타운(공공분양)(본청약),359,입주예정,2026-12,청약홈 분양정보 오픈API
2024000517,강원특별자치도,,원주시,AC-4블럭(무실동,원주역 우미 린 더 스카이,900,입주예정,2028-08,청약홈 분양정보 오픈API
2024000387,부산광역시,,부산수영구,광안동,드파인 광안,567,입주예정,2026-06,청약홈 분양정보 오픈API
2024000307,경기도,,의정부시,금오동,의정부 롯데캐슬 나리벡시티,671,입주예정,2027-11,청약홈 분양정보 오픈API
2024000537,경기도,,양주시,백석읍,양주 백석 모아엘가 그랑데,929,입주예정,2027-10,청약홈 분양정보 오픈API
2024000520,부산광역시,,부산동래구,수안동,동래 롯데캐슬 시그니처(조합원 취소분),8,입주예정,2027-11,청약홈 분양정보 오픈API
2024000210,경기도,,성남중원구,중앙동,해링턴 스퀘어 신흥역,1319,입주예정,2027-12,청약홈 분양정보 오픈API
2024000492,충청북도,,충주시,호암동,한화포레나 충주호암,173,입주예정,2027-08,청약홈 분양정보 오픈API
2024000516,경기도,,수원장안구,이목동,북수원이목지구 대방 디에트르 더 리체Ⅰ,768,입주예정,2027-09,청약홈 분양정보 오픈API
2024000513,서울특별시,강남구,,청담동,청담 르엘,149,입주예정,2025-11,청약홈 분양정보 오픈API
2024000489,충청북도,,충주시,용산동,어썸웨이브 용산,90,입주예정,2026-04,청약홈 분양정보 오픈API
2024000457,경기도,,김포시,북변동,한강 수자인 오브센트,2116,입주예정,2028-02,청약홈 분양정보 오픈API
2024000484,서울특별시,강동구,,둔촌동,올림픽파크 서한포레스트,109,입주예정,2027-12,청약홈 분양정보 오픈API
2024000479,경상남도,,김해시,삼문동,김해 대청천 에피트,131,입주예정,2026-05,청약홈 분양정보 오픈API
2024000471,서울특별시,은평구,,갈현동,연신내 양우내안애 퍼스티지,239,입주예정,2028-03,청약홈 분양정보 오픈API
2024000383,제주특별자치도,,제주시,오라이동,위파크 제주 2단지,643,입주예정,2027-11,청약홈 분양정보 오픈API
2024000382,제주특별자치도,,제주시,오라이동,위파크 제주 1단지,617,입주예정,2027-11,청약홈 분양정보 오픈API
2024000291,경기도,,이천시,증일동,힐스테이트 이천역 2단지,168,입주예정,2026-07,청약홈 분양정보 오픈API
2024000290,경기도,,이천시,증일동,힐스테이트 이천역 1단지,146,입주예정,2026-07,청약홈 분양정보 오픈API
2024000478,광주광역시,,광주광산구,,소촌동 대라수,40,입주예정,2024-10,청약홈 분양정보 오픈API
2024000468,경기도,,광주시,장지동,광주태전 경남아너스빌 리미티드,404,입주예정,2027-08,청약홈 분양정보 오픈API
2024000472,서울특별시,성동구,,행당동,라체르보 푸르지오 써밋,138,입주예정,2025-07,청약홈 분양정보 오픈API
2024000463,광주광역시,,광주북구,동림동,운암산공원 진아리채 그랑뷰,69,입주예정,2026-09,청약홈 분양정보 오픈API
2024000427,울산광역시,,울산남구,야음동,번영로 하늘채 라크뷰,803,입주예정,2027-11,청약홈 분양정보 오픈API
2024000442,경기도,,하남시,덕풍동,하남시청역 하우스원,45,입주예정,2024-10,청약홈 분양정보 오픈API
2024000389,경기도,,용인처인구,포곡읍,용인 둔전역 에피트,1275,입주예정,2027-07,청약홈 분양정보 오픈API
2024000412,서울특별시,서초구,,방배동,디에이치 방배,1244,입주예정,2026-09,청약홈 분양정보 오픈API
2024000405,충청남도,,아산시,배방읍,아산배방(2-A13BL) 금강펜테리움 센트럴파크,438,입주예정,2025-07,청약홈 분양정보 오픈API
2024000373,인천광역시,,인천연수구,송도동,힐스테이트 레이크 송도 5차,722,입주예정,2028-06,청약홈 분양정보 오픈API
2024000388,부산광역시,,부산동래구,사직동,사직 하늘채 리센티아(조합원 취소분),9,입주예정,2024-09,청약홈 분양정보 오픈API
2024000313,경기도,,이천시,부발읍,이천 부발역 에피트,671,입주예정,2028-05,청약홈 분양정보 오픈API
2024000372,경기도,,용인처인구,남동,용인 푸르지오 원클러스터 1단지,1681,입주예정,2027-08,청약홈 분양정보 오픈API
2024000367,경상남도,,창원진해구,제덕동,남문동일스위트 The Ocean 2단지,264,입주예정,2025-02,청약홈 분양정보 오픈API
2024000366,경상남도,,창원진해구,제덕동,남문동일스위트 The Ocean 1단지,349,입주예정,2025-02,청약홈 분양정보 오픈API
2024000365,경기도,,광주시,곤지암읍,힐스테이트 광주곤지암역,635,입주예정,2027-05,청약홈 분양정보 오픈API
2024000390,서울특별시,강서구,,공항동,더 트루엘 마곡 HQ,148,입주예정,2024-10,청약홈 분양정보 오픈API
2024000364,인천광역시,,인천계양구,효성동,계양 롯데캐슬 파크시티 1단지,1964,입주예정,2027-11,청약홈 분양정보 오픈API
2024000376,대전광역시,,대전유성구,용계동,도안 푸르지오 디아델 31블록,556,입주예정,2027-09,청약홈 분양정보 오픈API
2024000375,대전광역시,,대전유성구,용계동,도안 푸르지오 디아델 29블록,578,입주예정,2027-09,청약홈 분양정보 오픈API
2024000371,서울특별시,강남구,,도곡동,래미안 레벤투스,133,입주예정,2026-10,청약홈 분양정보 오픈API
2024000354,인천,,서구,불로동,검단아테라자이,709,입주예정,2027-02,청약홈 분양정보 오픈API
2024000351,경기도,,고양일산동구,장항동,고양 장항 아테라,760,입주예정,2027-05,청약홈 분양정보 오픈API
2024000241,서울특별시,강동구,,성내동,그란츠 리버파크,327,입주예정,2025-04,청약홈 분양정보 오픈API
2023000598,전북특별자치도,,군산시,경장동,효성해링턴 플레이스 군산,275,입주예정,2026-12,청약홈 분양정보 오픈API
2024000380,경상북도,,성주군,성주읍,성주 성밖숲 대유 리엘 아파트,140,입주예정,2024-08,청약홈 분양정보 오픈API
2024000356,강원특별자치도,,춘천시,동면,춘천 아테라 에듀파크,477,입주예정,2027-06,청약홈 분양정보 오픈API
2024000355,서울특별시,서초구,,반포동,래미안 원펜타스,292,입주예정,2024-08,청약홈 분양정보 오픈API
2024000350,강원특별자치도,,원주시,단구동,원주 모아엘가 그랑데,281,입주예정,2027-02,청약홈 분양정보 오픈API
2024000330,경기도,,평택시,진위면,진위역 서희스타힐스 더 파크뷰,82,입주예정,2027-02,청약홈 분양정보 오픈API
2024000347,대전광역시,,대전유성구,학하동,힐스테이트 도안리버파크 2단지,1222,입주예정,2027-09,청약홈 분양정보 오픈API
2024000346,대전광역시,,대전유성구,학하동,힐스테이트 도안리버파크 1단지,891,입주예정,2027-08,청약홈 분양정보 오픈API
2024000304,경상북도,,구미시,봉곡동,힐스테이트 구미더퍼스트,491,입주예정,2027-04,청약홈 분양정보 오픈API
2024000278,경기도,,파주시,목동동,제일풍경채 운정,520,입주예정,2027-04,청약홈 분양정보 오픈API
2024000257,경상남도,,고성군,고성읍,금강드림피아 5차,38,입주예정,2024-08,청약홈 분양정보 오픈API
2024000349,경기도,,의정부시,의정부동,명남더블레스,64,입주예정,2024-08,청약홈 분양정보 오픈API
2024000316,경기도,,화성시,비봉면,킹덤시티주상복합,96,입주예정,2024-10,청약홈 분양정보 오픈API
2024000284,서울특별시,성북구,,장위동,푸르지오 라디우스 파크,718,입주예정,2027-03,청약홈 분양정보 오픈API
2024820010,경기도,,성남수정구,창곡동,위례 A2-6BL 신혼희망타운(공공분양) 잔여세대,5,입주예정,2024-11,청약홈 분양정보 오픈API
2024000318,광주광역시,,광주서구,치평동,광주 상무 퍼스티넘 스위첸,226,입주예정,2025-02,청약홈 분양정보 오픈API
2024000301,경기도,,의정부시,의정부동,의정부역 파밀리에Ⅱ,150,입주예정,2026-07,청약홈 분양정보 오픈API
2024000286,부산광역시,,부산사상구,엄궁동,더샵 리오몬트,866,입주예정,2027-06,청약홈 분양정보 오픈API
2024000282,경기도,,성남수정구,금토동,성남 금토지구 A-3블록 판교테크노밸리 중흥S-클래스(본청약),119,입주예정,2027-02,청약홈 분양정보 오픈API
2024000254,경기도,,화성시,오산동,동탄2신도시 동탄역 대방 엘리움 더 시그니처(C18BL),464,입주예정,2027-06,청약홈 분양정보 오픈API
2024000214,경기도,,파주시,,파주 운정3 이지더원(A44BL),379,입주예정,2026-09,청약홈 분양정보 오픈API
2023000238,울산광역시,,울산울주군,서생면,울산 진하 한양립스 그랑블루,212,입주예정,2027-11,청약홈 분양정보 오픈API
2024000288,대전광역시,,대전대덕구,읍내동,쌍용 더 플래티넘 네이처,334,입주예정,2027-05,청약홈 분양정보 오픈API
2024000285,강원특별자치도,,원주시,,원주 세경5차아파트,177,입주예정,2024-10,청약홈 분양정보 오픈API
2024000261,인천광역시,,인천연수구,송도동,더샵 송도마리나베이 입주자모집공고 (조합원 자격상실세대 2회차),50,입주예정,2024-10,청약홈 분양정보 오픈API
2024820009,경기도,,과천시,,과천지식정보타운 S-7블록 신혼희망타운(공공분양) 잔여세대 입주자 모집,1,입주예정,2024-09,청약홈 분양정보 오픈API
2024000311,강원특별자치도,,정선군,사북읍,정선산수빌,85,입주예정,2024-08,청약홈 분양정보 오픈API
2024000302,부산광역시,,부산동구,범일동,블랑 써밋 74,998,입주예정,2028-11,청약홈 분양정보 오픈API
2024000294,강원특별자치도,,동해시,쇄운동,동해석미모닝파크,79,입주예정,2024-07,청약홈 분양정보 오픈API
2024000279,서울특별시,마포구,,공덕동,마포자이힐스테이트 라첼스,463,입주예정,2027-03,청약홈 분양정보 오픈API
2024000276,강원특별자치도,,홍천군,홍천읍,대상 웰라움 홍천,200,입주예정,2026-10,청약홈 분양정보 오픈API
2024000265,경기도,,성남수정구,산성동,산성역 헤리스톤,1224,입주예정,2027-12,청약홈 분양정보 오픈API
2024000264,충청북도,,청주흥덕구,송절동,청주테크노폴리스 아테라(A8블록),1450,입주예정,2027-08,청약홈 분양정보 오픈API
2024000277,경기도,,고양일산동구,장항동,고양 장항 카이브 유보라,1694,입주예정,2028-07,청약홈 분양정보 오픈API
2024000249,경기도,,과천시,,과천 디에트르 퍼스티지(S2BL),740,입주예정,2027-05,청약홈 분양정보 오픈API
2024000025,울산광역시,,울산울주군,온양읍,온양발리 한양립스 더퍼스트(조합원 취소분),84,입주예정,2024-07,청약홈 분양정보 오픈API
2024820008,경기,,부천시,원종동,부천원종 B2블록 신혼희망타운(공공분양) 추가입주자 모집,10,입주예정,2025-12,청약홈 분양정보 오픈API
2024000293,강원특별자치도,,철원군,갈말읍,철원석미모닝파크,69,입주예정,2024-07,청약홈 분양정보 오픈API
2024000260,경기도,,오산시,양산동,롯데캐슬 위너스포레,834,입주예정,2027-08,청약홈 분양정보 오픈API
2024000245,서울특별시,동작구,,신대방동,동작 보라매역 프리센트,91,입주예정,2026-10,청약홈 분양정보 오픈API
2024000244,전라남도,,순천시,풍덕동,순천그랜드파크자이,997,입주예정,2027-07,청약홈 분양정보 오픈API
2024000242,충청북도,,청주흥덕구,가경동,힐스테이트 청주센트럴 2차,258,입주예정,2025-05,청약홈 분양정보 오픈API
2024820007,경기도,,부천시,괴안동,부천괴안 B1블록 신혼희망타운(공공분양) 추가모집,1,입주예정,2024-11,청약홈 분양정보 오픈API
2024820006,인천광역시,,인천서구,청라동,인천가정2 A2블록 신혼희망타운(공공분양) 추가모집,255,입주예정,2026-05,청약홈 분양정보 오픈API
2024000195,충청북도,,영동군,영동읍,영동군 매천리 골든렉시움,35,입주예정,2024-07,청약홈 분양정보 오픈API
2024000263,전라남도,,화순군,화순읍,힐스테이트 화순 2차,55,입주예정,2024-07,청약홈 분양정보 오픈API
2024000243,인천광역시,,인천동구,송림동,리아츠 더 인천,342,입주예정,2027-10,청약홈 분양정보 오픈API
2024000236,강원특별자치도,,홍천군,홍천읍,홍천 에듀포레 휴티스,239,입주예정,2026-12,청약홈 분양정보 오픈API
2024000213,경기도,,고양덕양구,성사동,e편한세상 시티 원당,100,입주예정,2024-12,청약홈 분양정보 오픈API
2024000168,경기도,,군포시,B-1블록(금정동,금정역 푸르지오 그랑블,1072,입주예정,2028-05,청약홈 분양정보 오픈API
2024000246,충청남도,,서산시,성연면,서산 테크노밸리 고운하이츠,183,입주예정,2024-07,청약홈 분양정보 오픈API
2024000240,부산광역시,,부산동구,범일2동,e편한세상 범일 국제금융시티,384,입주예정,2028-06,청약홈 분양정보 오픈API
2024000237,경상남도,,진주시,가좌동,아너스 웰가 진주,840,입주예정,2028-06,청약홈 분양정보 오픈API
2024000234,부산광역시,,부산부산진구,양정동,양정 롯데캐슬 프론티엘,489,입주예정,2027-03,청약홈 분양정보 오픈API
2024000229,부산광역시,,부산동래구,명륜동,동래사적공원 대광로제비앙,1025,입주예정,2029-03,청약홈 분양정보 오픈API
2024000226,서울특별시,광진구,,구의동,강변역 센트럴 아이파크,68,입주예정,2026-11,청약홈 분양정보 오픈API
2024000217,경기도,,평택시,고덕동,고덕국제신도시 서한이다음 그레이튼,1138,입주예정,2027-05,청약홈 분양정보 오픈API
2024000211,강원특별자치도,,속초시,금호동,더샵 속초프라임뷰,1024,입주예정,2027-07,청약홈 분양정보 오픈API
2024000238,부산광역시,,부산동래구,온천동,지음 시그너스 인 동래,34,입주예정,2024-07,청약홈 분양정보 오픈API
2024000220,충청남도,,계룡시,엄사면,계룡 펠리피아,823,입주예정,2027-05,청약홈 분양정보 오픈API
2024000218,전북특별자치도,,전주덕진구,,에코시티 더샵4차,576,입주예정,2027-01,청약홈 분양정보 오픈API
2024000216,경기도,,평택시,현덕면,신영지웰 평택화양,999,입주예정,2027-04,청약홈 분양정보 오픈API
2024000178,울산광역시,,울산중구,우정동,울산 우정 한라비발디,198,입주예정,2027-01,청약홈 분양정보 오픈API
2024000113,경상남도,,김해시,구산동,김해 구산 롯데캐슬 시그니처,714,입주예정,2027-09,청약홈 분양정보 오픈API
2023000671,대전광역시,,대전중구,태평동,라 테라스 PH42,42,입주예정,2024-07,청약홈 분양정보 오픈API
2024000219,대구광역시,,대구북구,학정동,두산위브더제니스 센트럴시티,1098,입주예정,2027-06,청약홈 분양정보 오픈API
2024000208,서울특별시,서대문구,,홍은동,서대문 센트럴 아이파크,409,입주예정,2025-06,청약홈 분양정보 오픈API
2023000452,대구광역시,,대구중구,,동인 태왕아너스 라플란드,40,입주예정,2024-09,청약홈 분양정보 오픈API
2024000222,경기도,,수원팔달구,우만동,효성해링턴 플레이스 동수원,162,입주예정,2027-10,청약홈 분양정보 오픈API
2024820005,경기도,,의왕시,,의왕초평 A-3블록 신혼희망타운(공공분양) 잔여세대 추가입주자모집공고,23,입주예정,2024-06,청약홈 분양정보 오픈API
2024000209,경기도,,오산시,탑동,오산세교2 한신더휴(A16블록),844,입주예정,2025-03,청약홈 분양정보 오픈API
2024000207,경기도,,양평군,양평읍,양평 하늘채 센트로힐스,200,입주예정,2027-03,청약홈 분양정보 오픈API
2024000174,서울특별시,서초구,,반포동,래미안 원베일리(조합원 취소분),1,입주예정,2024-07,청약홈 분양정보 오픈API
2024000152,경기도,,이천시,송정동,이천자이 더 레브,635,입주예정,2027-04,청약홈 분양정보 오픈API
2024000166,경기도,,김포시,북변동,김포 북변 우미 린 파크리브,831,입주예정,2027-12,청약홈 분양정보 오픈API
2024000189,경기도,,여주시,교동,여주역자이 헤리티지,769,입주예정,2027-06,청약홈 분양정보 오픈API
2024000145,전북특별자치도,,완주군,봉동읍,봉동 한양립스 센텀포레,256,입주예정,2026-10,청약홈 분양정보 오픈API
2024000048,대전광역시,,대전서구,가장동,힐스테이트 가장더퍼스트,1339,입주예정,2027-06,청약홈 분양정보 오픈API
2024000188,대구광역시,,대구수성구,황금동,힐스테이트 황금역 리저브 2단지,185,입주예정,2024-12,청약홈 분양정보 오픈API
2024000187,대구광역시,,대구수성구,황금동,힐스테이트 황금역 리저브 1단지,152,입주예정,2024-12,청약홈 분양정보 오픈API
2024000181,울산광역시,,울산남구,신정동,라엘에스,1073,입주예정,2028-02,청약홈 분양정보 오픈API
2024000194,충청남도,,아산시,,더샵 탕정인피니티시티 2차,1050,입주예정,2027-02,청약홈 분양정보 오픈API
2024000182,충청남도,,아산시,배방읍,배방 필하우스 리버시티,1083,입주예정,2027-02,청약홈 분양정보 오픈API
2024000176,경기도,,오산시,가수동,오산역 금강펜테리움 센트럴파크(A8블록),730,입주예정,2026-10,청약홈 분양정보 오픈API
2024000106,인천광역시,,인천서구,마전동,검단 스타힐스 가현숲,153,입주예정,2027-04,청약홈 분양정보 오픈API
2023000716,부산광역시,,부산사상구,,풍경아파트,76,입주예정,2024-05,청약홈 분양정보 오픈API
2024000177,경기도,,평택시,현덕면,평택 화양 동문 디 이스트,753,입주예정,2026-11,청약홈 분양정보 오픈API
2024000164,경기도,,광명시,광명5동,광명 롯데캐슬 시그니처,533,입주예정,2027-10,청약홈 분양정보 오픈API
2024000159,전북특별자치도,,김제시,검산동,김제 검산 예다음,648,입주예정,2027-03,청약홈 분양정보 오픈API
2024000175,경기도,,부천시,원미동,부천 원미 동문 디 이스트,38,입주예정,2024-05,청약홈 분양정보 오픈API
2024000173,인천광역시,,인천부평구,청천동,e편한세상 부평 그랑힐스(보류지),44,입주예정,2024-05,청약홈 분양정보 오픈API
2024000165,강원특별자치도,,원주시,원동,원주 푸르지오 더 센트럴,1273,입주예정,2027-11,청약홈 분양정보 오픈API
2024000156,인천광역시,,인천계양구,,계양 롯데캐슬 파크시티 2단지(공 4블럭),1089,입주예정,2027-11,청약홈 분양정보 오픈API
2024000107,서울특별시,구로구,,개봉동,개봉 루브루,114,입주예정,2026-04,청약홈 분양정보 오픈API
2024000179,전북특별자치도,,익산시,부송동,익산 부송 아이파크,511,입주예정,2026-12,청약홈 분양정보 오픈API
2024000171,대전광역시,,대전중구,문화동,문화자이SKVIEW,1207,입주예정,2027-08,청약홈 분양정보 오픈API
2024000170,경상남도,,함양군,함양읍,하이페리온 골드,34,입주예정,2024-05,청약홈 분양정보 오픈API
2024000120,경기도,,평택시,현덕면,평택화양 서희스타힐스 센트럴파크 2차,390,입주예정,2027-12,청약홈 분양정보 오픈API
2024000167,부산광역시,,부산동래구,온천동,동래 에코팰리스 아시아드,160,입주예정,2027-02,청약홈 분양정보 오픈API
2024000158,인천광역시,,인천중구,운남동,영종 진아레히,547,입주예정,2027-05,청약홈 분양정보 오픈API
2024000148,전라남도,,여수시,,힐스테이트 죽림더프라우드 A4BL(공공분양주택),341,입주예정,2027-04,청약홈 분양정보 오픈API
2024000147,전라남도,,여수시,,힐스테이트 죽림더프라우드 A2BL(공공분양주택),802,입주예정,2027-04,청약홈 분양정보 오픈API
2024000146,전라남도,,여수시,,힐스테이트 죽림더프라우드 A2BL(민영주택),129,입주예정,2027-04,청약홈 분양정보 오픈API
2024000124,부산광역시,,부산기장군,일광읍,일광 노르웨이숲 오션포레,1294,입주예정,2027-03,청약홈 분양정보 오픈API
2024000172,전라남도,,장흥군,대덕읍,대덕읍 더포레스트 에코파크,45,입주예정,2024-05,청약홈 분양정보 오픈API
2024000154,경기도,,성남수정구,,성남 복정1지구 B3블록 엘리프 남위례역 에듀포레(본청약),367,입주예정,2027-06,청약홈 분양정보 오픈API
2024000151,광주광역시,,광주북구,운암동,운암자이포레나 퍼스티체 3단지,277,입주예정,2026-04,청약홈 분양정보 오픈API
2024000150,광주광역시,,광주북구,운암동,운암자이포레나 퍼스티체 2단지,561,입주예정,2026-04,청약홈 분양정보 오픈API
2024000149,광주광역시,,광주북구,운암동,운암자이포레나 퍼스티체 1단지,354,입주예정,2026-04,청약홈 분양정보 오픈API
2024000129,광주광역시,,광주서구,풍암동,중앙공원 롯데캐슬 시그니처 2-2BL,928,입주예정,2027-08,청약홈 분양정보 오픈API
2024000128,광주광역시,,광주서구,금호동,중앙공원 롯데캐슬 시그니처 2-1BL,507,입주예정,2027-08,청약홈 분양정보 오픈API
2024000127,광주광역시,,광주서구,풍암동,중앙공원 롯데캐슬 시그니처 1BL,929,입주예정,2027-08,청약홈 분양정보 오픈API
2024000122,부산광역시,,부산장안지구,장안읍,부산장안지구 디에트르 디 오션(B3BL) 본청약,489,입주예정,2027-02,청약홈 분양정보 오픈API
2024000112,부산광역시,,부산금정구,남산동,e편한세상 금정 메종카운티,123,입주예정,2026-06,청약홈 분양정보 오픈API
2024000153,대전광역시,,대전유성구,봉명동,유성 하늘채 하이에르,562,입주예정,2028-05,청약홈 분양정보 오픈API
2024000140,경기도,,성남수정구,A2블록(신촌동,엘리프 성남신촌,320,입주예정,2026-05,청약홈 분양정보 오픈API
2024000111,대구광역시,,대구수성구,범어동,대구 범어 아이파크,143,입주예정,2024-10,청약홈 분양정보 오픈API
2024000102,충청남도,,아산시,탕정면,아산 탕정 삼성트라팰리스,44,입주예정,2024-05,청약홈 분양정보 오픈API
2024000110,대전광역시,,대전중구,문화동,e편한세상 서대전역 센트로,495,입주예정,2026-12,청약홈 분양정보 오픈API
2024820004,경기도,,성남분당구,,성남판교대장 A-10블록 신혼희망타운(공공분양) 잔여세대,1,입주예정,2024-09,청약홈 분양정보 오픈API
2024820003,경기도,,수원권선구,,수원당수 A-4블럭 신혼희망타운(공공분양) 잔여세대 추가입주자모집공고,1,입주예정,2024-04,청약홈 분양정보 오픈API
2024000094,경기도,,평택시,공동,지제역 반도체밸리 해링턴 플레이스,1209,입주예정,2027-02,청약홈 분양정보 오픈API
2024000091,인천광역시,,인천연수구,송도동,송도자이풍경채 그라노블 5단지,610,입주예정,2028-04,청약홈 분양정보 오픈API
2024000090,인천광역시,,인천연수구,송도동,송도자이풍경채 그라노블 4단지,504,입주예정,2028-04,청약홈 분양정보 오픈API
2024000089,인천광역시,,인천연수구,송도동,송도자이풍경채 그라노블 3단지,597,입주예정,2028-04,청약홈 분양정보 오픈API
2024000088,인천광역시,,인천연수구,송도동,송도자이풍경채 그라노블 2단지,548,입주예정,2027-06,청약홈 분양정보 오픈API
2024000087,인천광역시,,인천연수구,송도동,송도자이풍경채 그라노블 1단지,469,입주예정,2027-06,청약홈 분양정보 오픈API
2024000086,대전광역시,,대전동구,성남동,대전 성남 우미린 뉴시티,776,입주예정,2027-06,청약홈 분양정보 오픈API
2024000085,울산광역시,,울산남구,신정동,더폴 울산신정,168,입주예정,2027-02,청약홈 분양정보 오픈API
2024000083,경기도,,안산단원구,고잔동,한화포레나 안산고잔2차,178,입주예정,2026-09,청약홈 분양정보 오픈API
2024000081,경기도,,안양동안구,호계동,e편한세상 평촌 어반밸리,458,입주예정,2026-10,청약홈 분양정보 오픈API
2024000080,경기도,,용인처인구,삼가동,두산위브더제니스 센트럴 용인,568,입주예정,2027-03,청약홈 분양정보 오픈API
2024000066,경기도,,성남분당구,야탑동,분당 금호어울림 그린파크,242,입주예정,2025-07,청약홈 분양정보 오픈API
2024000001,서울특별시,강동구,,둔촌동,더샵 둔촌포레,74,입주예정,2024-11,청약홈 분양정보 오픈API
2024000073,강원특별자치도,,고성군,간성읍,고성석미모닝파크,82,입주예정,2024-04,청약홈 분양정보 오픈API
2024000062,경기도,,용인처인구,역북동,역북 서희스타힐스 프라임시티,134,입주예정,2027-03,청약홈 분양정보 오픈API
2024000058,충청북도,,청주서원구,사직동,힐스테이트 어울림 청주사직,1675,입주예정,2027-06,청약홈 분양정보 오픈API
2024000050,경기도,,이천시,안흥동,이천 서희스타힐스 SKY,347,입주예정,2029-01,청약홈 분양정보 오픈API
2023000673,경기도,,이천시,안흥동,이천 롯데캐슬 센트럴 페라즈 스카이,801,입주예정,2027-09,청약홈 분양정보 오픈API
2024000045,경기도,,평택시,현덕면,평택 푸르지오 센터파인,851,입주예정,2026-11,청약홈 분양정보 오픈API
2024000082,울산광역시,,울산남구,신정동,힐스테이트 문수로 센트럴,566,입주예정,2028-06,청약홈 분양정보 오픈API
2024000075,부산광역시,,부산사상구,주례동,냉정역 비스타동원,120,입주예정,2025-03,청약홈 분양정보 오픈API
2024000063,경상남도,,밀양시,삼문동,삼문 시그니처 웰가,232,입주예정,2026-10,청약홈 분양정보 오픈API
2024000061,서울특별시,강동구,,성내동,에스아이팰리스 올림픽공원,58,입주예정,2024-03,청약홈 분양정보 오픈API
2024000059,광주광역시,,광주광산구,산월동,봉산공원 첨단 제일풍경채,948,입주예정,2027-05,청약홈 분양정보 오픈API
2024000009,울산광역시,,울산남구,신정동,e편한세상 신정 스카이하임,158,입주예정,2026-10,청약홈 분양정보 오픈API
2023000708,부산광역시,,부산금정구,부곡동,더샵 금정위버시티,308,입주예정,2027-02,청약홈 분양정보 오픈API
2024820002,경기도,,의왕시,고천동,의왕고천 A-2BL 신혼희망타운(공공분양) 잔여세대,1,입주예정,2024-05,청약홈 분양정보 오픈API
2024000078,충청남도,,천안서북구,성정동,천안역 경남아너스빌 어반하이츠,293,입주예정,2025-04,청약홈 분양정보 오픈API
2024000074,서울특별시,서대문구,,영천동,경희궁 유보라,108,입주예정,2026-07,청약홈 분양정보 오픈API
2024000004,인천광역시,,인천서구,,e편한세상 검단 에코비스타,732,입주예정,2026-07,청약홈 분양정보 오픈API
2024000052,경기도,,광주시,탄벌동,광주 탄벌 서희스타힐스 2단지,29,입주예정,2024-09,청약홈 분양정보 오픈API
2024000051,경기도,,광주시,탄벌동,광주 탄벌 서희스타힐스 1단지,47,입주예정,2024-09,청약홈 분양정보 오픈API
2024000067,경상북도,,울진군,후포면,울진후포 오션더캐슬,123,입주예정,2026-06,청약홈 분양정보 오픈API
2024000064,충청남도,,천안서북구,두정동,힐스테이트 두정역,997,입주예정,2025-03,청약홈 분양정보 오픈API
2024000060,경기도,,고양일산동구,식사동,휴먼빌 일산 클래스원,529,입주예정,2027-04,청약홈 분양정보 오픈API
2024000044,전북특별자치도,,전주완산구,서신동,서신 더샵 비발디,1225,입주예정,2026-11,청약홈 분양정보 오픈API
2024000042,광주광역시,,광주남구,송하동,광주 송암공원 중흥S-클래스 SK VIEW,1575,입주예정,2027-12,청약홈 분양정보 오픈API
2023000668,제주특별자치도,,제주시,건입동,제주 중부공원 제일풍경채 센트럴파크,653,입주예정,2027-04,청약홈 분양정보 오픈API
2024000079,광주광역시,,광주서구,마륵동,상무 양우내안애 퍼스트힐,57,입주예정,2026-05,청약홈 분양정보 오픈API
2023000617,경기도,,성남분당구,,판교TH212,212,입주예정,2025-11,청약홈 분양정보 오픈API
2024000012,경기도,,수원영통구,영통동,영통자이 센트럴파크,580,입주예정,2027-03,청약홈 분양정보 오픈API
2023000567,광주광역시,,광주북구,삼각동,위파크 일곡공원,903,입주예정,2026-10,청약홈 분양정보 오픈API
2024000026,대구광역시,,대구서구,,반고개역 푸르지오,240,입주예정,2024-06,청약홈 분양정보 오픈API
2023000705,울산광역시,,울산남구,야음동,e편한세상 번영로 리더스포레,192,입주예정,2026-11,청약홈 분양정보 오픈API
2024000033,서울특별시,서초구,,잠원동,메이플자이,162,입주예정,2025-06,청약홈 분양정보 오픈API
2024000031,부산광역시,,부산부산진구,양정동,두산위브더제니스 센트럴 양정,244,입주예정,2025-04,청약홈 분양정보 오픈API
2024000029,광주광역시,,광주북구,매곡동,힐스테이트 중외공원 3블록,681,입주예정,2026-12,청약홈 분양정보 오픈API
2024000028,광주광역시,,광주북구,매곡동,힐스테이트 중외공원 2블록,785,입주예정,2026-12,청약홈 분양정보 오픈API
2024000027,전라남도,,장성군,장성읍,장성 남양휴튼 리버파크,180,입주예정,2026-06,청약홈 분양정보 오픈API
2024000024,충청남도,,공주시,월송동,공주월송지구 경남아너스빌,366,입주예정,2026-11,청약홈 분양정보 오픈API
2024000019,부산광역시,,부산수영구,민락동,테넌바움294 Ⅱ,102,입주예정,2024-03,청약홈 분양정보 오픈API
2024000018,부산광역시,,부산수영구,민락동,테넌바움294 Ⅰ,192,입주예정,2024-03,청약홈 분양정보 오픈API
2024000016,경상북도,,포항남구,대잠동,힐스테이트 더샵 상생공원 2단지,1668,입주예정,2027-09,청약홈 분양정보 오픈API
2024000013,강원특별자치도,,동해시,,동해발한석미모닝파크,152,입주예정,2024-03,청약홈 분양정보 오픈API
2024000007,경기도,,부천시,송내동,송내역 푸르지오 센트비엔,225,입주예정,2026-09,청약홈 분양정보 오픈API
2023000721,경기도,,평택시,장안동,평택 브레인시티 5BL 대광로제비앙 그랜드센텀,1182,입주예정,2027-01,청약홈 분양정보 오픈API
2024000008,충청남도,,홍성군,광천읍,홍성2차 승원팰리체 시그니처,293,입주예정,2026-10,청약홈 분양정보 오픈API
2023000703,전라남도,,광양시,마동,더샵 광양레이크센텀 (1회차),717,입주예정,2027-01,청약홈 분양정보 오픈API
2023000683,강원특별자치도,,원주시,판부면,e편한세상 원주 프리모원(2회차),222,입주예정,2025-11,청약홈 분양정보 오픈API
2023000720,경기도,,수원장안구,연무동,서광교 한라비발디 레이크포레,285,입주예정,2027-02,청약홈 분양정보 오픈API
2023000682,서울특별시,광진구,,광장동,포제스 한강,128,입주예정,2025-09,청약홈 분양정보 오픈API
2023000700,경기도,,의정부시,신곡동,e편한세상 신곡 시그니처뷰,407,입주예정,2026-09,청약홈 분양정보 오픈API
2023000707,인천광역시,,인천서구,불로동,제일풍경채 검단Ⅲ 본청약,393,입주예정,2026-10,청약홈 분양정보 오픈API
2023000689,광주광역시,,광주광산구,선암동,어등산 진아리채 리버필드,142,입주예정,2025-03,청약홈 분양정보 오픈API
2023000694,강원특별자치도,,강릉시,포남동,강릉 유블레스 리센트,226,입주예정,2027-04,청약홈 분양정보 오픈API
2023000677,전라북도,,익산시,팔봉동,익산 피렌채,92,입주예정,2024-02,청약홈 분양정보 오픈API
2023820025,인천광역시,,인천서구,,인천가정2지구 A-2블록 신혼희망타운 공공분양주택(본청약),534,입주예정,2026-05,청약홈 분양정보 오픈API
2023820026,서울특별시,노원구,,공릉동,서울공릉 신혼희망타운(공공분양),139,입주예정,2027-10,청약홈 분양정보 오픈API
2023000710,경기도,,용인기흥구,서천동,영통역자이 프라시엘,472,입주예정,2026-12,청약홈 분양정보 오픈API
2023000709,서울특별시,노원구,,공릉동,서울공릉지구 공공분양주택,209,입주예정,2027-10,청약홈 분양정보 오픈API
2023000704,충청북도,,제천시,신백동,제천 신백 선광로즈웰아파트,209,입주예정,2024-02,청약홈 분양정보 오픈API
2023000691,인천광역시,,인천서구,,인천 검단신도시 AB20-2블록 중흥S-클래스 에듀파크(본청약),719,입주예정,2027-06,청약홈 분양정보 오픈API
2023000681,경기도,,안성시,죽산면,안성 하우스토리 퍼스트시티,474,입주예정,2025-11,청약홈 분양정보 오픈API
2023000620,울산광역시,,울산남구,신정동,문수로 아르티스,273,입주예정,2024-10,청약홈 분양정보 오픈API
2023000612,경상북도,,울진군,후포면,후포 라온하이츠,60,입주예정,2024-01,청약홈 분양정보 오픈API
2023820024,경기도,,성남수정구,창곡동,위례 A2-7블록 신혼희망타운(공공분양) (본청약),440,입주예정,2026-12,청약홈 분양정보 오픈API
2023000706,충청남도,,아산시,,더샵 탕정인피니티시티,1140,입주예정,2026-12,청약홈 분양정보 오픈API
2023000698,부산광역시,,부산사상구,괘법동,보해 썬시티 리버파크,214,입주예정,2024-07,청약홈 분양정보 오픈API
2023000688,경기도,,광명시,광명동,광명자이힐스테이트SKVIEW,639,입주예정,2027-07,청약홈 분양정보 오픈API
2023000685,강원특별자치도,,춘천시,약사동,쌍용 더 플래티넘 스카이,228,입주예정,2028-03,청약홈 분양정보 오픈API
2023000684,경기도,,부천시,괴안동,역곡역 아테움 스위첸,50,입주예정,2026-02,청약홈 분양정보 오픈API
2023000557,인천광역시,,인천계양구,작전동,두산위브더제니스 센트럴 계양,620,입주예정,2027-05,청약홈 분양정보 오픈API
2023000634,경기도,,양주시,덕계동,덕계역 진산 블루시엘,54,입주예정,2024-05,청약홈 분양정보 오픈API
2023000672,서울특별시,양천구,,,어반클라쎄목동,45,입주예정,2024-01,청약홈 분양정보 오픈API
2023000676,서울특별시,강동구,,길동,에스아이팰리스 강동 센텀Ⅱ,80,입주예정,2024-01,청약홈 분양정보 오픈API
2023000675,전라북도,,익산시,,익산배산 제일풍경채 에듀파크 공가세대 일반공급,1,입주예정,2024-02,청약홈 분양정보 오픈API
2023000674,경기도,,평택시,공동,지제역 반도체밸리 쌍용더플래티넘,1340,입주예정,2027-01,청약홈 분양정보 오픈API
2023000670,경상남도,,김해시,삼계동,김해 삼계 푸르지오 센트럴파크,630,입주예정,2027-04,청약홈 분양정보 오픈API
2023000669,부산광역시,,부산동래구,수안동,동래 롯데캐슬 시그니처,164,입주예정,2027-11,청약홈 분양정보 오픈API
2023000660,경기도,,평택시,장안동,평택 브레인시티 중흥S-클래스,1980,입주예정,2027-02,청약홈 분양정보 오픈API
2023000659,울산광역시,,울산중구,학성동,영우 트리지움 2차 주상복합 아파트,32,입주예정,2024-01,청약홈 분양정보 오픈API
2023000646,제주특별자치도,,제주시,외도일동,외도일동 제이시티팰리스 3차,36,입주예정,2024-01,청약홈 분양정보 오픈API
2023000643,광주광역시,,광주북구,연제동,연제첨단 광신프로그레스,380,입주예정,2026-09,청약홈 분양정보 오픈API
2023000641,경기도,,수원권선구,세류동,매교역 팰루시드,1234,입주예정,2026-08,청약홈 분양정보 오픈API
2023000484,충청남도,,보령시,동대동,보령 엘리체 헤리티지,971,입주예정,2026-12,청약홈 분양정보 오픈API
2023000658,경기도,,안성시,,안성당왕 경남아너스빌 하이스트,976,입주예정,2027-03,청약홈 분양정보 오픈API
2023000666,충청북도,,청주서원구,개신동,청주 동일하이빌 파크레인 2단지,800,입주예정,2026-04,청약홈 분양정보 오픈API
2023000657,대전광역시,,대전동구,가양동,힐스테이트 가양 더와이즈,358,입주예정,2024-10,청약홈 분양정보 오픈API
2023000656,경기도,,파주시,와동동,힐스테이트 더 운정,744,입주예정,2025-08,청약홈 분양정보 오픈API
2023000654,경기도,,파주시,,파주 운정신도시 우미 린 파크힐스(본청약),292,입주예정,2024-12,청약홈 분양정보 오픈API
2023000652,경기도,,안산단원구,고잔동,롯데캐슬 시그니처 중앙,511,입주예정,2027-11,청약홈 분양정보 오픈API
2023000623,경기도,,고양일산동구,장항동,고양 장항 제일풍경채,1184,입주예정,2026-12,청약홈 분양정보 오픈API
2023000575,충청남도,,아산시,신창면,아산 신창1차 광신프로그레스,450,입주예정,2025-09,청약홈 분양정보 오픈API
2023000436,울산광역시,,울산중구,다운동,다운 한양립스 더 퍼스트 하임,140,입주예정,2025-04,청약홈 분양정보 오픈API
2023000635,경상북도,,영주시,상망동,영주자이 시그니처,763,입주예정,2026-11,청약홈 분양정보 오픈API
2023000638,충청남도,,아산시,배방읍,아산 탕정지구 2-A12BL 대광로제비앙(본청약),186,입주예정,2024-08,청약홈 분양정보 오픈API
2023820023,경기도,,파주시,와동동,파주와동 A1블록 신혼희망타운(공공분양) 잔여세대,11,입주예정,2023-12,청약홈 분양정보 오픈API
2023000648,경상남도,,산청군,금서면,스위트캐슬 더프라임,77,입주예정,2024-01,청약홈 분양정보 오픈API
2023000624,충청남도,,서산시,석림동,서산 센트럴 아이파크,410,입주예정,2026-10,청약홈 분양정보 오픈API
2023000532,서울특별시,성동구,,용답동,청계리버뷰자이,797,입주예정,2027-02,청약홈 분양정보 오픈API
2023000637,경기도,,이천시,,이천중리B1-BL 우미린 어반퍼스트,785,입주예정,2026-06,청약홈 분양정보 오픈API
2023820022,경기도,,고양덕양구,,고양지축 A-2블록 신혼희망타운(공공분양) 잔여세대,1,입주예정,2024-02,청약홈 분양정보 오픈API
2023000647,서울특별시,강서구,,,삼익 더 랩소디,45,입주예정,2024-01,청약홈 분양정보 오픈API
2023000589,경기도,,부천시,소사본동,소사역 롯데캐슬 더 뉴엘,983,입주예정,2027-08,청약홈 분양정보 오픈API
2023000558,인천광역시,,인천서구,불로동,제일풍경채 검단Ⅳ,1048,입주예정,2027-02,청약홈 분양정보 오픈API
2023000645,부산광역시,,부산부산진구,양정동,아틀리에 933,72,입주예정,2025-06,청약홈 분양정보 오픈API
2023000640,인천광역시,,인천서구,왕길동,왕길역 로열파크씨티 푸르지오,1500,입주예정,2024-09,청약홈 분양정보 오픈API
2023000633,충청북도,,청주상당구,용암동,원봉공원 힐데스하임,1211,입주예정,2027-09,청약홈 분양정보 오픈API
2023000630,강원특별자치도,,강릉시,견소동,강릉 모아미래도 오션리버,561,입주예정,2026-09,청약홈 분양정보 오픈API
2023000628,부산광역시,,부산강서구,,부산에코델타시티 디에트르 그랑루체(13BL),1470,입주예정,2027-05,청약홈 분양정보 오픈API
2023000621,충청북도,,청주흥덕구,가경동,청주 가경 아이파크 6단지,946,입주예정,2027-01,청약홈 분양정보 오픈API
2023000608,서울특별시,마포구,,아현동,마포 푸르지오 어반피스,122,입주예정,2027-03,청약홈 분양정보 오픈API
2023000473,경기도,,오산시,궐동,오산세교2지구 A-3블록 파라곤,1068,입주예정,2026-04,청약홈 분양정보 오픈API
2023000642,인천광역시,,인천미추홀구,숭의동,e편한세상 제물포역 파크메종,449,입주예정,2026-07,청약홈 분양정보 오픈API
2023000627,인천광역시,,인천중구,,운서역 대라수 어썸에듀,311,입주예정,2026-08,청약홈 분양정보 오픈API
2023000610,부산광역시,,부산해운대구,송정동,더폴 디오션,184,입주예정,2026-05,청약홈 분양정보 오픈API
2023000601,대전광역시,,대전서구,도마동,도마 포레나해모로,568,입주예정,2027-03,청약홈 분양정보 오픈API
2023000577,전라북도,,임실군,임실읍,임실 고운라피네 더 퍼스트,129,입주예정,2025-11,청약홈 분양정보 오픈API
2023000625,부산광역시,,부산남구,우암동,해링턴 마레,1382,입주예정,2026-12,청약홈 분양정보 오픈API
2023820021,경기도,,화성시,,화성능동 B-1블록 신혼희망타운(공공분양)잔여세대,1,입주예정,2023-12,청약홈 분양정보 오픈API
2023000603,부산광역시,,부산남구,문현동,문현 푸르지오 트레시엘,561,입주예정,2027-09,청약홈 분양정보 오픈API
2023000583,경기도,,파주시,동패동,운정3 제일풍경채(A46BL) (본청약),121,입주예정,2026-10,청약홈 분양정보 오픈API
2023000609,경상북도,,안동시,옥동,위파크 안동 호반,820,입주예정,2027-01,청약홈 분양정보 오픈API
2023000570,경기도,,용인처인구,포곡읍,용인 에버랜드역 칸타빌,348,입주예정,2026-11,청약홈 분양정보 오픈API
2023000607,부산광역시,,부산연제구,연산동,시청역 해모로 센티아,131,입주예정,2026-06,청약홈 분양정보 오픈API
2023000585,경기도,,파주시,,파주 운정신도시 우미 린 더 센텀,418,입주예정,2026-08,청약홈 분양정보 오픈API
2023000568,강원특별자치도,,춘천시,동면,춘천 금호어울림 더 퍼스트,543,입주예정,2026-09,청약홈 분양정보 오픈API
2023000566,경상남도,,거제시,아주동,오션 월드메르디앙 더 리치먼드,221,입주예정,2026-08,청약홈 분양정보 오픈API
2023000562,서울특별시,송파구,,문정동,힐스테이트 e편한세상 문정,299,입주예정,2024-09,청약홈 분양정보 오픈API
2023000593,경기도,,의정부시,금오동,힐스테이트 금오 더퍼스트,408,입주예정,2025-12,청약홈 분양정보 오픈API
2023000530,경기도,,의왕시,오전동,의왕 센트라인 데시앙,532,입주예정,2026-11,청약홈 분양정보 오픈API
2023000565,경기도,,양주시,,회천중앙역 대광로제비앙(본청약),541,입주예정,2026-09,청약홈 분양정보 오픈API
2023000555,서울특별시,도봉구,,도봉2동,도봉 금호어울림 리버파크,130,입주예정,2026-03,청약홈 분양정보 오픈API
2023000528,경기도,,의정부시,금오동,의정부 푸르지오 클라시엘,656,입주예정,2027-12,청약홈 분양정보 오픈API
2023000478,경기도,,의정부시,의정부동,더샵 의정부역 링크시티,1401,입주예정,2027-10,청약홈 분양정보 오픈API
2023000579,경기도,,김포시,고촌읍,고촌센트럴자이,1297,입주예정,2024-06,청약홈 분양정보 오픈API
2023000563,경기도,,오산시,,오산세교 센트럴파크 공가세대 일반공급,44,입주예정,2023-12,청약홈 분양정보 오픈API
2023000561,경기도,,오산시,,오산세교 세마역에듀파크 공가세대 일반공급,22,입주예정,2023-12,청약홈 분양정보 오픈API
2023000560,경기도,,화성시,,화성동탄 센트럴포레스트 공가세대 일반공급,39,입주예정,2023-12,청약홈 분양정보 오픈API
2023000549,충청남도,,아산시,탕정면,탕정 푸르지오 리버파크,1626,입주예정,2026-08,청약홈 분양정보 오픈API
2023000519,경기도,,부천시,,부천 JY 포에시아,55,입주예정,2023-11,청약홈 분양정보 오픈API
2023000552,전라북도,,군산시,지곡동,군산 레이크시티 아이파크,722,입주예정,2026-12,청약홈 분양정보 오픈API
2023000548,서울특별시,동대문구,,이문동,이문 아이파크 자이,1467,입주예정,2025-11,청약홈 분양정보 오픈API
2023000546,충청남도,,논산시,연무읍,논산 푸르지오 더 퍼스트,433,입주예정,2026-08,청약홈 분양정보 오픈API
2023000545,대전광역시,,대전서구,가수원동,관저 푸르지오 센트럴파크 2단지,264,입주예정,2026-11,청약홈 분양정보 오픈API
2023000544,대전광역시,,대전서구,관저동,관저 푸르지오 센트럴파크 1단지,264,입주예정,2026-11,청약홈 분양정보 오픈API
2023000543,울산광역시,,울산울주군,범서읍,울산 다운2지구 우미린 더 시그니처 본청약,1109,입주예정,2026-11,청약홈 분양정보 오픈API
2023000540,경기도,,광명시,철산동,철산자이 브리에르,393,입주예정,2026-01,청약홈 분양정보 오픈API
2023000537,경기도,,화성시,신동,동탄신도시 금강펜테리움 7차 센트럴파크,662,입주예정,2026-07,청약홈 분양정보 오픈API
2023000535,경기도,,이천시,증포동,이천자이 더 리체,558,입주예정,2026-08,청약홈 분양정보 오픈API
2023820020,경기도,,수원권선구,당수동,수원당수 A-4블럭 신혼희망타운 추가모집,3,입주예정,2023-10,청약홈 분양정보 오픈API
2023000534,부산광역시,,부산강서구,강동동,부산 에코델타시티 16블록 중흥S-클래스,1067,입주예정,2026-11,청약홈 분양정보 오픈API
2023000527,경기도,,시흥시,정왕동,힐스테이트 더웨이브시티,851,입주예정,2027-06,청약홈 분양정보 오픈API
2023000435,경기도,,화성시,장지동,동탄레이크파크 자연앤 e편한세상(국민주택),907,입주예정,2024-06,청약홈 분양정보 오픈API
2023000434,경기도,,화성시,장지동,동탄레이크파크 자연앤 e편한세상(민영주택),320,입주예정,2024-06,청약홈 분양정보 오픈API
2023000431,경기도,,안양만안구,석수2동,안양자이 더 포레스트,212,입주예정,2026-05,청약홈 분양정보 오픈API
2023000415,서울특별시,강동구,,천호동,e편한세상 강동 프레스티지원,263,입주예정,2026-01,청약홈 분양정보 오픈API
2023000277,전라북도,,고창군,고창읍,고창 광신프로그레스,206,입주예정,2025-09,청약홈 분양정보 오픈API
2023000526,경기도,,군포시,금정동,금정역 개성로니엘,80,입주예정,2025-05,청약홈 분양정보 오픈API
2023000472,서울특별시,강동구,,천호동,천호역 마에스트로,77,입주예정,2025-02,청약홈 분양정보 오픈API
2023000525,경상북도,,구미시,도량동,구미 그랑포레 데시앙,1350,입주예정,2027-03,청약홈 분양정보 오픈API
2023000524,강원특별자치도,,춘천시,,더샵 소양스타리버,855,입주예정,2025-10,청약홈 분양정보 오픈API
2023000506,경상북도,,영덕군,영덕읍,한동 화개리 에코리브,35,입주예정,2023-11,청약홈 분양정보 오픈API
2023000499,경기도,,안양만안구,안양동,디오르나인 안양역,66,입주예정,2024-08,청약홈 분양정보 오픈API
2023000480,경기도,,광명시,광명1동,트리우스 광명,730,입주예정,2024-12,청약홈 분양정보 오픈API
2023000479,인천광역시,,인천서구,불로동,인천검단신도시 디에트르 더 에듀(AA20BL),781,입주예정,2026-05,청약홈 분양정보 오픈API
2023000477,강원특별자치도,,강릉시,견소동,강릉 오션시티 아이파크,794,입주예정,2026-08,청약홈 분양정보 오픈API
2023000443,서울특별시,강동구,,천호동,더샵 강동센트럴시티,168,입주예정,2025-12,청약홈 분양정보 오픈API
2023000502,경기도,,수원권선구,서둔동,힐스테이트 수원파크포레,482,입주예정,2024-12,청약홈 분양정보 오픈API
2023000486,경기도,,파주시,동패동,파주운정3 A22블록 공공분양주택(본청약),642,입주예정,2026-07,청약홈 분양정보 오픈API
2023000496,경기도,,성남분당구,,성남판교 산운마을 13단지 데시앙 공가세대 일반공급,5,입주예정,2023-12,청약홈 분양정보 오픈API
2023000495,경기도,,성남분당구,,성남판교 판교원마을 12단지 힐스테이트 공가세대 일반공급,3,입주예정,2023-12,청약홈 분양정보 오픈API
2023000491,경기도,,성남분당구,,성남판교 봇들마을3단지 휴먼시아 공가세대 일반공급,8,입주예정,2023-12,청약홈 분양정보 오픈API
2023000490,경기도,,성남분당구,,성남판교 산운마을11단지 판교포레라움 공가세대 일반공급,5,입주예정,2023-12,청약홈 분양정보 오픈API
2023000489,경기도,,성남분당구,,성남판교 산운마을12단지 공가세대 일반공급,1,입주예정,2023-12,청약홈 분양정보 오픈API
2023000463,인천광역시,,인천연수구,,월드메르디앙 송도,128,입주예정,2023-10,청약홈 분양정보 오픈API
2023000025,제주특별자치도,,제주시,화북이동,화북세원멤버스,53,입주예정,2023-10,청약홈 분양정보 오픈API
2023000482,경기도,,부천시,범박동,일루미스테이트(보류지),59,입주예정,2024-03,청약홈 분양정보 오픈API
2023000481,경기도,,오산시,,오산세교2지구 A-13블록 호반써밋 본청약,850,입주예정,2026-06,청약홈 분양정보 오픈API
2023000449,인천광역시,,인천서구,원당동,e편한세상 검단 웰카운티(민영주택),292,입주예정,2026-07,청약홈 분양정보 오픈API
2023000448,인천광역시,,인천서구,원당동,e편한세상 검단 웰카운티(국민주택),1166,입주예정,2026-07,청약홈 분양정보 오픈API
2023000444,강원특별자치도,,강릉시,송정동,강릉자이르네 디오션,228,입주예정,2026-11,청약홈 분양정보 오픈API
2023000438,서울특별시,동대문구,,답십리동,e편한세상 답십리 아르테포레(국민주택),121,입주예정,2025-03,청약홈 분양정보 오픈API
2023000359,인천광역시,,인천서구,원당동,검단신도시 롯데캐슬 넥스티엘,372,입주예정,2026-04,청약홈 분양정보 오픈API
2023000474,제주특별자치도,,제주시,,일도이동 유피테르 6차,40,입주예정,2023-11,청약홈 분양정보 오픈API
2023820017,경기도,,고양일산동구,,고양장항지구 A-2블록 신혼희망타운(공공분양),371,입주예정,2026-04,청약홈 분양정보 오픈API
2023000465,서울특별시,관악구,,봉천동,힐스테이트 관악센트씨엘,101,입주예정,2025-02,청약홈 분양정보 오픈API
2023000461,광주광역시,,광주광산구,운수동,광주 선운2지구 예다음(B-2블록)(본청약),395,입주예정,2026-07,청약홈 분양정보 오픈API
2023000457,서울특별시,성북구,,,보문 센트럴 아이파크,87,입주예정,2026-09,청약홈 분양정보 오픈API
2023000441,전남,,장성군,,첨단 제일풍경채 A2블록,1845,입주예정,2026-10,청약홈 분양정보 오픈API
2023000440,광주광역시,,광주북구,월출동,첨단 제일풍경채 A5블록,584,입주예정,2026-10,청약홈 분양정보 오픈API
2023000462,전라남도,,광양시,광양읍,광양 세미존서희스타힐스,58,입주예정,2023-10,청약홈 분양정보 오픈API
2023000466,경상남도,,밀양시,가곡동,가곡동 수에르떼,45,입주예정,2023-10,청약홈 분양정보 오픈API
2023000453,충청북도,,청주청원구,오창읍,더샵 오창프레스티지,644,입주예정,2027-08,청약홈 분양정보 오픈API
2023820015,경기도,,의왕시,"초평동,삼동",의왕초평 A-3블록 신혼희망타운(공공분양) 잔여세대 입주자모집공고,4,입주예정,2023-12,청약홈 분양정보 오픈API
2023000451,부산광역시,,부산남구,대연3동,더 비치 푸르지오 써밋,391,입주예정,2023-12,청약홈 분양정보 오픈API
2023000450,울산광역시,,울산남구,신정동,문수로 금호어울림 더 퍼스트,402,입주예정,2025-12,청약홈 분양정보 오픈API
2023000409,부산광역시,,부산동래구,수안동,이룸 더 시티,104,입주예정,2024-04,청약홈 분양정보 오픈API
2023000445,경기도,,남양주시,다산동,다산 유보라 마크뷰,166,입주예정,2024-08,청약홈 분양정보 오픈API
2023000442,경기도,,수원권선구,오목천동,오목천역 더리브,201,입주예정,2026-02,청약홈 분양정보 오픈API
2023000433,광주광역시,,광주북구,동림동,운암산공원 우미린 리버포레,660,입주예정,2027-06,청약홈 분양정보 오픈API
2023000407,인천광역시,,인천계양구,효성동,제일풍경채 계양 위너스카이 B블록,566,입주예정,2025-08,청약홈 분양정보 오픈API
2023000406,인천광역시,,인천계양구,효성동,제일풍경채 계양 위너스카이 A블록,777,입주예정,2025-08,청약홈 분양정보 오픈API
2023820019,서울특별시,영등포구,,신길동,서울대방 신혼희망타운 공공분양(본청약),122,입주예정,2027-06,청약홈 분양정보 오픈API
2023000421,경기도,,부천시,심곡본동,월드메르디앙 소사역 아파트,120,입주예정,2023-09,청약홈 분양정보 오픈API
2023000413,경기도,,포천시,군내면,포천 대광로제비앙,215,입주예정,2023-10,청약홈 분양정보 오픈API
2023000414,서울특별시,구로구,,개봉동,호반써밋 개봉,190,입주예정,2024-12,청약홈 분양정보 오픈API
2023000385,광주광역시,,광주광산구,하산동,광산센트럴파크,117,입주예정,2026-02,청약홈 분양정보 오픈API
2023000420,경상남도,,의령군,의령읍,혜성미 주상복합아파트,39,입주예정,2024-04,청약홈 분양정보 오픈API
2023000412,전라북도,,무주군,무주읍,골든렉시움,42,입주예정,2023-09,청약홈 분양정보 오픈API
2023820018,경기도,,의왕시,고천동,의왕고천 A-2BL 신혼희망타운(공공분양) 잔여세대,4,입주예정,2023-11,청약홈 분양정보 오픈API
2023000405,전라북도,,군산시,지곡동,군산 지곡 한라비발디 2차 은파레이크뷰,291,입주예정,2025-12,청약홈 분양정보 오픈API
2023000381,경기도,,광명시,소하동,광명 소하 신원아침도시2,82,입주예정,2026-01,청약홈 분양정보 오픈API
2023000380,경기도,,광명시,소하동,광명 소하 신원아침도시1,33,입주예정,2026-02,청약홈 분양정보 오픈API
2023000330,대전광역시,,대전서구,탄방동,둔산 자이 아이파크,1353,입주예정,2025-06,청약홈 분양정보 오픈API
2023000408,경기도,,용인기흥구,용인마북동,용인 센트레빌 그리니에,171,입주예정,2023-10,청약홈 분양정보 오픈API
2023000404,서울특별시,동작구,,상도동,상도 푸르지오 클라베뉴,771,입주예정,2024-03,청약홈 분양정보 오픈API
2023000391,전남,,장성군,,힐스테이트 첨단센트럴,1520,입주예정,2026-10,청약홈 분양정보 오픈API
2023000311,서울특별시,성동구,,용답동,청계 SK VIEW,108,입주예정,2025-07,청약홈 분양정보 오픈API
2023000370,광주광역시,,광주북구,신용동,힐스테이트 신용 더리버,206,입주예정,2024-03,청약홈 분양정보 오픈API
2023000355,제주특별자치도,,제주시,연동,더샵 연동애비뉴,204,입주예정,2026-07,청약홈 분양정보 오픈API
2023820014,경기도,,부천시,원종동,부천원종 B2블록 신혼희망타운(공공분양) 추가입주자,24,입주예정,2025-12,청약홈 분양정보 오픈API
2023000382,서울특별시,동대문구,,이문동,래미안 라그란데,920,입주예정,2025-01,청약홈 분양정보 오픈API
2023000351,광주광역시,,광주서구,풍암동,위파크 더 센트럴,625,입주예정,2026-08,청약홈 분양정보 오픈API
2023000280,경기도,,평택시,진위면,진위역 서희스타힐스 더 파크뷰,639,입주예정,2027-02,청약홈 분양정보 오픈API
2023000364,경상남도,,창원진해구,용원동,신항 마린 애시앙,484,입주예정,2023-09,청약홈 분양정보 오픈API
2023000348,경상북도,,경산시,중방동,경산 중방스타힐스(조합원취소분),35,입주예정,2023-09,청약홈 분양정보 오픈API
2023000384,경상남도,,거창군,거창읍,대동리 나리안길 107동,48,입주예정,2023-08,청약홈 분양정보 오픈API
2023000367,강원특별자치도,,원주시,단구동,원주자이 센트로,970,입주예정,2026-06,청약홈 분양정보 오픈API
2023000365,경상북도,,울진군,죽변면,울진 하버펠리체,67,입주예정,2023-09,청약홈 분양정보 오픈API
2023000358,서울특별시,강북구,,수유동,수유 시그니티,32,입주예정,2023-09,청약홈 분양정보 오픈API
2023000340,인천광역시,,인천미추홀구,학익2동,포레나 인천학익,250,입주예정,2026-04,청약홈 분양정보 오픈API
2023000347,경기도,,시흥시,논곡동,효성해링턴 플레이스 목감역,145,입주예정,2024-01,청약홈 분양정보 오픈API
2023000338,경기도,,평택시,,평택 고덕국제신도시 A-49블록 호반써밋 3차(본청약),282,입주예정,2024-07,청약홈 분양정보 오픈API
2023000337,강원특별자치도,,속초시,금호동,힐스테이트 속초,925,입주예정,2026-05,청약홈 분양정보 오픈API
2023000325,충청남도,,천안서북구,성거읍,북천안자이 포레스트(2차),264,입주예정,2023-10,청약홈 분양정보 오픈API
2023000303,경기도,,광명시,광명2동,광명 센트럴 아이파크,425,입주예정,2025-11,청약홈 분양정보 오픈API
2023000256,부산광역시,,부산금정구,남산동,아센시아 더 플러스,68,입주예정,2024-09,청약홈 분양정보 오픈API
2023000230,서울특별시,광진구,,자양동,롯데캐슬 이스트폴,631,입주예정,2025-03,청약홈 분양정보 오픈API
2023000307,경기도,,이천시,,이천중리B2-BL 우미린 트리쉐이드,849,입주예정,2026-02,청약홈 분양정보 오픈API
2023000343,서울특별시,강동구,,길동,강동 중앙하이츠 시티,36,입주예정,2024-04,청약홈 분양정보 오픈API
2023000324,서울특별시,용산구,,,용산 호반써밋 에이디션,90,입주예정,2025-03,청약홈 분양정보 오픈API
2023000312,전라북도,,전주덕진구,송천동,에코시티 한양수자인 디에스틴 주상복합,268,입주예정,2026-12,청약홈 분양정보 오픈API
2023000284,강원특별자치도,,원주시,판부면,e편한세상 원주 프리모원(1회차),350,입주예정,2025-11,청약홈 분양정보 오픈API
2023000318,인천광역시,,인천미추홀구,,인천 용현 경남아너스빌(조합원취소분),87,입주예정,2023-08,청약홈 분양정보 오픈API
2023000336,대전광역시,,대전동구,가양동,가양동 다우갤러리 휴리움,63,입주예정,2026-03,청약홈 분양정보 오픈API
2023000334,제주특별자치도,,제주시,일도이동,일도이동 유피테르 6차,40,입주예정,2023-08,청약홈 분양정보 오픈API
2023000319,강원특별자치도,,춘천시,삼천동,춘천 레이크시티 아이파크,874,입주예정,2026-08,청약홈 분양정보 오픈API
2023000306,경기도,,화성시,안녕동,화성태안3지구 B-3블록 공공분양주택(본청약),688,입주예정,2026-02,청약홈 분양정보 오픈API
2023000305,경상남도,,남해군,납해읍,남해 타운하우스,76,입주예정,2023-08,청약홈 분양정보 오픈API
2023000259,경상남도,,김해시,신문동,더샵 신문그리니티,1146,입주예정,2026-02,청약홈 분양정보 오픈API
2023000258,인천광역시,,인천서구,연희동,인천 연희공원 호반써밋 파크에디션,1370,입주예정,2026-12,청약홈 분양정보 오픈API
2023000310,경상남도,,김해시,삼문동,이안 센트럴포레 장유 2단지,34,입주예정,2023-08,청약홈 분양정보 오픈API
2023000309,경상남도,,김해시,삼문동,이안 센트럴포레 장유 1단지,45,입주예정,2023-08,청약홈 분양정보 오픈API
2023000240,인천광역시,,인천미추홀구,,서희스타힐스 스타디움센트럴씨티,13,입주예정,2023-10,청약홈 분양정보 오픈API
2023000291,울산광역시,,울산북구,신천동,유보라 신천매곡,352,입주예정,2025-07,청약홈 분양정보 오픈API
2023000289,경기도,,시흥시,은행동,시흥 롯데캐슬 시그니처 2블록,903,입주예정,2027-07,청약홈 분양정보 오픈API
2023000288,경기도,,시흥시,은행동,시흥 롯데캐슬 시그니처 1블록,1230,입주예정,2027-07,청약홈 분양정보 오픈API
2023000287,부산광역시,,부산남구,대연동,대연 디아이엘,2382,입주예정,2027-04,청약홈 분양정보 오픈API
2023000282,서울특별시,강동구,,둔촌동,둔촌 현대수린나,34,입주예정,2023-10,청약홈 분양정보 오픈API
2023000281,서울특별시,동대문구,,청량리동,청량리 롯데캐슬 하이루체,173,입주예정,2026-04,청약홈 분양정보 오픈API
2023000276,광주광역시,,광주서구,광천동,광주 서구 광천동 PH543,99,입주예정,2026-08,청약홈 분양정보 오픈API
2023000224,경기도,,평택시,장안동,평택 브레인시티 2BL 대광로제비앙 모아엘가,1700,입주예정,2026-08,청약홈 분양정보 오픈API
2023000267,충청북도,,청주흥덕구,봉명동,월명공원 한라비발디 온더파크,874,입주예정,2026-05,청약홈 분양정보 오픈API
2023000257,부산광역시,,부산해운대구,우동,해운대 경동리인뷰 2차,632,입주예정,2024-06,청약홈 분양정보 오픈API
2023000255,서울특별시,관악구,,신림동,서울대벤처타운역 푸르지오,182,입주예정,2025-05,청약홈 분양정보 오픈API
2023000078,제주특별자치도,,제주시,애월읍,효성해링턴 플레이스 제주,425,입주예정,2025-02,청약홈 분양정보 오픈API
2023820013,경기도,,수원권선구,당수동,수원당수지구 A-4블록 신혼희망타운(공공분양) 추가모집,11,입주예정,2023-07,청약홈 분양정보 오픈API
2023000262,충청북도,,보은군,보은읍,보은 대신 센텀캐슬 아파트,59,입주예정,2023-07,청약홈 분양정보 오픈API
2023000202,충청남도,,아산시,모종동,힐스테이트 모종 블랑루체,1060,입주예정,2026-03,청약홈 분양정보 오픈API
2023000261,경기도,,평택시,현덕면,이안 평택 안중역(조합분양 취소분),33,입주예정,2023-08,청약홈 분양정보 오픈API
2023000252,경기도,,화성시,,e편한세상 동탄 파크아너스 A56블럭(2회차),363,입주예정,2024-12,청약홈 분양정보 오픈API
2023000225,광주광역시,,광주북구,양산동,양산동 명지써밋,153,입주예정,2024-05,청약홈 분양정보 오픈API
2023000211,인천광역시,,인천서구,불로동,인천 검단신도시 AB19블럭 호반써밋(본청약),555,입주예정,2026-03,청약홈 분양정보 오픈API
2023000221,강원도,,원주시,관설동,원주 동문 디 이스트,873,입주예정,2025-10,청약홈 분양정보 오픈API
2023000214,광주광역시,,광주남구,월산동,더퍼스트 데시앙,64,입주예정,2025-07,청약홈 분양정보 오픈API
2023000194,부산광역시,,부산부산진구,부암동,해피투모로우 쥬디원,56,입주예정,2024-07,청약홈 분양정보 오픈API
2023000218,강원도,,양양군,양양읍,양양 금호어울림 더퍼스트,279,입주예정,2026-01,청약홈 분양정보 오픈API
2023000232,경기도,,평택시,공동,지제역 반도체밸리 제일풍경채 2블록,1152,입주예정,2026-03,청약홈 분양정보 오픈API
2023000228,광주광역시,,광주동구,계림동,교대역 모아엘가 그랑데,461,입주예정,2026-05,청약홈 분양정보 오픈API
2023000226,충남,,아산시,배방읍,힐스테이트 자이 아산센텀,787,입주예정,2026-02,청약홈 분양정보 오픈API
2023000188,경기도,,오산시,궐동,오산세교 하우스토리 더센트럴,192,입주예정,2025-08,청약홈 분양정보 오픈API
2023000199,경기도,,부천시,심곡동,부천역 청담더마크,72,입주예정,2023-06,청약홈 분양정보 오픈API
2023000223,경기도,,남양주시,퇴계원읍,청광플러스원,39,입주예정,2023-09,청약홈 분양정보 오픈API
2023000217,제주특별자치도,,서귀포시,하효동,서귀포 휴안1차 아파트,78,입주예정,2023-07,청약홈 분양정보 오픈API
2023000195,광주광역시,,광주서구,쌍촌동,상무센트럴자이,903,입주예정,2025-04,청약홈 분양정보 오픈API
2023000189,서울특별시,서대문구,,남가좌동,DMC 가재울 아이파크,92,입주예정,2025-11,청약홈 분양정보 오픈API
2023000100,경기도,,파주시,목동동,운정자이 시그니처,988,입주예정,2026-03,청약홈 분양정보 오픈API
2023000215,경상남도,,밀양시,가곡동,수에르떼 밀양,45,입주예정,2023-06,청약홈 분양정보 오픈API
2023000212,제주특별자치도,,제주시,일도일동,제주 플래티움 61,58,입주예정,2025-02,청약홈 분양정보 오픈API
2023000201,경기도,,의왕시,내손동,인덕원 퍼스비엘,586,입주예정,2026-06,청약홈 분양정보 오픈API
2023000039,충청남도,,천안서북구,백석동,천안 백석 센트레빌 파크디션,358,입주예정,2024-04,청약홈 분양정보 오픈API
2023000200,대구광역시,,대구달성군,다사읍,대실역 블루핀34,34,입주예정,2023-07,청약홈 분양정보 오픈API
2023000181,울산광역시,,울산남구,신정동,문수로 롯데캐슬 그랑파르크,193,입주예정,2026-08,청약홈 분양정보 오픈API
2023000161,부산광역시,,부산강서구,,부산에코델타시티 디에트르 더 퍼스트(28BL),972,입주예정,2026-07,청약홈 분양정보 오픈API
2023000177,인천광역시,,인천미추홀구,숭의동,미추홀 루브루 숭의,50,입주예정,2023-10,청약홈 분양정보 오픈API
2023000165,경기도,,시흥시,,시흥 센트럴 헤센,38,입주예정,2023-06,청약홈 분양정보 오픈API
2023000174,서울특별시,은평구,,신사동,새절역 두산위브 트레지움,235,입주예정,2025-11,청약홈 분양정보 오픈API
2023000114,경기도,,성남중원구,,중앙하이츠 금광프리미엄 아파트,41,입주예정,2023-11,청약홈 분양정보 오픈API
2023000178,충청북도,,청주흥덕구,송절동,신영지웰 푸르지오 테크노폴리스 센트럴,1034,입주예정,2027-01,청약홈 분양정보 오픈API
2023000160,전라북도,,군산시,지곡동,군산 한라비발디 더프라임,633,입주예정,2026-03,청약홈 분양정보 오픈API
2023000159,부산광역시,,부산남구,문현동,롯데캐슬 인피니엘,303,입주예정,2026-06,청약홈 분양정보 오픈API
2023000129,경기도,,시흥시,정왕동,시화MTV 푸르지오 디오션,400,입주예정,2026-05,청약홈 분양정보 오픈API
2023000164,인천광역시,,인천중구,,인천 신흥동 3가 숭의역 엘크루(조합원취소분),15,입주예정,2025-04,청약홈 분양정보 오픈API
2023000158,경기도,,광명시,광명1동,광명자이더샵포레나,809,입주예정,2025-12,청약홈 분양정보 오픈API
2023000149,경기도,,남양주시,다산동,해링턴 플레이스 다산파크,350,입주예정,2024-02,청약홈 분양정보 오픈API
2023000143,충청남도,,서산시,석림동,서산 메이시티 아파트,60,입주예정,2023-07,청약홈 분양정보 오픈API
2023000141,충청북도,,청주흥덕구,송절동,해링턴 플레이스 테크노폴리스,602,입주예정,2026-08,청약홈 분양정보 오픈API
2023000139,경기도,,용인기흥구,마북동,e편한세상 용인역 플랫폼시티,999,입주예정,2024-04,청약홈 분양정보 오픈API
2022000643,경기도,,안성시,공도읍,해링턴 플레이스 진사(2BL),637,입주예정,2026-03,청약홈 분양정보 오픈API
2022000642,경기도,,안성시,공도읍,해링턴 플레이스 진사(1BL),355,입주예정,2026-03,청약홈 분양정보 오픈API
2023820009,경기도,,화성시,능동,화성능동 B-1블록 신혼희망타운(공공분양) 추가모집,6,입주예정,2023-08,청약홈 분양정보 오픈API
2023820008,경기도,,과천시,"갈현동,문원동",과천지식정보타운 S-7블록 신혼희망타운(공공분양) 추가모집,1,입주예정,2023-08,청약홈 분양정보 오픈API
2023820007,경기도,,과천시,문원동,과천지식정보타운 S-3블록신혼희망타운(공공분양) 추가모집,2,입주예정,2024-02,청약홈 분양정보 오픈API
2023820010,경기도,,화성시,봉담읍,화성봉담2 A-2블록 신혼희망타운(공공분양) 잔여세대,1,입주예정,2023-04,청약홈 분양정보 오픈API
2023000116,경기도,,화성시,봉담읍,봉담 중흥S-클래스 센트럴에듀,806,입주예정,2026-05,청약홈 분양정보 오픈API
2023000145,서울특별시,강북구,,,엘리프 미아역 2단지,160,입주예정,2026-08,청약홈 분양정보 오픈API
2023000144,서울특별시,강북구,,,엘리프 미아역 1단지,66,입주예정,2026-08,청약홈 분양정보 오픈API
2023820006,경기도,,수원권선구,당수동,수원당수지구 A-4블록 신혼희망타운(공공분양) 추가모집,23,입주예정,2023-06,청약홈 분양정보 오픈API
2023820005,경기도,,수원권선구,당수동,수원당수지구 A-3블록 신혼희망타운(공공분양) 추가모집,4,입주예정,2023-05,청약홈 분양정보 오픈API
2023000130,인천광역시,,인천서구,원당동,칸타빌 더 스위트,625,입주예정,2026-06,청약홈 분양정보 오픈API
2023000128,충청북도,,청주흥덕구,송절동,청주 테크노폴리스 A9BL 힐데스하임,440,입주예정,2025-09,청약홈 분양정보 오픈API
2023000117,부산광역시,,부산강서구,강동동,에코델타시티 대성베르힐 17BL,1120,입주예정,2026-03,청약홈 분양정보 오픈API
2023000107,경기도,,화성시,신동,동탄신도시 금강펜테리움 6차 센트럴파크(A59블럭),1103,입주예정,2026-02,청약홈 분양정보 오픈API
2023000099,광주광역시,,광주광산구,쌍암동,벨루미체 첨단,57,입주예정,2026-01,청약홈 분양정보 오픈API
2023820002,울산광역시,,울산중구,범서읍,울산다운2 A-9블록 신혼희망타운(공공분양)추가입주자모집,794,입주예정,2025-06,청약홈 분양정보 오픈API
2023000051,충청북도,,청주서원구,개신동,청주 동일하이빌 파크레인,800,입주예정,2026-01,청약홈 분양정보 오픈API
2023000007,경기도,,부천시,괴안동,이안 시그니처 역곡,58,입주예정,2024-07,청약홈 분양정보 오픈API
2023820004,경상남도,,양산시,동면,양산사송 A-2BL 신혼희망타운(공공분양) 추가입주자모집,96,입주예정,2023-12,청약홈 분양정보 오픈API
2023000115,울산광역시,,울산울주군,온양읍,울산 온양발리 신일해피트리 더루츠,95,입주예정,2024-12,청약홈 분양정보 오픈API
2023000104,광주광역시,,광주남구,봉선동,e편한세상 봉선 셀레스티지,176,입주예정,2024-10,청약홈 분양정보 오픈API
2023000097,충청남도,,천안서북구,성거읍,북천안자이 포레스트,378,입주예정,2023-07,청약홈 분양정보 오픈API
2023000022,경기도,,화성시,동탄면,동탄 파크릭스 A55BL,660,입주예정,2025-07,청약홈 분양정보 오픈API
2023000088,경기도,,파주시,,파주 운정신도시 디에트르 센트럴,292,입주예정,2025-08,청약홈 분양정보 오픈API
2023820003,서울특별시,강남구,,자곡동,수서역세권 A3블록 신혼희망타운(공공분양) 추가모집,1,입주예정,2023-06,청약홈 분양정보 오픈API
2023000067,서울특별시,동대문구,,휘경동,휘경자이 디센시아,700,입주예정,2025-06,청약홈 분양정보 오픈API
2023000065,경기도,,파주시,와동동,파주 운정신도시 B2블록 운정호수공원 누메르,38,입주예정,2023-07,청약홈 분양정보 오픈API
2023000085,부산광역시,,부산해운대구,우동,해운대역 푸르지오 더원,351,입주예정,2024-07,청약홈 분양정보 오픈API
2023000084,경상남도,,거제시,연초면,거제 한내 시온 숲속의아침뷰,46,입주예정,2023-06,청약홈 분양정보 오픈API
2023000069,부산광역시,,부산남구,우암동,두산위브더제니스 오션시티,2033,입주예정,2026-01,청약홈 분양정보 오픈API
2023000057,경기도,,평택시,현덕면,평택화양 서희스타힐스 센트럴파크,713,입주예정,2026-07,청약홈 분양정보 오픈API
2023000079,인천광역시,,인천서구,오류동,왕길역 금호어울림 에듀그린,243,입주예정,2025-02,청약홈 분양정보 오픈API
2023000070,경기도,,평택시,,고덕자이 센트로(A-5BL),569,입주예정,2025-08,청약홈 분양정보 오픈API
2023000072,전라북도,,정읍시,농소동,정읍 푸르지오 더 퍼스트,707,입주예정,2025-12,청약홈 분양정보 오픈API
2023000060,광주광역시,,광주서구,금호동,위파크 마륵공원,917,입주예정,2026-01,청약홈 분양정보 오픈API
2023000058,전라북도,,군산시,,군산 한성필하우스,149,입주예정,2023-04,청약홈 분양정보 오픈API
2022000932,충청북도,,영동군,영동읍,영동 코아루 리더스원,200,입주예정,2025-12,청약홈 분양정보 오픈API
2023000059,경기도,,화성시,,e편한세상 동탄 파크아너스 A56블럭(1회차),437,입주예정,2024-12,청약홈 분양정보 오픈API
2023000053,인천광역시,,인천서구,불로동,검단신도시 금강펜테리움 3차 센트럴파크,1049,입주예정,2025-11,청약홈 분양정보 오픈API
2023000031,제주특별자치도,,제주시,일도이동,일도 더 팰리스 아파트,66,입주예정,2023-04,청약홈 분양정보 오픈API
2023000052,서울특별시,은평구,,역촌동,센트레빌 아스테리움 시그니처,454,입주예정,2024-11,청약홈 분양정보 오픈API
2023000008,전라남도,,담양군,담양읍,담양센트럴파크 남양휴튼,72,입주예정,2025-03,청약홈 분양정보 오픈API
2022000894,경상북도,,경산시,중방동,경산서희스타힐스,64,입주예정,2023-06,청약홈 분양정보 오픈API
2022000879,경기도,,평택시,현덕면,힐스테이트 평택 화양,1571,입주예정,2026-03,청약홈 분양정보 오픈API
2023000048,서울특별시,영등포구,,,영등포자이 디그니티,185,입주예정,2026-03,청약홈 분양정보 오픈API
2023000041,인천광역시,,인천부평구,,더샵 부평 센트럴시티 10년 분양전환공공임대주택,207,입주예정,2023-06,청약홈 분양정보 오픈API
2023000040,인천광역시,,인천동구,송림동,동인천역 파크푸르지오 10년 분양전환 공공임대주택,71,입주예정,2023-06,청약홈 분양정보 오픈API
2023000006,서울특별시,강서구,,등촌동,등촌 지와인,136,입주예정,2023-06,청약홈 분양정보 오픈API
2023000038,충청북도,,진천군,덕산읍,진천 덕산우방아이유쉘,110,입주예정,2023-04,청약홈 분양정보 오픈API
2023000014,경기도,,하남시,신장동,그린나래,8,입주예정,2023-03,청약홈 분양정보 오픈API
2023000027,부산광역시,,부산강서구,,에코델타시티 푸르지오 린,886,입주예정,2025-10,청약홈 분양정보 오픈API
2023000018,광주광역시,,광주서구,마륵동,광주 상무역 골드클래스,191,입주예정,2023-11,청약홈 분양정보 오픈API
2023000028,경기도,,구리시,인창동,구리역 롯데캐슬 시그니처,679,입주예정,2026-03,청약홈 분양정보 오픈API
2023000015,인천광역시,,인천미추홀구,주안동,더샵 아르테,770,입주예정,2024-06,청약홈 분양정보 오픈API
2023000009,경기도,,수원팔달구,지동,수원성 중흥S-클래스,593,입주예정,2026-01,청약홈 분양정보 오픈API
2022000893,충청북도,,청주흥덕구,복대동,복대자이 더 스카이,715,입주예정,2026-07,청약홈 분양정보 오픈API
2023820001,경기도,,평택시,고덕동,평택고덕 A-53BL 신혼희망타운(공공분양) 추가모집,488,입주예정,2024-11,청약홈 분양정보 오픈API
2022000906,충청남도,,서산시,해미면,서산 해미 이아에듀타운,80,입주예정,2023-02,청약홈 분양정보 오픈API
2022000939,전라북도,,익산시,,익산 부송 데시앙 민간참여형 공공분양주택,745,입주예정,2025-12,청약홈 분양정보 오픈API
2022000931,경기도,,양주시,덕계동,양주 회천지구 A-20BL 대광로제비앙 센트럴(본청약),299,입주예정,2023-09,청약홈 분양정보 오픈API
2022000911,인천광역시,,인천연수구,옥련동,송도역 경남아너스빌,110,입주예정,2025-06,청약홈 분양정보 오픈API
2022000930,제주특별자치도,,제주시,애월읍,하귀푸르미르아파트,41,입주예정,2023-02,청약홈 분양정보 오픈API
2022000890,대구광역시,,대구동구,신천동,힐스테이트 동대구 센트럴,481,입주예정,2026-04,청약홈 분양정보 오픈API
2022000908,경기도,,안양동안구,호계동,평촌 센텀퍼스트,1228,입주예정,2023-11,청약홈 분양정보 오픈API
2022820032,경기도,,부천시,원종동,부천원종 B2블록 신혼희망타운(공공분양)(본청약),394,입주예정,2025-12,청약홈 분양정보 오픈API
2022000914,경상남도,,창원의창구,사화동,창원 롯데캐슬 포레스트 2BL,998,입주예정,2026-02,청약홈 분양정보 오픈API
2022000913,경상남도,,창원의창구,사화동,창원 롯데캐슬 포레스트 1BL,967,입주예정,2026-05,청약홈 분양정보 오픈API
2022000845,인천광역시,,인천미추홀구,숭의동,인천석정 한신더휴,151,입주예정,2023-03,청약홈 분양정보 오픈API
2022000852,충청북도,,청주서원구,개신동,청주 개신동 원더라움 아파트,48,입주예정,2023-01,청약홈 분양정보 오픈API
2022000900,부산광역시,,부산수영구,남천동,남천자이,116,입주예정,2023-01,청약홈 분양정보 오픈API
2022000896,경기도,,광명시,광명동,광명 제10R구역 호반써밋 그랜드 에비뉴,493,입주예정,2024-10,청약홈 분양정보 오픈API
2022000895,경기도,,부천시,,더원 루미에르,35,입주예정,2023-01,청약홈 분양정보 오픈API
2022000892,강원도,,강릉시,교동,강릉교동 금호어울림 올림픽파크 아파트,346,입주예정,2025-06,청약홈 분양정보 오픈API
2022000862,울산광역시,,울산남구,신정동,빌리브 리버런트,311,입주예정,2025-12,청약홈 분양정보 오픈API
2022000873,경기도,,광명시,철산동,철산자이 더 헤리티지,1631,입주예정,2025-05,청약홈 분양정보 오픈API
2022000898,전라북도,,부안군,줄포면,부안 줄포 블레스아파트,64,입주예정,2023-01,청약홈 분양정보 오픈API
2022000887,서울특별시,마포구,,아현동,마포 더 클래시,53,입주예정,2023-01,청약홈 분양정보 오픈API
2022000883,서울특별시,강동구,,길동,강동 헤리티지 자이,219,입주예정,2024-06,청약홈 분양정보 오픈API
2022000839,인천광역시,,인천남동구,간석동,힐스테이트 인천시청역,485,입주예정,2024-06,청약홈 분양정보 오픈API
2022000808,인천광역시,,인천중구,운남동,영종 오션파크 모아엘가 그랑데,560,입주예정,2026-04,청약홈 분양정보 오픈API
2022000785,대전광역시,,대전중구,선화동,힐스테이트 선화 더와이즈,851,입주예정,2027-02,청약홈 분양정보 오픈API
2022000780,경상북도,,포항북구,학산동,학산 한신더휴 엘리트파크,1455,입주예정,2026-05,청약홈 분양정보 오픈API
2022000696,세종특별자치시,,세종시,조치원읍,한신더휴 조치원,190,입주예정,2024-10,청약홈 분양정보 오픈API
2022000880,경기도,,평택시,,더샵 지제역 센트럴파크 2BL,4,입주예정,2023-04,청약홈 분양정보 오픈API
2022000874,울산광역시,,울산남구,옥동,옥동 경남아너스빌 ubc,320,입주예정,2026-08,청약홈 분양정보 오픈API
2022000870,충청북도,,음성군,맹동면,음성 아이파크,604,입주예정,2025-08,청약홈 분양정보 오픈API
2022000889,전라북도,,전주덕진구,,전주만성에코르2단지 10년공공임대주택 잔여세대 및 예비입주자 모집공고,12,입주예정,2023-02,청약홈 분양정보 오픈API
2022000864,제주특별자치도,,서귀포시,토평동,빌라드아르떼 제주,36,입주예정,2023-01,청약홈 분양정보 오픈API
2022000855,경기도,,광주시,송정동,광주 송정 중흥S-클래스 파크뷰,840,입주예정,2026-06,청약홈 분양정보 오픈API
2022000826,경기도,,부천시,여월동,브라운스톤 여월,42,입주예정,2024-01,청약홈 분양정보 오픈API
2022000820,경상남도,,함양군,함양읍,함양 금호어울림 리더스파크,306,입주예정,2024-12,청약홈 분양정보 오픈API
2022000794,강원도,,홍천군,홍천읍,스위트 클래스 더 스카이 45,264,입주예정,2026-10,청약홈 분양정보 오픈API
2022000888,세종특별자치시,,세종시,,행정중심복합도시 6-3M2블록(공공분양) 잔여세대 입주자모집공고,1,입주예정,2023-12,청약홈 분양정보 오픈API
2022000853,경기도,,남양주시,와부읍,도심역 한양수자인 리버파인,485,입주예정,2025-07,청약홈 분양정보 오픈API
2022000842,충청남도,,천안서북구,,힐스테이트 천안역 스카이움,999,입주예정,2027-08,청약홈 분양정보 오픈API
2022820031,경기도,,성남수정구,창곡동,성남복정1 A3블록 신혼희망타운(공공분양) (본청약),210,입주예정,2025-12,청약홈 분양정보 오픈API
2022820030,경기도,,성남수정구,창곡동,성남복정1 A2블록 신혼희망타운(공공분양) (본청약),258,입주예정,2025-12,청약홈 분양정보 오픈API
2022000866,경기도,,성남수정구,창곡동,성남복정1 A1블록 공공분양주택(본청약),615,입주예정,2025-12,청약홈 분양정보 오픈API
2022000832,울산광역시,,울산중구,복산동,번영로 서한이다음 프레스티지,109,입주예정,2024-03,청약홈 분양정보 오픈API
2022000847,전라남도,,함평군,대동면,함평 엘리체 시그니처,232,입주예정,2025-03,청약홈 분양정보 오픈API
2022000846,서울특별시,강동구,,둔촌1동,올림픽파크 포레온,4786,입주예정,2025-01,청약홈 분양정보 오픈API
2022000844,경상남도,,진주시,주약동,백년문화공원 극동스타클래스,166,입주예정,2026-02,청약홈 분양정보 오픈API
2022000840,강원도,,원주시,반곡동,원주 롯데캐슬 시그니처,922,입주예정,2025-12,청약홈 분양정보 오픈API
2022000838,광주광역시,,광주북구,신안동,산이고운 신용PARK,238,입주예정,2025-04,청약홈 분양정보 오픈API
2022000835,서울특별시,성북구,,장위동,장위자이 레디언트,1330,입주예정,2025-03,청약홈 분양정보 오픈API
2022000834,전라북도,,군산시,내흥동,군산 신역세권 예다음,569,입주예정,2025-10,청약홈 분양정보 오픈API
2022000807,경기도,,화성시,신동,동탄 A107 숨마데시앙,616,입주예정,2025-08,청약홈 분양정보 오픈API
2022000805,경기도,,화성시,신동,동탄 A106 어울림 파밀리에,640,입주예정,2025-08,청약홈 분양정보 오픈API
2022000795,제주특별자치도,,제주시,애월읍,엘리프 애월,136,입주예정,2025-05,청약홈 분양정보 오픈API
2022000751,경기도,,파주시,당하동,파주 운정신도시 A2BL 호반써밋,1110,입주예정,2025-06,청약홈 분양정보 오픈API
2022520044,경기도,,성남수정구,,성남 복정1지구 B3블록(사전청약),417,입주예정,2026-11,청약홈 분양정보 오픈API
2022000837,서울특별시,강서구,,화곡동,화곡 더리브 스카이 주상복합아파트,140,입주예정,2023-03,청약홈 분양정보 오픈API
2022000836,경상남도,,창원성산구,대원동,창원 센트럴파크 에일린의 뜰,1107,입주예정,2024-05,청약홈 분양정보 오픈API
2022000833,충청남도,,예산군,삽교읍,충남내포신도시 대광로제비앙,601,입주예정,2025-06,청약홈 분양정보 오픈API
2022000827,대구광역시,,대구달서구,두류동,두류역 서한포레스트,105,입주예정,2025-01,청약홈 분양정보 오픈API
2022000823,울산광역시,,울산남구,신정동,힐스테이트 문수로 센트럴 2단지,301,입주예정,2027-02,청약홈 분양정보 오픈API
2022000822,울산광역시,,울산남구,신정동,힐스테이트 문수로 센트럴 1단지,301,입주예정,2027-02,청약홈 분양정보 오픈API
2022000821,경기도,,용인수지구,죽전동,e편한세상 죽전 프리미어포레,430,입주예정,2024-12,청약홈 분양정보 오픈API
2022000810,대전광역시,,대전동구,삼성동,e편한세상 대전역 센텀비스타,400,입주예정,2026-06,청약홈 분양정보 오픈API
2022000812,광주광역시,,광주서구,쌍촌동,상무 더로제 아델리움 57 센트리에,144,입주예정,2024-06,청약홈 분양정보 오픈API
2022000804,강원도,,원주시,반곡동,원주혁신도시 복합2블록 유승한내들 더스카이,386,입주예정,2025-10,청약홈 분양정보 오픈API
2022000782,경상북도,,영주시,휴천동,영주 아이파크,428,입주예정,2025-11,청약홈 분양정보 오픈API
2022000715,경기도,,양주시,회정동,양주 덕정역 한라비발디 퍼스티어,427,입주예정,2025-12,청약홈 분양정보 오픈API
2022000788,대전광역시,,대전유성구,원신흥동,갑천2 트리풀시티 엘리프(국민주택),474,입주예정,2025-12,청약홈 분양정보 오픈API
2022000786,대전광역시,,대전유성구,원신흥동,갑천2 트리풀시티 엘리프(민영주택),462,입주예정,2025-12,청약홈 분양정보 오픈API
2022000778,서울특별시,중랑구,,중화동,리버센 SK VIEW 롯데캐슬,501,입주예정,2025-11,청약홈 분양정보 오픈API
2022000767,서울특별시,강동구,,둔촌동,더샵 파크솔레이유,73,입주예정,2023-06,청약홈 분양정보 오픈API
2022000764,경기도,,화성시,동탄면,동탄 파크릭스A52BL,679,입주예정,2025-07,청약홈 분양정보 오픈API
2022000763,경기도,,화성시,동탄면,동탄 파크릭스A51-2BL,414,입주예정,2025-07,청약홈 분양정보 오픈API
2022000762,경기도,,화성시,동탄면,동탄 파크릭스A51-1BL,310,입주예정,2025-07,청약홈 분양정보 오픈API
2022000756,충청남도,,천안동남구,문화동,트루엘 시그니처 천안역,236,입주예정,2026-07,청약홈 분양정보 오픈API
2022000799,충청남도,,아산시,용화동,아산자이 그랜드파크 2단지,849,입주예정,2026-02,청약홈 분양정보 오픈API
2022000798,충청남도,,아산시,용화동,아산자이 그랜드파크 1단지,739,입주예정,2026-02,청약홈 분양정보 오픈API
2022000774,대전광역시,,대전서구,용문동,대전 에테르 스위첸,138,입주예정,2026-02,청약홈 분양정보 오픈API
2022000757,경기도,,평택시,고덕동,평택 고덕 국제신도시 A-55 대광로제비앙 모아엘가,1255,입주예정,2025-04,청약홈 분양정보 오픈API
2022000747,대전광역시,,대전서구,용문동,둔산 더샵 엘리프,1935,입주예정,2025-02,청약홈 분양정보 오픈API
2022000686,경기도,,평택시,,평택 고덕국제신도시 디에트르 리비에르,277,입주예정,2023-10,청약홈 분양정보 오픈API
2022000772,경기,,광주시,탄벌동,광주 탄벌 서희스타힐스 2단지,41,입주예정,2024-05,청약홈 분양정보 오픈API
2022000771,경기도,,광주시,탄벌동,광주 탄벌 서희스타힐스 1단지,45,입주예정,2024-05,청약홈 분양정보 오픈API
2022820028,광주광역시,,광주광산구,운수동,광주선운2 A-3블록 신혼희망타운(공공분양),105,입주예정,2025-04,청약홈 분양정보 오픈API
2022820027,광주광역시,,광주광산구,운수동,광주선운2 A-1블록 신혼희망타운(공공분양),186,입주예정,2025-04,청약홈 분양정보 오픈API
2022000787,경기도,,파주시,,파주 운정신도시 A49블록 시티프라디움 (본청약),275,입주예정,2025-02,청약홈 분양정보 오픈API
2022000773,전라남도,,여수시,학동,쌍용 더 플래티넘 여수 35,244,입주예정,2025-10,청약홈 분양정보 오픈API
2022000755,인천광역시,,인천강화군,선원면,인천 강화 서희스타힐스 1단지,32,입주예정,2024-08,청약홈 분양정보 오픈API
2022000750,경기도,,파주시,,파주 운정신도시 A39BL 호반써밋,518,입주예정,2024-11,청약홈 분양정보 오픈API
2022000746,대구광역시,,대구남구,대명3동,대명자이 그랜드시티,1501,입주예정,2026-04,청약홈 분양정보 오픈API
2022000743,강원도,,고성군,토성면,아야진 라메르 데시앙,811,입주예정,2026-01,청약홈 분양정보 오픈API
2022000724,충청남도,,논산시,대교동,논산 아이파크,453,입주예정,2025-02,청약홈 분양정보 오픈API
2022000718,충청남도,,홍성군,홍북읍,충남내포신도시 디에트르 에듀시티,1474,입주예정,2025-11,청약홈 분양정보 오픈API
2022000716,경기도,,오산시,,오산 세교2지구 A-21블록 모아미래도,414,입주예정,2025-04,청약홈 분양정보 오픈API
2022820029,경기도,,성남분당구,대장동,성남판교대장 A-10블록 신혼희망타운,749,입주예정,2024-09,청약홈 분양정보 오픈API
2022000775,경기도,,파주시,파주읍,파주연풍 양우내안애 에코하임,5,입주예정,2022-11,청약홈 분양정보 오픈API
2022000758,대구광역시,,대구수성구,,빌리브 헤리티지,146,입주예정,2023-08,청약홈 분양정보 오픈API
2022000741,경기도,,평택시,현덕면,포레나 평택화양,995,입주예정,2025-11,청약홈 분양정보 오픈API
2022000739,전라북도,,익산시,함열읍,북익산 오투그란데 더원,259,입주예정,2025-06,청약홈 분양정보 오픈API
2022000730,대전광역시,,대전유성구,학하동,포레나 대전학하 1단지,872,입주예정,2026-02,청약홈 분양정보 오픈API
2022000727,충청남도,,천안동남구,용곡동,천안 일봉공원 호반써밋 센트럴파크(2BL),1284,입주예정,2027-05,청약홈 분양정보 오픈API
2022000726,충청남도,,천안동남구,용곡동,천안 일봉공원 호반써밋 센트럴파크(1BL),453,입주예정,2026-02,청약홈 분양정보 오픈API
2022000670,충청남도,,천안서북구,두정동,천안 롯데캐슬 더 두정,584,입주예정,2025-10,청약홈 분양정보 오픈API
2022000753,경기도,,오산시,,오산 SK VIEW 2차,380,입주예정,2025-02,청약홈 분양정보 오픈API
2022000752,경기도,,오산시,,오산 SK VIEW 1차,264,입주예정,2024-12,청약홈 분양정보 오픈API
2022000748,전라북도,,군산시,구암동,e편한세상 군산 디오션루체,800,입주예정,2025-07,청약홈 분양정보 오픈API
2022000733,경기도,,남양주시,와부읍,덕소 강변 신일해피트리,114,입주예정,2025-05,청약홈 분양정보 오픈API
2022000732,제주특별자치도,,제주시,1필지(연동,연동 한일베라체 파크뷰,93,입주예정,2025-06,청약홈 분양정보 오픈API
2022000723,충청북도,,음성군,대소면,음성 우미린 풀하우스,1019,입주예정,2025-11,청약홈 분양정보 오픈API
2022000721,부산광역시,,부산강서구,강동동,에코델타시티 푸르지오 센터파크,972,입주예정,2025-06,청약홈 분양정보 오픈API
2022000720,경기도,,광주시,역동,광주 더파크 비스타 데시앙,1690,입주예정,2026-04,청약홈 분양정보 오픈API
2022000714,충청남도,,홍성군,홍성읍,e편한세상 홍성 더센트럴,470,입주예정,2025-03,청약홈 분양정보 오픈API
2022000678,부산광역시,,부산부산진구,부암동,서면경남아너스빌엔테로까사,80,입주예정,2025-05,청약홈 분양정보 오픈API
2022520042,경상북도,,경산시,,경산대임지구 M1BL 반도유보라(사전청약),228,입주예정,2029-01,청약홈 분양정보 오픈API
2022520041,경상북도,,경산시,임당동,경산 대임지구 제일풍경채 S-1BL(사전청약),507,입주예정,2029-03,청약홈 분양정보 오픈API
2022520039,경상북도,,경산시,,경산 대임지구 B3 BL 라온프라이빗(사전청약),505,입주예정,2028-12,청약홈 분양정보 오픈API
2022520043,강원도,,원주시,태장동,원주태장 이에스아뜨리움 A-2블록 (사전청약),350,입주예정,2025-12,청약홈 분양정보 오픈API
2022000559,인천광역시,,인천연수구,동춘동,연수 월드메르디앙 어반포레,134,입주예정,2024-05,청약홈 분양정보 오픈API
2022520040,경기도,,화성시,,화성 동탄2 주상복합용지 C28BL 리젠시빌란트(사전청약),108,입주예정,2027-10,청약홈 분양정보 오픈API
2022000722,충청남도,,천안동남구,신부동,더샵 신부센트라,592,입주예정,2025-06,청약홈 분양정보 오픈API
2022000717,충청남도,,아산시,배방읍,엘리프 아산탕정 공공분양주택,682,입주예정,2025-07,청약홈 분양정보 오픈API
2022000709,대전광역시,,대전유성구,용계동,도안 우미린 트리쉐이드,1375,입주예정,2026-07,청약홈 분양정보 오픈API
2022000706,충청남도,,아산시,배방읍,e편한세상 탕정 퍼스트드림(2-A10블록) 공공분양주택,893,입주예정,2025-01,청약홈 분양정보 오픈API
2022000698,대구광역시,,대구달서구,진천동,월배역 우인그레이스,48,입주예정,2022-11,청약홈 분양정보 오픈API
2022000675,경기도,,파주시,,파주운정 경남아너스빌 디원(A18블록),499,입주예정,2025-06,청약홈 분양정보 오픈API
2022000674,경기도,,파주시,,파주운정 경남아너스빌 리버(A48블록),457,입주예정,2025-03,청약홈 분양정보 오픈API
2022000658,경기도,,파주시,탄현면,e편한세상 헤이리,1057,입주예정,2025-05,청약홈 분양정보 오픈API
2022000729,인천광역시,,인천중구,운북동,인천영종 A60블록 공공분양주택,675,입주예정,2025-01,청약홈 분양정보 오픈API
2022000710,울산광역시,,울산남구,신정동,문수로 금호어울림 더 퍼스트,402,입주예정,2025-12,청약홈 분양정보 오픈API
2022000558,광주광역시,,광주광산구,신창동,신창 유탑 유블레스 리버시티,131,입주예정,2025-05,청약홈 분양정보 오픈API
2022000662,울산광역시,,울산울주군,삼남읍,울산KTX 우방 아이유쉘 퍼스트,344,입주예정,2026-06,청약홈 분양정보 오픈API
2022820026,경기도,,평택시,고덕동,평택고덕 A-57-2블록 신혼희망타운(공공분양) 추가입주자모집공고,3,입주예정,2025-02,청약홈 분양정보 오픈API
2022000719,경상남도,,통영시,용남면,통영더유엘윈썸,55,입주예정,2023-03,청약홈 분양정보 오픈API
2022000677,경기도,,평택시,장당동,평택석정공원 화성파크드림,1296,입주예정,2025-07,청약홈 분양정보 오픈API
2022000672,전라북도,,익산시,,익산 중흥S-클래스 퍼스트파크,795,입주예정,2025-09,청약홈 분양정보 오픈API
2022000648,인천광역시,,인천중구,,영종국제도시 A26BL 제일풍경채 디오션,670,입주예정,2025-09,청약홈 분양정보 오픈API
2022000596,경기도,,용인기흥구,동백동,동백호수공원 두산위브더제니스,30,입주예정,2025-07,청약홈 분양정보 오픈API
2022000380,인천광역시,,인천중구,운남동,인천 영종하늘도시 A56블록 호반써밋 스카이센트럴Ⅱ,583,입주예정,2024-10,청약홈 분양정보 오픈API
2022000597,경상북도,,경산시,압량읍,경산 2차 아이파크,745,입주예정,2025-12,청약홈 분양정보 오픈API
2022000637,경기도,,용인수지구,동천동,동천역 트리너스,94,입주예정,2024-05,청약홈 분양정보 오픈API
2022520038,경기도,,수원권선구,,수원 당수지구 D3블록(사전청약),593,입주예정,2026-12,청약홈 분양정보 오픈API
2022520037,경기도,,수원권선구,,수원 당수지구 C3블록(사전청약),385,입주예정,2026-12,청약홈 분양정보 오픈API
2022000700,충청북도,,옥천군,옥천읍,e편한세상 옥천 퍼스트원,545,입주예정,2025-03,청약홈 분양정보 오픈API
2022000660,강원도,,강릉시,포남동,강릉KTX역 경남아너스빌,167,입주예정,2025-10,청약홈 분양정보 오픈API
2022000651,전라북도,,군산시,구암동,더샵 군산프리미엘,704,입주예정,2025-05,청약홈 분양정보 오픈API
2022000650,인천광역시,,인천계양구,,인천 작전 한라비발디,340,입주예정,2025-10,청약홈 분양정보 오픈API
2022000623,전라남도,,광양시,광양읍,광양 푸르지오 센터파크,992,입주예정,2025-12,청약홈 분양정보 오픈API
2022000687,인천,,인천시,중산동,인천영종 A37블록 공공분양주택,514,입주예정,2025-01,청약홈 분양정보 오픈API
2022000673,경상북도,,구미시,상모동,e편한세상 구미상모 트리베뉴,620,입주예정,2025-03,청약홈 분양정보 오픈API
2022000615,경상북도,,포항남구,구룡포읍,포항 푸르지오 마린시티,678,입주예정,2025-10,청약홈 분양정보 오픈API
2022000586,경기도,,화성시,우정읍,화성 조암 스위트엠,224,입주예정,2024-11,청약홈 분양정보 오픈API
2022000261,경상남도,,창원시,양덕2동,창원 롯데캐슬 하버팰리스,748,입주예정,2025-01,청약홈 분양정보 오픈API
2022000653,부산광역시,,부산부산진구,양정동,양정자이더샵SKVIEW,1162,입주예정,2025-03,청약홈 분양정보 오픈API
2022000649,충청북도,,음성군,금왕읍,음성자이 센트럴시티,1505,입주예정,2025-11,청약홈 분양정보 오픈API
2022000666,경기도,,화성시,비봉면,화성비봉 A-3BL 공공분양주택,659,입주예정,2025-06,청약홈 분양정보 오픈API
2022000664,경기도,,수원팔달구,교동,힐스테이트 푸르지오 수원,6,입주예정,2022-12,청약홈 분양정보 오픈API
2022000655,경상남도,,거창군,거창읍,거창 ES아뜨리움,76,입주예정,2024-05,청약홈 분양정보 오픈API
2022000654,경상남도,,사천시,용현면,e편한세상 사천 스카이마리나,1047,입주예정,2025-06,청약홈 분양정보 오픈API
2022000652,대구광역시,,대구서구,내당동,두류역자이,117,입주예정,2025-08,청약홈 분양정보 오픈API
2022000644,전라북도,,군산시,,군산 한성필하우스,66,입주예정,2022-11,청약홈 분양정보 오픈API
2022000641,경기도,,화성시,,반월자이 더 파크,118,입주예정,2022-10,청약홈 분양정보 오픈API
2022000629,전라남도,,여수시,학용동,여수 원더라움 더힐,172,입주예정,2024-08,청약홈 분양정보 오픈API
2022000533,대구광역시,,대구서구,내당동,두류 스타힐스,201,입주예정,2025-07,청약홈 분양정보 오픈API
2022820025,경상남도,,창원의창구,명곡동,창원명곡 A-1블록 신혼희망타운(공공분양),73,입주예정,2024-10,청약홈 분양정보 오픈API
2022000656,대구광역시,,대구북구,,대구역 센트레빌 더 오페라,245,입주예정,2026-04,청약홈 분양정보 오픈API
2022000628,전라남도,,광양시,마동,더샵 광양라크포엠,920,입주예정,2025-11,청약홈 분양정보 오픈API
2022520036,경상남도,,밀양시,,밀양 부북지구 제일풍경채 S-1BL(사전청약),320,입주예정,2025-10,청약홈 분양정보 오픈API
2022000640,충청남도,,천안서북구,부대동,천안 부성지구 우남퍼스트빌,316,입주예정,2024-03,청약홈 분양정보 오픈API
2022000630,전라남도,,장성군,장성읍,장성 바울루체,70,입주예정,2024-08,청약홈 분양정보 오픈API
2022000599,강원도,,강릉시,지변동,강릉 더리브 퍼스티지 아파트,176,입주예정,2024-12,청약홈 분양정보 오픈API
2022000582,경기도,,의왕시,내손동,인덕원 자이 SK VIEW,899,입주예정,2025-05,청약홈 분양정보 오픈API
2022000611,인천광역시,,인천서구,불로동,인천검단 AA21블록 공공분양주택,1224,입주예정,2025-06,청약홈 분양정보 오픈API
2022000602,경상남도,,김해시,주촌면,e편한세상 주촌 더프리미어,992,입주예정,2025-12,청약홈 분양정보 오픈API
2022000601,충청북도,,진천군,광혜원면,광혜원 포레가,51,입주예정,2022-10,청약홈 분양정보 오픈API
2022000575,강원도,,양양군,양양읍,양양 스위트엠 디오션,209,입주예정,2025-05,청약홈 분양정보 오픈API
2022000490,부산광역시,,부산금정구,,구서다움파크,84,입주예정,2022-10,청약홈 분양정보 오픈API
2022000612,충청북도,,옥천군,옥천읍,옥천역 금호어울림 더퍼스트,499,입주예정,2025-01,청약홈 분양정보 오픈API
2022000557,경기도,,안양동안구,호계3동,평촌 두산위브 더 프라임,178,입주예정,2025-06,청약홈 분양정보 오픈API
2022820024,울산광역시,,울산중구,범서읍,울산다운2 A-9블록 신혼희망타운(공공분양),835,입주예정,2025-06,청약홈 분양정보 오픈API
2022000598,부산광역시,,부산서구,암남동,송도자이르네 디오션,227,입주예정,2025-03,청약홈 분양정보 오픈API
2022000589,경상북도,,칠곡군,석적읍,우방아이유쉘 유라밸,310,입주예정,2025-07,청약홈 분양정보 오픈API
2022000585,충청남도,,천안동남구,청당동,천안 롯데캐슬 더 청당,1199,입주예정,2025-08,청약홈 분양정보 오픈API
2022000584,강원도,,원주시,관설동,힐스테이트 원주 레스티지,975,입주예정,2025-02,청약홈 분양정보 오픈API
2022000581,경기도,,남양주시,화도읍,마석역 극동스타클래스 더퍼스트,138,입주예정,2026-01,청약홈 분양정보 오픈API
2022000580,경상남도,,고성군,고성읍,고성 스위트엠 엘크루,435,입주예정,2025-03,청약홈 분양정보 오픈API
2022000579,충청남도,,아산시,권곡동,아산 한신더휴,603,입주예정,2025-08,청약홈 분양정보 오픈API
2022000554,전라북도,,김제시,금구면,남전주IC 서희스타힐스,262,입주예정,2025-06,청약홈 분양정보 오픈API
2022000291,전라북도,,전주덕진구,반월동,전주 반월동3차 세움펠리피아,181,입주예정,2024-11,청약홈 분양정보 오픈API
2022000592,충청북도,,음성군,대소면,음성 푸르지오 마크베르,644,입주예정,2025-04,청약홈 분양정보 오픈API
2022000576,인천광역시,,인천서구,불로동,인천 검단신도시 AB17BL 우미린 클래스원,875,입주예정,2025-09,청약홈 분양정보 오픈API
2022000522,경상남도,,양산시,중부동,양산 금호 리첸시아 시그니처,213,입주예정,2024-05,청약홈 분양정보 오픈API
2022000563,경상남도,,거제시,아주동,거제 한신더휴,547,입주예정,2025-03,청약홈 분양정보 오픈API
2022000568,제주특별자치도,,서귀포시,대정읍,한화 포레나 제주에듀시티,503,입주예정,2025-01,청약홈 분양정보 오픈API
2022000565,광주광역시,,광주남구,월산동,힐스테이트 월산,161,입주예정,2024-12,청약홈 분양정보 오픈API
2022000564,경기도,,수원권선구,권선동,수원 아이파크 시티 10단지,128,입주예정,2024-11,청약홈 분양정보 오픈API
2022000562,충청북도,,청주흥덕구,,오송역 서한이다음 노블리스,1113,입주예정,2025-07,청약홈 분양정보 오픈API
2022000544,대구광역시,,대구중구,,명덕역 루지움 푸르나임,99,입주예정,2024-12,청약홈 분양정보 오픈API
2022000542,경상남도,,거제시,장승포동,거제 유림노르웨이숲 디오션,299,입주예정,2026-03,청약홈 분양정보 오픈API
2022000531,경기도,,오산시,(누읍동,오산 세교2지구 A10블록 칸타빌 더퍼스트,514,입주예정,2025-03,청약홈 분양정보 오픈API
2022000489,서울특별시,구로구,,,천왕역 모아엘가 트레뷰,140,입주예정,2025-07,청약홈 분양정보 오픈API
2022000156,대구광역시,,대구북구,,힐스테이트 칠성 더오페라,577,입주예정,2026-02,청약홈 분양정보 오픈API
2022000561,서울특별시,구로구,,가리봉동,남구로역 동일 센타시아,91,입주예정,2024-04,청약홈 분양정보 오픈API
2022000513,울산광역시,,울산남구,신정동,울산대공원 한신더휴,302,입주예정,2025-08,청약홈 분양정보 오픈API
2022820023,경기도,,시흥시,,시흥장현 A-8블록 신혼희망타운(공공분양) 3회차(자격완화),2,입주예정,2022-11,청약홈 분양정보 오픈API
2022820022,경기도,,평택시,고덕동,평택고덕 A-53BL 신혼희망타운(공공분양),778,입주예정,2024-11,청약홈 분양정보 오픈API
2022520035,인천광역시,,인천중구,중산동,영종하늘도시  A41BL 한신더휴(사전청약),375,입주예정,2025-06,청약홈 분양정보 오픈API
2022000545,부산광역시,,부산부산진구,범천동,e편한세상 서면 더센트럴,9,입주예정,2022-10,청약홈 분양정보 오픈API
2022000236,경기도,,안성시,공도읍,라포르테 공도,986,입주예정,2025-06,청약홈 분양정보 오픈API
2022000537,전라남도,,화순군,화순읍,화순센텀 모아엘가 트레뷰,341,입주예정,2025-12,청약홈 분양정보 오픈API
2022000536,전라북도,,군산시,조촌동,군산 경남아너스빌 디오션,873,입주예정,2026-05,청약홈 분양정보 오픈API
2022000524,강원도,,원주시,원동,두산위브더제니스 센트럴 원주,952,입주예정,2026-03,청약홈 분양정보 오픈API
2022000532,경기도,,의정부시,신곡동,의정부역 브라운스톤 리버뷰,584,입주예정,2024-10,청약홈 분양정보 오픈API
2022000515,인천광역시,,인천미추홀구,주안동,주안 극동스타클래스 더 로얄,114,입주예정,2025-04,청약홈 분양정보 오픈API
2022000379,경기도,,화성시,봉담읍,화성 봉담자이 라젠느,862,입주예정,2025-05,청약홈 분양정보 오픈API
2022000528,인천광역시,,인천중구,운북동,인천영종 A33블록 공공분양주택,447,입주예정,2024-12,청약홈 분양정보 오픈API
2022000509,제주특별자치도,,서귀포시,안덕면,제주 다이아빌라스 1차,75,입주예정,2024-02,청약홈 분양정보 오픈API
2022520034,인천광역시,,인천중구,,제일풍경채 영종국제도시 A16BL(사전청약),1239,입주예정,2026-06,청약홈 분양정보 오픈API
2022520033,충청북도,,괴산군,괴산읍,괴산 미니복합타운 A2BL 대광로제비앙 (사전청약),355,입주예정,2027-04,청약홈 분양정보 오픈API
2022000519,대구광역시,,대구북구,칠성동,빌리브루센트,232,입주예정,2025-03,청약홈 분양정보 오픈API
2022000514,경상남도,,창원성산구,대원동,힐스테이트 마크로엔,168,입주예정,2025-04,청약홈 분양정보 오픈API
2022000512,대전광역시,,대전서구,도마동,한화 포레나 대전월평공원 2단지,690,입주예정,2026-05,청약홈 분양정보 오픈API
2022000511,대전광역시,,대전서구,정림동,한화 포레나 대전월평공원 1단지,659,입주예정,2026-05,청약홈 분양정보 오픈API
2022000505,경상남도,,창원성산구,,창원자이 시그니처,453,입주예정,2025-04,청약홈 분양정보 오픈API
2022000501,부산광역시,,부산부산진구,당감동,서면4차 봄여름가을겨울,607,입주예정,2025-11,청약홈 분양정보 오픈API
2022000491,충청남도,,천안서북구,두정동,유보라 천안 두정역,556,입주예정,2025-06,청약홈 분양정보 오픈API
2022000487,전라남도,,여수시,오림동,여수 한국아델리움 프라하,186,입주예정,2025-01,청약홈 분양정보 오픈API
2022000484,경기도,,평택시,현덕면,e편한세상 평택 하이센트(4BL),916,입주예정,2025-09,청약홈 분양정보 오픈API
2022000469,경기도,,평택시,현덕면,e편한세상 평택 라씨엘로(2-1BL),1063,입주예정,2025-09,청약홈 분양정보 오픈API
2022000463,경기도,,의정부시,가능동,가능역 하우스토리 리버블리스,64,입주예정,2024-09,청약홈 분양정보 오픈API
2022000455,전라북도,,익산시,남중동,남중동 오투그란데 뉴퍼스트,298,입주예정,2025-07,청약홈 분양정보 오픈API
2022000451,광주광역시,,광주광산구,선암동,선운 더브이 레브리티,128,입주예정,2023-01,청약홈 분양정보 오픈API
2022000392,전라북도,,익산시,남중동,익산 남중동 광신프로그레스 더센트로,541,입주예정,2024-12,청약홈 분양정보 오픈API
2022000374,대구광역시,,대구수성구,수성동,수성 자이르네,145,입주예정,2024-11,청약홈 분양정보 오픈API
2022000523,경상남도,,사천시,동금동,e편한세상 삼천포 오션프라임,677,입주예정,2026-03,청약홈 분양정보 오픈API
2022000510,인천광역시,,인천부평구,부평동,e편한세상 부평역 센트럴파크,457,입주예정,2025-01,청약홈 분양정보 오픈API
2022000521,경기도,,양주시,옥정동,양주옥정 A-4(1)블록 공공분양주택,1409,입주예정,2023-07,청약홈 분양정보 오픈API
2022000426,대구광역시,,대구남구,대명동,대명 헤리티지,31,입주예정,2022-09,청약홈 분양정보 오픈API
2022000498,대구광역시,,대구북구,읍내동,화성파크드림 구수산공원,520,입주예정,2025-02,청약홈 분양정보 오픈API
2022520031,경기도,,성남수정구,,성남 금토지구 A-3블록 중흥S-클래스 (사전청약),229,입주예정,2026-10,청약홈 분양정보 오픈API
2022000500,강원도,,속초시,장사동,속초 헤리엇 THE 228,228,입주예정,2024-12,청약홈 분양정보 오픈API
2022000483,인천광역시,,인천부평구,부평동,부평 하우스토리 어반그린,84,입주예정,2025-02,청약홈 분양정보 오픈API
2022000476,부산광역시,,부산부산진구,전포동,서면 가화만사성 더 테라스,158,입주예정,2025-04,청약홈 분양정보 오픈API
2022000474,경상남도,,양산시,덕계동,양산5차 비스타동원 솔라스타,311,입주예정,2025-08,청약홈 분양정보 오픈API
2022000461,경상북도,,칠곡군,왜관읍,칠곡 왜관 월드메르디앙 웰리지,352,입주예정,2025-02,청약홈 분양정보 오픈API
2022000434,전라남도,,오룡지구,일로읍,무안 오룡지구 우미린 2차(44BL),685,입주예정,2025-07,청약홈 분양정보 오픈API
2022000433,전라남도,,오룡지구,일로읍,무안 오룡지구 우미린 1차(43BL),372,입주예정,2025-07,청약홈 분양정보 오픈API
2022000506,대구광역시,,대구서구,비산동,힐스테이트 서대구역 센트럴,762,입주예정,2025-07,청약홈 분양정보 오픈API
2022000452,경상북도,,구미시,공단동,구미 해모로 리버시티,424,입주예정,2025-04,청약홈 분양정보 오픈API
2022000494,경기도,,파주시,동패동,파주운정3지구 A23블록 공공분양주택,1012,입주예정,2026-02,청약홈 분양정보 오픈API
2022000480,충청북도,,청주흥덕구,강내면,청주 흥덕 칸타빌 더뉴,149,입주예정,2025-01,청약홈 분양정보 오픈API
2022000473,부산광역시,,부산사하구,신평동,사하코오롱하늘채,40,입주예정,2022-08,청약홈 분양정보 오픈API
2022000435,인천광역시,,인천미추홀구,,서희스타힐스 더 도화,144,입주예정,2025-08,청약홈 분양정보 오픈API
2022000488,인천광역시,,인천연수구,송도동,"송도 하늘채 아이비원(M2-3-1,2BL)",119,입주예정,2024-05,청약홈 분양정보 오픈API
2022000478,전라북도,,익산시,평화동,익산평화 주거환경개선사업지구 공공분양주택,1053,입주예정,2025-03,청약홈 분양정보 오픈API
2022000477,전라북도,,군산시,나운동,나운 금호어울림 센트럴,54,입주예정,2022-09,청약홈 분양정보 오픈API
2022000468,대구광역시,,대구달서구,본동,더샵 달서센트엘로,272,입주예정,2026-06,청약홈 분양정보 오픈API
2022000442,인천광역시,,인천동구,송림동,인천 두산위브 더센트럴,785,입주예정,2026-01,청약홈 분양정보 오픈API
2022820021,세종특별자치시,,세종시,산울동,엘리프세종6-3 신혼희망타운 추가입주자 모집,23,입주예정,2025-01,청약홈 분양정보 오픈API
2022520030,인천광역시,,인천중구,중산동,"인천 영종국제도시 RC4-1,2BL 주상복합 (사전청약)",868,입주예정,2027-02,청약홈 분양정보 오픈API
2022520029,세종특별자치시,,세종시,H3BL(집현동,세종 금강펜테리움 더 시글로(4-2생활권 H3BL) (사전청약),272,입주예정,2026-07,청약홈 분양정보 오픈API
2022000464,강원도,,원주시,무실동,제일풍경채 원주 무실,997,입주예정,2025-05,청약홈 분양정보 오픈API
2022000456,인천광역시,,인천남동구,구월동,한화 포레나 인천구월,434,입주예정,2023-11,청약홈 분양정보 오픈API
2022000450,경상남도,,김해시,삼계동,쌍용 더 플래티넘 삼계,253,입주예정,2025-01,청약홈 분양정보 오픈API
2022000436,전라남도,,해남군,해남읍,해남 미림아파트,60,입주예정,2022-08,청약홈 분양정보 오픈API
2022000427,대전광역시,,대전중구,중촌동,중촌 SK VIEW,307,입주예정,2025-03,청약홈 분양정보 오픈API
2022000425,울산광역시,,울산울주군,청량읍,울산덕하역 신일 해피트리 더루츠,672,입주예정,2025-05,청약홈 분양정보 오픈API
2022000405,대구광역시,,대구북구,관음동,태왕아너스 프리미어,136,입주예정,2025-02,청약홈 분양정보 오픈API
2022000369,경기도,,남양주시,화도읍,빌리브센트하이,250,입주예정,2025-10,청약홈 분양정보 오픈API
2022000368,부산광역시,,부산북구,덕천동,신화하니엘 에비뉴힐,107,입주예정,2024-05,청약홈 분양정보 오픈API
2022000349,충청남도,,천안서북구,부대동,천안 부성지구 한라비발디,654,입주예정,2025-02,청약홈 분양정보 오픈API
2022000317,전라남도,,여수시,관문동,여수 더로제아델리움 해양공원,184,입주예정,2025-06,청약홈 분양정보 오픈API
2022000428,대구광역시,,대구남구,대명동,힐스테이트 대명 센트럴 2차,977,입주예정,2026-02,청약홈 분양정보 오픈API
2022000430,제주특별자치도,,제주시,조천읍,제주시 엘크루 더 퍼스트,134,입주예정,2024-02,청약홈 분양정보 오픈API
2022000424,울산광역시,,울산울주군,상북면,e편한세상 서울산 파크그란데,607,입주예정,2024-10,청약홈 분양정보 오픈API
2022000431,경상북도,,구미시,인의동,구미 인동 하늘채 디어반 2차,907,입주예정,2025-05,청약홈 분양정보 오픈API
2022000416,경기도,,고양덕양구,성사동,원당역 롯데캐슬 스카이엘,629,입주예정,2024-08,청약홈 분양정보 오픈API
2022000415,부산광역시,,부산연제구,연산동,연산 하늘채 엘센트로,172,입주예정,2025-08,청약홈 분양정보 오픈API
2022000301,강원도,,춘천시,온의동,춘천 삼부르네상스 더테라스,99,입주예정,2024-07,청약홈 분양정보 오픈API
2022000389,강원도,,춘천시,효자동,춘천시 효자동 하우스디 시그니처 98,98,입주예정,2024-11,청약홈 분양정보 오픈API
2022000102,대구광역시,,대구수성구,만촌동,엘크루 가우디움 만촌,41,입주예정,2024-09,청약홈 분양정보 오픈API
2022000130,전라북도,,전주완산구,,전주 효자 엘르디움 에듀파크 아파트,64,입주예정,2024-03,청약홈 분양정보 오픈API
2022000398,부산광역시,,부산강서구,강동동,e편한세상 에코델타 센터포인트,953,입주예정,2025-04,청약홈 분양정보 오픈API
2022000371,대구광역시,,대구수성구,욱수동,시지 삼정그린코아포레스트,667,입주예정,2023-06,청약홈 분양정보 오픈API
2022000400,경상남도,,거창군,거창읍,더샵 거창포르시엘 2차,443,입주예정,2024-12,청약홈 분양정보 오픈API
2022000384,대전광역시,,대전동구,인동,대전스카이자이르네,175,입주예정,2025-07,청약홈 분양정보 오픈API
2022000360,광주광역시,,광주서구,금호동,광주 금호지구 대광로제비앙,78,입주예정,2022-08,청약홈 분양정보 오픈API
2022000358,대구광역시,,대구수성구,범어동,범어자이,399,입주예정,2026-02,청약홈 분양정보 오픈API
2022000378,경기도,,시흥시,월곶동,시흥 센트럴 헤센,70,입주예정,2022-09,청약홈 분양정보 오픈API
2022000382,경기도,,양주시,장흥면,장흥역 경남아너스빌 북한산뷰 B-1(4)블럭(1단지),458,입주예정,2025-03,청약홈 분양정보 오픈API
2022000375,경기도,,양평군,양평읍,양평 공흥3 휴먼빌 아틀리에,406,입주예정,2025-02,청약홈 분양정보 오픈API
2022000362,경기도,,의정부시,용현동,힐스테이트 탑석,636,입주예정,2025-08,청약홈 분양정보 오픈API
2022000359,전라북도,,김제시,하동,하동 본아르떼,170,입주예정,2024-08,청약홈 분양정보 오픈API
2022000345,충청남도,,아산시,배방읍,아산배방 라온프라이빗,195,입주예정,2024-09,청약홈 분양정보 오픈API
2022000315,경상북도,,구미시,고아읍,구미 원호자이 더 포레,834,입주예정,2025-05,청약홈 분양정보 오픈API
2021000906,인천광역시,,인천연수구,,더퍼스트시티 송도,144,입주예정,2022-07,청약홈 분양정보 오픈API
2022820020,세종특별자치시,,세종시,금남면,행정중심복합도시 4-2M3블록 신혼희망타운 공공분양 잔여세대 입주자모집공고,2,입주예정,2022-08,청약홈 분양정보 오픈API
2022000381,경상북도,,포항북구,득량동,삼구트리니엔 시그니처,547,입주예정,2025-12,청약홈 분양정보 오픈API
2022000364,서울특별시,금천구,,독산동,신독산 솔리힐 뉴포레,35,입주예정,2022-07,청약홈 분양정보 오픈API
2022000325,경기도,,의정부시,의정부동,의정부역 파밀리에Ⅰ,82,입주예정,2025-03,청약홈 분양정보 오픈API
2022000399,경기도,,양주시,고암동,양주회천지구 A24블록 공공분양주택,869,입주예정,2024-06,청약홈 분양정보 오픈API
2022000388,제주특별자치도,,제주시,외도일동,외도일동 제이시티팰리스,36,입주예정,2022-07,청약홈 분양정보 오픈API
2022000239,경기도,,고양덕양구,지축동,e편한세상 지축 센텀가든,278,입주예정,2022-10,청약홈 분양정보 오픈API
2022520025,경기도,,파주시,동패동,파주 운정3지구 주상복합용지 4BL (사전청약),402,입주예정,2026-08,청약홈 분양정보 오픈API
2022520024,경기도,,파주시,동패동,파주 운정3지구 주상복합용지 3BL (사전청약),402,입주예정,2026-08,청약홈 분양정보 오픈API
2022520023,경기도,,파주시,동패동,파주 운정3지구 주상복합용지 6BL (사전청약),340,입주예정,2027-05,청약홈 분양정보 오픈API
2022520022,경기도,,파주시,동패동,파주 운정3지구 주상복합용지 5BL (사전청약),332,입주예정,2027-05,청약홈 분양정보 오픈API
2022520021,경기도,,파주시,동패동,파주 운정3지구 주상복합용지 2BL (사전청약),250,입주예정,2027-05,청약홈 분양정보 오픈API
2022520020,경기도,,파주시,동패동,파주 운정3지구 주상복합용지 1BL(사전청약),392,입주예정,2027-05,청약홈 분양정보 오픈API
2022000366,충청북도,,청주흥덕구,봉명동,청주 SK VIEW 자이,1097,입주예정,2024-06,청약홈 분양정보 오픈API
2022000363,인천광역시,,인천서구,불로동,힐스테이트 불로 포레스트,736,입주예정,2025-01,청약홈 분양정보 오픈API
2022000309,부산광역시,,부산동래구,사직동,사직 하늘채 리센티아,109,입주예정,2024-05,청약홈 분양정보 오픈API
2022000361,충청북도,,음성군,대소면,음성 푸르지오 센터피크,875,입주예정,2025-06,청약홈 분양정보 오픈API
2022000344,경상남도,,통영시,광도면,주영 더 팰리스 지븐,322,입주예정,2024-12,청약홈 분양정보 오픈API
2022000343,전라남도,,고흥군,고흥읍,고흥 승원팰리체 하이엔드,183,입주예정,2024-07,청약홈 분양정보 오픈API
2022000272,경상북도,,울진군,울진읍,울진역 센트럴 두산위브,393,입주예정,2024-12,청약홈 분양정보 오픈API
2022000304,경기도,,부천시,소사본동,현대 프라힐스 소사역 더프라임,160,입주예정,2024-07,청약홈 분양정보 오픈API
2022000312,인천광역시,,인천서구,마전동,마전 양우 내안애 퍼스트힐,57,입주예정,2022-07,청약홈 분양정보 오픈API
2022000341,경상북도,,경주시,황성동,힐스테이트 황성,608,입주예정,2025-02,청약홈 분양정보 오픈API
2022000324,경기도,,부천시,소사본동,소사역 한라비발디 프레스티지,166,입주예정,2024-01,청약홈 분양정보 오픈API
2022000321,경기도,,양주시,장흥면,장흥역 경남아너스빌 북한산뷰 B-1(5)블럭(2단지),283,입주예정,2025-03,청약홈 분양정보 오픈API
2022000320,부산광역시,,부산강서구,강동동,강서자이 에코델타(20블록) 공공분양주택,856,입주예정,2025-05,청약홈 분양정보 오픈API
2022000305,부산광역시,,부산사하구,신평동,중앙하이츠 더힐,185,입주예정,2024-09,청약홈 분양정보 오픈API
2022000319,울산광역시,,울산울주군,온양읍,울산 온양발리 신일해피트리 더루츠,221,입주예정,2024-12,청약홈 분양정보 오픈API
2022000310,충청북도,,제천시,장락동,e편한세상 제천 더프라임,630,입주예정,2024-12,청약홈 분양정보 오픈API
2022000297,전라남도,,영광군,영광읍,힐스테이트 영광,493,입주예정,2024-08,청약홈 분양정보 오픈API
2022000104,경기도,,화성시,봉담읍,봉담 파라곤,105,입주예정,2023-05,청약홈 분양정보 오픈API
2022000296,전라남도,,순천시,조례동,트리마제 순천 2단지,633,입주예정,2024-11,청약홈 분양정보 오픈API
2022000295,전라남도,,순천시,조례동,트리마제 순천 1단지,1172,입주예정,2024-11,청약홈 분양정보 오픈API
2022000251,경기도,,양주시,옥정동,e편한세상 옥정 리더스가든,938,입주예정,2024-05,청약홈 분양정보 오픈API
2022000238,경상북도,,포항북구,양덕동,힐스테이트 환호공원 2블록,1404,입주예정,2025-10,청약홈 분양정보 오픈API
2022000237,경상북도,,포항북구,양덕동,힐스테이트 환호공원 1블록,1590,입주예정,2025-10,청약홈 분양정보 오픈API
2022000299,경기도,,안양동안구,호계동,평촌 어바인퍼스트 더샵,164,입주예정,2024-10,청약홈 분양정보 오픈API
2022820019,경기도,,평택시,고덕면,평택고덕 A-3블록 신혼희망타운(공공분양) 추가,1,입주예정,2023-09,청약홈 분양정보 오픈API
2022820018,광주광역시,,광주광산구,선암동,광주선운2 A-3블록 신혼희망타운,58,입주예정,2025-04,청약홈 분양정보 오픈API
2022820017,광주광역시,,광주광산구,운수동,광주선운2 A-1블록 신혼희망타운,162,입주예정,2025-04,청약홈 분양정보 오픈API
2022820016,경기도,,고양일산동구,장항동,고양장항 A-5블록 신혼희망타운(공공분양) 추가,1,입주예정,2024-03,청약홈 분양정보 오픈API
2022820015,경기도,,고양일산동구,장항동,고양장항 A-4블록 신혼희망타운(공공분양) 추가입주자모집공고,4,입주예정,2024-03,청약홈 분양정보 오픈API
2022820014,경기도,,고양덕양구,지축동,고양지축 A-2블록 신혼희망타운(공공분양) 추가입주자모집공고,2,입주예정,2023-07,청약홈 분양정보 오픈API
2022000257,경기도,,평택시,,더샵 지제역 센트럴파크 1BL,9,입주예정,2022-08,청약홈 분양정보 오픈API
2022000287,대구광역시,,대구수성구,,수성포레스트스위첸,755,입주예정,2025-01,청약홈 분양정보 오픈API
2022000286,경기도,,성남중원구,하대원동,이안 모란 센트럴파크,74,입주예정,2022-06,청약홈 분양정보 오픈API
2022000253,부산광역시,,부산금정구,구서동,구서 남평 N-CITY,57,입주예정,2022-06,청약홈 분양정보 오픈API
2022000242,경기도,,평택시,청북읍,평택청북 세종 헤르메스,280,입주예정,2025-01,청약홈 분양정보 오픈API
2022000222,인천광역시,,인천미추홀구,주안2동,주안 센트럴 파라곤,767,입주예정,2025-12,청약홈 분양정보 오픈API
2022000248,서울특별시,도봉구,,창동,창동 다우아트리체 주상복합 아파트,89,입주예정,2025-02,청약홈 분양정보 오픈API
2022000169,광주광역시,,광주동구,,금남로 한신더휴 펜트하우스,99,입주예정,2024-05,청약홈 분양정보 오픈API
2022000285,부산광역시,,부산부산진구,초읍동,초읍 월드메르디앙 에듀포레,96,입주예정,2024-04,청약홈 분양정보 오픈API
2022000275,전라남도,,순천시,조례동,조례 한양수자인 디에디션,340,입주예정,2025-06,청약홈 분양정보 오픈API
2022000262,충청북도,,제천시,신월동,제천자이 더 스카이,713,입주예정,2025-11,청약홈 분양정보 오픈API
2022000254,충청북도,,제천시,장락동,장락동 세영리첼 에듀퍼스트,564,입주예정,2025-04,청약홈 분양정보 오픈API
2022000123,전라남도,,순천시,,마크원 순천,99,입주예정,2024-09,청약홈 분양정보 오픈API
2022000245,대구광역시,,대구달성군,유가읍,태왕아너스 더힐,69,입주예정,2023-05,청약홈 분양정보 오픈API
2022000244,경기도,,수원영통구,망포동,영통 푸르지오 파인베르(A2BL),770,입주예정,2025-03,청약홈 분양정보 오픈API
2022000243,경기도,,수원영통구,망포동,영통 푸르지오 트레센츠(A1BL),796,입주예정,2025-03,청약홈 분양정보 오픈API
2022000274,강원도,,원주시,관설동,초혁신도시 반도유보라 마크브릿지,476,입주예정,2024-12,청약홈 분양정보 오픈API
2022000273,대구광역시,,대구수성구,만촌동,만촌자이르네,607,입주예정,2023-01,청약홈 분양정보 오픈API
2022000260,경상남도,,김해시,구산동,김해 구산 푸르지오 파크테르,534,입주예정,2025-02,청약홈 분양정보 오픈API
2022000250,경기도,,남양주시,금곡동,금곡역한신더휴,192,입주예정,2025-02,청약홈 분양정보 오픈API
2022000247,제주특별자치도,,서귀포시,대정읍,제주 푸르지오 더 퍼스트,160,입주예정,2024-02,청약홈 분양정보 오픈API
2022000246,경기도,,연천군,전곡읍,1호선 전곡역 제일풍경채 리버파크,845,입주예정,2024-12,청약홈 분양정보 오픈API
2022000226,부산광역시,,부산기장군,정관읍,정관풀리페,7,입주예정,2022-07,청약홈 분양정보 오픈API
2022000252,제주특별자치도,,서귀포시,대정읍,휴온 아델리브 더 테라스,68,입주예정,2023-08,청약홈 분양정보 오픈API
2022000240,충청북도,,충주시,주덕읍,서충주 푸르지오 더 퍼스트,1029,입주예정,2025-06,청약홈 분양정보 오픈API
2022000235,경기도,,시흥시,,e편한세상 시흥장현 퍼스트베뉴,431,입주예정,2024-08,청약홈 분양정보 오픈API
2022000224,전라남도,,무안군,일로읍,남악 오룡지구 36BL 남악오룡 시티프라디움,534,입주예정,2025-03,청약홈 분양정보 오픈API
2022000198,인천광역시,,인천남동구,간석동,인천시청역 한신더휴,162,입주예정,2025-12,청약홈 분양정보 오픈API
2022000189,전라북도,,완주군,이서면,완주이서 신일 해피트리,330,입주예정,2023-09,청약홈 분양정보 오픈API
2022000230,부산광역시,,부산해운대구,반여동,센텀 아스트룸  SK VIEW,544,입주예정,2024-06,청약홈 분양정보 오픈API
2022000211,전라남도,,무안군,무안읍,무안 승원팰리체 더클래스,83,입주예정,2024-05,청약홈 분양정보 오픈API
2022000234,제주특별자치도,,제주시,한경면,한일 베라체 인비디아,168,입주예정,2024-02,청약홈 분양정보 오픈API
2022000168,부산광역시,,부산수영구,광안동,광안 스윗팰리스,71,입주예정,2022-05,청약홈 분양정보 오픈API
2022000200,경기도,,의정부시,공동,더샵 리듬시티,536,입주예정,2024-09,청약홈 분양정보 오픈API
2022820013,경상남도,,양산시,동면,양산사송 A-2블록 신혼희망타운(공공분양),320,입주예정,2023-12,청약홈 분양정보 오픈API
2022000178,제주특별자치도,,제주시,조천읍,제주 더 프리모84,84,입주예정,2023-11,청약홈 분양정보 오픈API
2022000199,경기도,,남양주시,진접읍,남양주 진접 부영 사랑으로 우선 분양전환 후 잔여세대,95,입주예정,2022-05,청약홈 분양정보 오픈API
2022000209,대전광역시,,대전대덕구,송촌동,엘리프 송촌 더 파크,799,입주예정,2025-05,청약홈 분양정보 오픈API
2022000207,경기도,,안성시,공도읍,안성 공도 센트럴카운티 에듀파크,433,입주예정,2024-07,청약홈 분양정보 오픈API
2022000205,경상남도,,창원성산구,내동,힐스테이트 창원 더퍼스트,1779,입주예정,2025-09,청약홈 분양정보 오픈API
2022000143,충청남도,,아산시,모종동,아산 벨코어 스위첸,299,입주예정,2026-01,청약홈 분양정보 오픈API
2022000129,서울특별시,중구,,입정동,힐스테이트 세운 센트럴 2단지,264,입주예정,2023-02,청약홈 분양정보 오픈API
2022000128,서울특별시,중구,,입정동,힐스테이트 세운 센트럴 1단지,165,입주예정,2023-02,청약홈 분양정보 오픈API
2022000212,경기도,,동두천시,생연동,브라운스톤 인터포레,320,입주예정,2024-12,청약홈 분양정보 오픈API
2022000197,대전광역시,,대전동구,천동,리더스시티 5블록,1192,입주예정,2024-12,청약홈 분양정보 오픈API
2022000165,전라북도,,군산시,내흥동,군산 신역세권 한라비발디 센트로,878,입주예정,2024-10,청약홈 분양정보 오픈API
2022000164,경기도,,화성시,비봉면,화성 비봉지구 B3블록 예미지 센트럴에듀,917,입주예정,2025-01,청약홈 분양정보 오픈API
2022000154,경기도,,파주시,다율동,파주운정신도시 디에트르 에듀타운(A38BL),489,입주예정,2024-12,청약홈 분양정보 오픈API
2022000147,경기도,,화성시,비봉면,화성 비봉 B-4BL 우미린,798,입주예정,2024-12,청약홈 분양정보 오픈API
2022000136,인천광역시,,인천서구,,검단역 금강펜테리움 더 시글로 2차,483,입주예정,2025-06,청약홈 분양정보 오픈API
2021000968,전라남도,,나주시,이창동,나주 한국아델리움 더하이츠,140,입주예정,2024-05,청약홈 분양정보 오픈API
2022820012,경기도,,파주시,동패동,파주운정3 A26블록 신혼희망타운(공공분양) 추가,2,입주예정,2022-08,청약홈 분양정보 오픈API
2022820011,경기도,,고양덕양구,지축동,고양지축 A-1블록 신혼희망타운(공공분양) 추가입주자모집공고,1,입주예정,2022-09,청약홈 분양정보 오픈API
2022000183,울산광역시,,울산남구,신정동,문수로 푸르지오 어반피스,339,입주예정,2026-06,청약홈 분양정보 오픈API
2021000996,인천광역시,,인천중구,,인천 신흥동 3가 숭의역 엘크루,72,입주예정,2025-04,청약홈 분양정보 오픈API
2022520017,경상남도,,김해시,진례면,김해 진례지구 C-2BL 디에트르(사전청약),502,입주예정,2028-02,청약홈 분양정보 오픈API
2022520016,경기도,,파주시,,파주 운정신도시 A49블록 시티프라디움 (사전청약),438,입주예정,2025-04,청약홈 분양정보 오픈API
2022520015,경기도,,평택시,,평택 고덕국제신도시 A-50블록(사전청약),578,입주예정,2025-03,청약홈 분양정보 오픈API
2022520014,인천광역시,,인천서구,가정동,인천가정2지구 B2블록 공공분양주택(당첨취소자 우선공급),278,입주예정,2025-11,청약홈 분양정보 오픈API
2022520013,광주광역시,,광주광산구,운수동,광주 선운2지구 예다음(사전청약),505,입주예정,2027-01,청약홈 분양정보 오픈API
2022520012,경기도,,파주시,동패동,파주 운정3지구 제일풍경채 A46BL(사전청약),345,입주예정,2025-11,청약홈 분양정보 오픈API
2022520009,경기도,,양주시,,양주 회천지구 A-12BL 라온프라이빗(사전청약),568,입주예정,2026-01,청약홈 분양정보 오픈API
2022000163,경상남도,,창원시,,창원현동 A-2BL 10년 분양전환 공공임대주택,809,입주예정,2024-02,청약홈 분양정보 오픈API
2022000140,인천광역시,,인천서구,불로동,제일풍경채 검단Ⅱ,1734,입주예정,2025-04,청약홈 분양정보 오픈API
2022000131,부산광역시,,부산부산진구,부암동,부암2차 비스타동원 아트포레,440,입주예정,2025-08,청약홈 분양정보 오픈API
2022000161,경기도,,가평군,설악면,디엘본가평설악,107,입주예정,2024-11,청약홈 분양정보 오픈API
2022000155,경상남도,,양산시,,양산 사송지구 C-2BL 우미린,688,입주예정,2024-07,청약홈 분양정보 오픈API
2022000153,제주특별자치도,,제주시,용담2동,호반 써밋 제주,213,입주예정,2024-04,청약홈 분양정보 오픈API
2022000150,경상남도,,양산시,평산동,양산 한신더휴,405,입주예정,2025-03,청약홈 분양정보 오픈API
2022000149,강원도,,강릉시,주문진읍,주문진 삼부르네상스 오션포레,234,입주예정,2024-12,청약홈 분양정보 오픈API
2022000139,경기도,,이천시,백사면,이천 백사지구 1BL 신안실크밸리,880,입주예정,2024-10,청약홈 분양정보 오픈API
2022000138,인천광역시,,인천서구,불로동,힐스테이트 검단 웰카운티(공공분양주택),1073,입주예정,2025-01,청약홈 분양정보 오픈API
2022000137,인천광역시,,인천서구,불로동,힐스테이트 검단 웰카운티(민영주택),462,입주예정,2025-01,청약홈 분양정보 오픈API
2022000111,인천광역시,,인천계양구,작전동,작전역 베네하임 더윈,166,입주예정,2024-01,청약홈 분양정보 오픈API
2022000095,부산광역시,,부산금정구,구서동,구서 태성에버리치,57,입주예정,2022-04,청약홈 분양정보 오픈API
2021000729,경기도,,용인처인구,양지면,용인 경남아너스빌 디센트 H4BL(3단지),388,입주예정,2024-12,청약홈 분양정보 오픈API
2021000728,경기도,,용인처인구,양지면,용인 경남아너스빌 디센트 H3BL(2단지),450,입주예정,2024-12,청약홈 분양정보 오픈API
2021000727,경기도,,용인처인구,양지면,용인 경남아너스빌 디센트 H2BL(1단지),326,입주예정,2024-12,청약홈 분양정보 오픈API
2022000142,대구광역시,,대구북구,,대구역자이 더 스타,424,입주예정,2025-04,청약홈 분양정보 오픈API
2022000135,전라남도,,화순군,화순읍,화순3차 한국아델리움,135,입주예정,2024-07,청약홈 분양정보 오픈API
2022000119,서울특별시,관악구,,봉천동,서울대입구역 더하이브 센트럴,35,입주예정,2024-01,청약홈 분양정보 오픈API
2022000103,서울특별시,강북구,,265일대(미아동,한화 포레나 미아,424,입주예정,2025-11,청약홈 분양정보 오픈API
2022000177,부산광역시,,부산사하구,다대동,다대리슈빌,285,입주예정,2024-12,청약홈 분양정보 오픈API
2022820009,서울특별시,강남구,,자곡동,수서역세권 A3블록 신혼희망타운 잔여세대,4,입주예정,2023-01,청약홈 분양정보 오픈API
2022820008,서울특별시,중랑구,,신내동,서울양원 S2블록 신혼희망타운(공공분양) 잔여세대,1,입주예정,2022-06,청약홈 분양정보 오픈API
2022520011,경기도,,오산시,,오산세교2 A-13블록 호반써밋(사전청약),927,입주예정,2025-12,청약홈 분양정보 오픈API
2022520010,경기도,,오산시,,오산 세교2지구 A20블록 힐데스하임(사전청약),646,입주예정,2025-11,청약홈 분양정보 오픈API
2022000141,울산광역시,,울산남구,,삼호 비스타동원,108,입주예정,2024-03,청약홈 분양정보 오픈API
2022000033,대구광역시,,대구수성구,신매동,시지 라온프라이빗,207,입주예정,2023-01,청약홈 분양정보 오픈API
2022000116,경기도,,안양만안구,안양동,안양역 푸르지오 더샵,687,입주예정,2024-10,청약홈 분양정보 오픈API
2022000127,경상북도,,포항남구,오천읍,더 트루엘 포항,255,입주예정,2024-03,청약홈 분양정보 오픈API
2022000112,제주특별자치도,,제주시,오라이동,휴안 더갤러리 오라,48,입주예정,2023-08,청약홈 분양정보 오픈API
2022000124,부산광역시,,부산부산진구,가야동,가야 봄여름가을겨울,90,입주예정,2023-06,청약홈 분양정보 오픈API
2022000121,세종특별자치시,,세종시,,가락마을7단지 중흥S-클래스 프라디움,56,입주예정,2022-05,청약홈 분양정보 오픈API
2022000120,세종특별자치시,,세종시,,가락마을6단지 중흥S-클래스 프라디움,143,입주예정,2022-05,청약홈 분양정보 오픈API
2022000101,울산광역시,,울산동구,전하동,울산 베스티안,62,입주예정,2023-05,청약홈 분양정보 오픈API
2022000063,경기,,수원장안구,연무동,서광교 파크뷰,72,입주예정,2022-05,청약홈 분양정보 오픈API
2022820007,경기도,,시흥시,군자동,시흥장현 A-9블록 신혼희망타운 공공분양(추가),43,입주예정,2023-09,청약홈 분양정보 오픈API
2021000939,경기도,,부천시,,부천 원종 아이원시티,132,입주예정,2022-04,청약홈 분양정보 오픈API
2022000093,대전광역시,,대전중구,,서대전 한국아델리움,195,입주예정,2024-11,청약홈 분양정보 오픈API
2022000088,충청남도,,당진시,수청동,당진 수청2지구 RH-3블록 호반써밋 시그니처 3차,853,입주예정,2024-09,청약홈 분양정보 오픈API
2022000075,제주특별자치도,,제주시,조천읍,제주시 신일 해피트리 더 힐,92,입주예정,2023-07,청약홈 분양정보 오픈API
2022820006,광주광역시,,광주광산구,선암동,광주선운2 A-3블록 신혼희망타운(공공분양),249,입주예정,2025-04,청약홈 분양정보 오픈API
2022820005,광주광역시,,광주광산구,운수동,광주선운2 A-1블록 신혼희망타운(공공분양),492,입주예정,2025-04,청약홈 분양정보 오픈API
2022520008,경기도,,의왕시,,제일풍경채 의왕고천(사전청약),810,입주예정,2025-04,청약홈 분양정보 오픈API
2022520007,부산광역시,,부산기장군,장안읍,부산장안 디에트르(사전청약),410,입주예정,2025-07,청약홈 분양정보 오픈API
2022520006,울산광역시,,울산울주군,범서읍,울산다운2지구 B-2BL 우미린(사전청약),1293,입주예정,2026-01,청약홈 분양정보 오픈API
2022520005,충청남도,,아산시,배방읍,아산 탕정지구 2-A12BL 대광로제비앙(사전청약),368,입주예정,2024-08,청약홈 분양정보 오픈API
2022520004,충청북도,,청주서원구,현도면,남청주 현도지구 B1블록 호반써밋(사전청약),591,입주예정,2025-04,청약홈 분양정보 오픈API
2022520003,인천광역시,,인천서구,원당동,인천 검단신도시 AB13블록 호반써밋Ⅲ(사전청약),815,입주예정,2026-05,청약홈 분양정보 오픈API
2022820003,경기도,,평택시,고덕면,평택고덕 A-57-2블록 신혼희망타운(공공분양),256,입주예정,2025-02,청약홈 분양정보 오픈API
2022000094,경상남도,,창원시,,창원 롯데캐슬 프리미어,39,입주예정,2022-03,청약홈 분양정보 오픈API
2022000085,광주광역시,,광주서구,화정동,광주 화정 골드클래스 2차,138,입주예정,2025-01,청약홈 분양정보 오픈API
2022000081,제주특별자치도,,제주시,,연동 해모로 루민 201동,34,입주예정,2024-07,청약홈 분양정보 오픈API
2022000080,제주특별자치도,,제주시,,연동 해모로 루민 101동,41,입주예정,2024-07,청약홈 분양정보 오픈API
2022000071,경기도,,파주시,동패동,파주운정3지구 A42블록 신영지웰 운정신도시,606,입주예정,2024-12,청약홈 분양정보 오픈API
2021001012,광주광역시,,광주북구,용두동,첨단 프라임시티 서희스타힐스,56,입주예정,2024-07,청약홈 분양정보 오픈API
2022000096,광주광역시,,광주북구,,라데사 포레 매곡,44,입주예정,2022-04,청약홈 분양정보 오픈API
2022000062,경기도,,이천시,(마장면,이천 마장택지지구 B1블럭 휴먼빌까사포레,338,입주예정,2024-07,청약홈 분양정보 오픈API
2022000090,인천광역시,,인천연수구,,KTX송도역 서해그랑블 더 파크,348,입주예정,2025-01,청약홈 분양정보 오픈API
2022820004,세종특별자치시,,세종시,산울동,엘리프세종6-3 (신혼희망타운),316,입주예정,2025-01,청약홈 분양정보 오픈API
2022000054,세종특별자치시,,세종시,산울동,엘리프세종6-3,560,입주예정,2025-01,청약홈 분양정보 오픈API
2022000092,서울특별시,강북구,,수유동,칸타빌 수유팰리스,216,입주예정,2022-06,청약홈 분양정보 오픈API
2022000091,대구광역시,,대구수성구,파동,수성 센트레빌 어반포레,310,입주예정,2024-07,청약홈 분양정보 오픈API
2022000084,제주특별자치도,,제주시,노형동,더샵 노형포레,80,입주예정,2023-10,청약홈 분양정보 오픈API
2022000083,제주특별자치도,,제주시,,더샵 연동포레,40,입주예정,2023-10,청약홈 분양정보 오픈API
2022000070,경기도,,양주시,백석읍,신양주 모아엘가 니케,570,입주예정,2024-09,청약홈 분양정보 오픈API
2022000065,전라남도,,장흥군,장흥읍,장흥 줌파크 더 센트로,239,입주예정,2024-04,청약홈 분양정보 오픈API
2022000050,경기도,,안성시,당왕동,e편한세상 안성 그랑루체,1370,입주예정,2024-10,청약홈 분양정보 오픈API
2022000045,경상남도,,통영시,광도면,힐스테이트 통영,784,입주예정,2025-04,청약홈 분양정보 오픈API
2022000043,충청북도,,충주시,호암동,충주 예성세경아파트,555,입주예정,2022-07,청약홈 분양정보 오픈API
2022000016,경기도,,의정부시,,의정부역 월드메르디앙 스마트시티,96,입주예정,2023-08,청약홈 분양정보 오픈API
2022000074,경기도,,구리시,수택동,힐스테이트 구리역,250,입주예정,2024-05,청약홈 분양정보 오픈API
2022000051,서울특별시,구로구,,개봉동,신영지웰 에스테이트 개봉역,101,입주예정,2024-07,청약홈 분양정보 오픈API
2022000073,대전광역시,,대전서구,도마동,대전 도마·변동 11구역 호반써밋 그랜드 센트럴,1017,입주예정,2025-01,청약홈 분양정보 오픈API
2022000069,인천광역시,,인천연수구,송도동,힐스테이트 레이크 송도 4차,1319,입주예정,2025-07,청약홈 분양정보 오픈API
2022000047,경기도,,평택시,현덕면,평택화양 휴먼빌 퍼스트시티,1468,입주예정,2025-08,청약홈 분양정보 오픈API
2022000031,서울특별시,영등포구,,,센트레빌 아스테리움 영등포,106,입주예정,2024-08,청약홈 분양정보 오픈API
2022000029,경기도,,오산시,서동,오산세교 한양수자인,127,입주예정,2024-05,청약홈 분양정보 오픈API
2022000001,대전광역시,,대전중구,선화동,해링턴 플레이스 휴리움,744,입주예정,2025-04,청약홈 분양정보 오픈API
2022000041,충청남도,,홍성군,홍북읍,내포신도시 모아미래도 메가시티 2차,836,입주예정,2024-09,청약홈 분양정보 오픈API
2022000032,경기도,,평택시,,지제역 푸르지오 엘리아츠,812,입주예정,2024-08,청약홈 분양정보 오픈API
2022000030,경상북도,,포항북구,항구동,포항자이 디오션,212,입주예정,2026-10,청약홈 분양정보 오픈API
2022520002,경기도,,양주시,덕계동,양주 회천지구 A-20BL 대광로제비앙 2차(사전청약),502,입주예정,2023-07,청약홈 분양정보 오픈API
2022520001,경기도,,파주시,,파주 운정신도시 A33블록 우미 린(사전청약),501,입주예정,2024-12,청약홈 분양정보 오픈API
2022000052,세종특별자치시,,세종시,,도램마을13단지 중흥S-클래스 그린카운티,70,입주예정,2022-05,청약홈 분양정보 오픈API
2022000036,충청북도,,충주시,호암동,충주 세경아파트,171,입주예정,2022-06,청약홈 분양정보 오픈API
2021001015,경상북도,,경주시,건천읍,신경주역 더 메트로 줌파크,549,입주예정,2025-01,청약홈 분양정보 오픈API
2022000038,충청북도,,청주서원구,모충동,한화 포레나 청주매봉,1849,입주예정,2025-09,청약홈 분양정보 오픈API
2022000010,대구광역시,,대구달서구,본리동,달서 푸르지오 시그니처,993,입주예정,2026-03,청약홈 분양정보 오픈API
2022000003,경기도,,광주시,탄벌동,두산위브 광주센트럴파크,653,입주예정,2024-08,청약홈 분양정보 오픈API
2022000044,경기도,,파주시,목동동,파주운정3 A16BL 공공분양주택,1498,입주예정,2023-12,청약홈 분양정보 오픈API
2022000026,경기도,,화성시,,화성비봉 공공주택지구 B2블록 호반 써밋,779,입주예정,2025-01,청약홈 분양정보 오픈API
2022000024,광주광역시,,광주남구,백운동,광주 백운광장역 천년가 헤리시티,92,입주예정,2022-12,청약홈 분양정보 오픈API
2021001011,충청북도,,청주서원구,개신동,더샵 청주그리니티,1191,입주예정,2026-01,청약홈 분양정보 오픈API
2022820002,경기도,,수원권선구,당수동,수원당수지구 A-4블록 신혼희망타운(공공분양) 잔여세대 추가입주자모집,93,입주예정,2023-06,청약홈 분양정보 오픈API
2022820001,경기도,,수원권선구,당수동,수원당수지구 A-3블록 신혼희망타운(공공분양) 잔여세대 추가입주자모집,63,입주예정,2023-05,청약홈 분양정보 오픈API
2021001019,경상북도,,포항북구,흥해읍,한화 포레나 포항 2차,350,입주예정,2024-07,청약홈 분양정보 오픈API
2022000022,인천광역시,,인천연수구,송도동,송도 Luxe Ocean SK VIEW,1114,입주예정,2025-03,청약홈 분양정보 오픈API
2022000007,경기도,,용인처인구,모현읍,힐스테이트 몬테로이 3BL,1370,입주예정,2024-11,청약홈 분양정보 오픈API
2022000006,경기도,,용인처인구,모현읍,힐스테이트 몬테로이 2BL,1318,입주예정,2025-01,청약홈 분양정보 오픈API
2022000005,경기도,,용인처인구,모현읍,힐스테이트 몬테로이 1BL,1043,입주예정,2024-11,청약홈 분양정보 오픈API
2021000844,경상남도,,김해시,,김해 장유역 한라비발디 센트로,442,입주예정,2024-07,청약홈 분양정보 오픈API
2021000832,경상남도,,김해시,내덕동,김해 내덕지구 중흥S-클래스 더퍼스트,1040,입주예정,2025-01,청약홈 분양정보 오픈API
2021000964,경기도,,안양만안구,안양동,안양 어반포레 자연앤 e편한세상(민영),29,입주예정,2025-01,청약홈 분양정보 오픈API
2021000963,경기도,,안양만안구,안양동,안양 어반포레 자연앤 e편한세상(국민),1058,입주예정,2025-01,청약홈 분양정보 오픈API
2021000876,전라남도,,순천시,,순천 오네뜨센트럴,404,입주예정,2024-06,청약홈 분양정보 오픈API
2021000820,충청남도,,공주시,월송동,화성파크드림 공주월송,303,입주예정,2023-12,청약홈 분양정보 오픈API
2021000998,충청남도,,천안서북구,백석동,한화 포레나 천안노태 2단지,777,입주예정,2024-12,청약홈 분양정보 오픈API
2021000997,충청남도,,천안서북구,성성동,한화 포레나 천안노태 1단지,831,입주예정,2024-12,청약홈 분양정보 오픈API
2021000979,충청남도,,천안동남구,삼룡동,호반써밋 포레센트 천안 삼룡1지구,594,입주예정,2023-12,청약홈 분양정보 오픈API
2021000930,서울특별시,강북구,,,북서울자이 폴라리스,327,입주예정,2024-08,청약홈 분양정보 오픈API
2022000008,경기도,,이천시,안흥동,이천 센트레빌 레이크뷰,180,입주예정,2025-08,청약홈 분양정보 오픈API
2022000002,대구광역시,,대구남구,,나나바루아아파트 102동,60,입주예정,2022-02,청약홈 분양정보 오픈API
2021001004,광주광역시,,광주남구,방림동,광주 방림 골드클래스,418,입주예정,2023-10,청약홈 분양정보 오픈API
2021000962,경기도,,오산시,궐동,오산 세교2지구 A1블록 호반써밋 그랜빌 Ⅱ,897,입주예정,2024-03,청약홈 분양정보 오픈API
2021001007,부산광역시,,부산동래구,온천동,래미안 포레스티지,2331,입주예정,2024-09,청약홈 분양정보 오픈API
2021000990,부산광역시,,부산기장군,기장읍,쌍용 더 플래티넘 오시리아,191,입주예정,2024-12,청약홈 분양정보 오픈API
2021000982,경기도,,광주시,탄벌동,광주탄벌 서희스타힐스2단지,82,입주예정,2024-05,청약홈 분양정보 오픈API
2021000980,경기도,,광주시,탄벌동,광주탄벌 서희스타힐스1단지,90,입주예정,2024-05,청약홈 분양정보 오픈API
2021000960,대구광역시,,대구남구,대명동,영대병원역 골드클래스 센트럴,660,입주예정,2025-11,청약홈 분양정보 오픈API
2021000992,경기도,,시흥시,신천동,신천역 한라비발디,1297,입주예정,2025-09,청약홈 분양정보 오픈API
2021000988,경기도,,안양동안구,비산동,평촌자이아이파크,153,입주예정,2023-08,청약홈 분양정보 오픈API
2021000981,충청북도,,진천군,이월면,진천 금호어울림 센트럴파크,378,입주예정,2024-03,청약홈 분양정보 오픈API
2021000972,제주특별자치도,,서귀포시,동홍동,캐슬휘닉스 더 퍼스트,85,입주예정,2023-03,청약홈 분양정보 오픈API
2021520007,경기도,,평택시,,평택 고덕국제신도시 A-46BL 디에트르(사전청약),658,입주예정,2023-09,청약홈 분양정보 오픈API
2021520006,인천광역시,,인천서구,원당동,인천 검단신도시 AB19블록 호반써밋V(사전청약),771,입주예정,2025-04,청약홈 분양정보 오픈API
2021520005,인천광역시,,인천서구,불로동,인천 검단신도시 AB20-1블록 제일풍경채 검단Ⅲ(사전청약),551,입주예정,2025-06,청약홈 분양정보 오픈API
2021520004,인천광역시,,인천서구,,인천 검단신도시 AB20-2블록 중흥S-클래스(사전청약),1344,입주예정,2025-12,청약홈 분양정보 오픈API
2021000991,경상북도,,포항북구,흥해읍,포항 펜타시티 동화아이위시,522,입주예정,2024-12,청약홈 분양정보 오픈API
2021000978,경상북도,,포항북구,학잠동,포항자이 애서턴,1433,입주예정,2026-05,청약홈 분양정보 오픈API
2021820001,경기도,,부천시,괴안동,부천괴안 B-1블록 신혼희망타운(공공분양),193,입주예정,2024-11,청약홈 분양정보 오픈API
2021000995,전라남도,,무안군,일로읍,남악 오룡지구 40BL 오룡 푸르지오 파르세나,352,입주예정,2024-07,청약홈 분양정보 오픈API
2021000994,전라남도,,무안군,일로읍,남악 오룡지구 39BL 오룡 푸르지오 파르세나,380,입주예정,2024-07,청약홈 분양정보 오픈API
2021001001,경상북도,,경주시,진현동,경주 엘크루 헤리파크,337,입주예정,2024-04,청약홈 분양정보 오픈API
2021000985,세종특별자치시,,세종시,조치원읍,엘리프세종,660,입주예정,2024-09,청약홈 분양정보 오픈API
2021000977,경기도,,안성시,공도읍,안성 우방아이유쉘 에스티지,948,입주예정,2025-01,청약홈 분양정보 오픈API
2021000973,전라북도,,남원시,,남원 월락 유탑 유블레스 킹덤,359,입주예정,2024-09,청약홈 분양정보 오픈API
2021000941,경기도,,오산시,고현동,오산 라온프라이빗 스위트,438,입주예정,2024-06,청약홈 분양정보 오픈API
2021000919,전라남도,,나주시,송월동,나주역자이 리버파크,1554,입주예정,2025-01,청약홈 분양정보 오픈API
2021000883,인천광역시,,인천연수구,송도동,더샵 송도아크베이(B3BL),608,입주예정,2025-03,청약홈 분양정보 오픈API
2021000974,인천광역시,,인천계양구,효성동,계양 동도센트리움 골든베이,131,입주예정,2024-06,청약홈 분양정보 오픈API
2021000961,충청북도,,음성군,대소면,음성 푸르지오 더 퍼스트,1048,입주예정,2024-10,청약홈 분양정보 오픈API
2021000959,대구광역시,,대구달서구,,달서 롯데캐슬 센트럴스카이,481,입주예정,2025-12,청약홈 분양정보 오픈API
2021000946,충청북도,,음성군,대소면,음성 동문 디 이스트,687,입주예정,2024-07,청약홈 분양정보 오픈API
2021000895,충청남도,,천안서북구,,천안 성성 비스타동원,1195,입주예정,2024-08,청약홈 분양정보 오픈API
2021000984,경상북도,,경주시,건천읍,신경주 반도유보라 아이비파크 B5블럭,390,입주예정,2025-01,청약홈 분양정보 오픈API
2021000983,경상북도,,경주시,건천읍,신경주 반도유보라 아이비파크 B4블럭,1100,입주예정,2025-01,청약홈 분양정보 오픈API
2021000971,경상북도,,경산시,중산동,펜타힐즈 푸르지오 2차,506,입주예정,2024-10,청약홈 분양정보 오픈API
2021000970,경기도,,안성시,공도읍,효성해링턴 플레이스 안성 공도,705,입주예정,2024-05,청약홈 분양정보 오픈API
2021000958,대전광역시,,대전서구,용문동,용문역 리체스트,88,입주예정,2023-08,청약홈 분양정보 오픈API
2021000956,전라북도,,익산시,마동,익산자이 그랜드파크,1431,입주예정,2025-02,청약홈 분양정보 오픈API
2021000955,경기도,,평택시,서정동,힐스테이트 평택 더퍼스트,698,입주예정,2024-02,청약홈 분양정보 오픈API
2021000953,강원도,,강릉시,교동,강릉역 경남아너스빌 더 센트로,116,입주예정,2025-08,청약홈 분양정보 오픈API
2021000948,전라남도,,순천시,해룡면,중우아팰리스 더힐,112,입주예정,2023-09,청약홈 분양정보 오픈API
2021000945,경상북도,,구미시,인의동,구미 인동 하늘채 디어반,291,입주예정,2024-09,청약홈 분양정보 오픈API
2021000920,강원도,,홍천군,홍천읍,홍천극동스타클래스,210,입주예정,2024-03,청약홈 분양정보 오픈API
2021000916,인천광역시,,인천서구,당하동,e편한세상 검단 어반센트로,822,입주예정,2024-02,청약홈 분양정보 오픈API
2021000912,인천광역시,,인천서구,,인천 청라국제도시 A-3블록 호반베르디움,210,입주예정,2022-02,청약홈 분양정보 오픈API
2021000893,인천광역시,,인천서구,,인천 청라국제도시 A-4블록 인천청라 시티프라디움,270,입주예정,2022-03,청약홈 분양정보 오픈API
2021000882,경기도,,광주시,초월읍,힐스테이트 초월역 2BL,506,입주예정,2024-06,청약홈 분양정보 오픈API
2021000881,경기도,,광주시,초월읍,힐스테이트 초월역 1BL,591,입주예정,2024-06,청약홈 분양정보 오픈API
2021000874,경기도,,의정부시,신곡동,e편한세상 신곡 파크프라임,650,입주예정,2024-08,청약홈 분양정보 오픈API
2021000838,인천광역시,,인천서구,석남동,브라운스톤 더 프라임,209,입주예정,2024-11,청약홈 분양정보 오픈API
2021000332,대전광역시,,대전중구,선화동,대전 하늘채 스카이앤 2차,743,입주예정,2025-04,청약홈 분양정보 오픈API
2021000957,제주특별자치도,,제주시,이도일동,제주 이도일동 벨라시티 프리미어,63,입주예정,2024-03,청약홈 분양정보 오픈API
2021000911,인천광역시,,인천서구,불로동,제일풍경채 검단Ⅰ,1425,입주예정,2024-11,청약홈 분양정보 오픈API
2021000975,광주광역시,,광주광산구,,라펜트 힐,72,입주예정,2024-12,청약홈 분양정보 오픈API
2021000969,경남,,창원시,합성2동,창원 두산위브 더센트럴,461,입주예정,2024-08,청약홈 분양정보 오픈API
2021000947,경상북도,,김천시,부곡동,김천 푸르지오 더 퍼스트,703,입주예정,2024-06,청약홈 분양정보 오픈API
2021000926,대구광역시,,대구동구,신암동,동대구역 센텀 화성파크드림,952,입주예정,2024-03,청약홈 분양정보 오픈API
2021000864,경남,,양산시,동면,더샵 남양산센텀포레,326,입주예정,2024-09,청약홈 분양정보 오픈API
2021000846,경기도,,이천시,대월면,이천 휴먼빌 에듀파크시티,605,입주예정,2024-12,청약홈 분양정보 오픈API
2021000938,울산광역시,,울산덕하지구,청량읍,울산 뉴시티 에일린의 뜰 2차,967,입주예정,2024-07,청약홈 분양정보 오픈API
2021000878,전라북도,,익산시,금마면,미륵산 더 테라스 오투그란데 2차,96,입주예정,2023-08,청약홈 분양정보 오픈API
2021000826,전라북도,,군산시,내흥동,군산 신역세권 우미린 센텀오션,660,입주예정,2024-05,청약홈 분양정보 오픈API
2021000875,광주광역시,,광주남구,,봉선 유탑메트로시티,82,입주예정,2024-04,청약홈 분양정보 오픈API
2021000922,대구광역시,,대구달서구,감삼동,해링턴 플레이스 감삼Ⅲ(3차),363,입주예정,2025-07,청약홈 분양정보 오픈API
2021000921,경기도,,화성시,송산동,화성 송산 동원로얄듀크 파크,233,입주예정,2024-02,청약홈 분양정보 오픈API
2021000918,경기도,,화성시,,동탄2신도시 A62블록 호반써밋 동탄,744,입주예정,2023-01,청약홈 분양정보 오픈API
2021000886,경상북도,,포항남구,오천읍,남포항 태왕아너스,343,입주예정,2024-04,청약홈 분양정보 오픈API
2021000879,대구광역시,,대구달서구,두류동,두류 중흥S-클래스 센텀포레,270,입주예정,2024-12,청약홈 분양정보 오픈API
2021000870,대구광역시,,대구동구,효목동,동대구 푸르지오 브리센트,794,입주예정,2024-07,청약홈 분양정보 오픈API
2021000849,경상남도,,사천시,정동면,사천 엘크루 센텀포레,511,입주예정,2024-04,청약홈 분양정보 오픈API
2021000842,충청남도,,천안동남구,다가동,천안 극동스타클래스 더퍼스트,632,입주예정,2024-07,청약홈 분양정보 오픈API
2021000841,대구광역시,,대구달서구,본동,빌리브 라디체,520,입주예정,2025-06,청약홈 분양정보 오픈API
2021000917,부산광역시,,부산사하구,하단동,사하 삼정그린코아 더시티,216,입주예정,2025-01,청약홈 분양정보 오픈API
2021000901,경기도,,부천시,소사본동,힐스테이트 소사역,629,입주예정,2025-06,청약홈 분양정보 오픈API
2021520003,부산광역시,,부산장안지구,장안읍,부산 장안지구 중흥S-클래스(사전청약),504,입주예정,2025-05,청약홈 분양정보 오픈API
2021520002,경기도,,오산시,,오산세교2 A14BL 우미린(사전청약),1391,입주예정,2025-02,청약홈 분양정보 오픈API
2021520001,경기,,평택시,,평택 고덕국제신도시 A-49블록 호반써밋III (사전청약),633,입주예정,2024-07,청약홈 분양정보 오픈API
2021000867,전라북도,,전주덕진구,만성동,전주만성에코르2단지 10년공공임대주택,830,입주예정,2022-10,청약홈 분양정보 오픈API
2021000903,전라북도,,익산시,춘포면,익산 더반포레,778,입주예정,2022-01,청약홈 분양정보 오픈API
2021000902,인천광역시,,인천부평구,부평동,부평역 해링턴 플레이스,968,입주예정,2024-11,청약홈 분양정보 오픈API
2021000894,제주특별자치도,,제주시,한경면,아이비스 127,127,입주예정,2023-12,청약홈 분양정보 오픈API
2021000892,충청남도,,공주시,유구읍,공주 유구 줌파크,286,입주예정,2024-02,청약홈 분양정보 오픈API
2021000897,인천광역시,,인천중구,운남동,인천 영종하늘도시 A25BL 대성베르힐,1224,입주예정,2025-01,청약홈 분양정보 오픈API
2021000887,충청남도,,당진시,송악읍,당진 푸르지오 클라테르,333,입주예정,2024-09,청약홈 분양정보 오픈API
2021000885,경상남도,,사천시,사남면,사천 삼정그린코아 포레스트,1295,입주예정,2023-09,청약홈 분양정보 오픈API
2021000884,전라남도,,장성군,장성읍,그랜드센트럴 장성,39,입주예정,2022-03,청약홈 분양정보 오픈API
2021000866,경상남도,,창원의창구,북면,창원 감계 데시앙,1000,입주예정,2025-01,청약홈 분양정보 오픈API
2021000861,충청남도,,아산시,탕정면,아산탕정지구2-A3블록 탕정역 예미지,791,입주예정,2022-11,청약홈 분양정보 오픈API
2021000859,경기도,,안성시,공도읍,안성 공도 스타허브 서희스타힐스,165,입주예정,2024-06,청약홈 분양정보 오픈API
2021000856,경상북도,,구미시,거의동,구미 푸르지오 엘리포레시티2블록,1006,입주예정,2024-10,청약홈 분양정보 오픈API
2021000855,경상북도,,구미시,거의동,구미 푸르지오 엘리포레시티1블록,716,입주예정,2024-10,청약홈 분양정보 오픈API
2021000853,충청남도,,홍성군,홍북읍,내포신도시 반도유보라 마크에디션,955,입주예정,2025-01,청약홈 분양정보 오픈API
2021000852,전라남도,,구례군,구례읍,구례 트루엘 센텀포레,247,입주예정,2024-04,청약홈 분양정보 오픈API
2021000847,강원도,,평창군,대관령면,더 리치먼드 평창,270,입주예정,2024-02,청약홈 분양정보 오픈API
2021000839,경기도,,의정부시,의정부동,이안 더 센트로 의정부,154,입주예정,2023-12,청약홈 분양정보 오픈API
2021000750,전라북도,,익산시,,송학동3차 예다음,816,입주예정,2025-01,청약홈 분양정보 오픈API
2021000361,전라북도,,익산시,,유블레스47 모현,343,입주예정,2024-10,청약홈 분양정보 오픈API
2021000891,서울특별시,성북구,,안암동,해링턴플레이스 안암,114,입주예정,2024-07,청약홈 분양정보 오픈API
2021000845,강원도,,철원군,동송읍,철원 아데나 퍼스티어,230,입주예정,2024-02,청약홈 분양정보 오픈API
2021000837,경상남도,,김해시,삼문동,이안 센트럴포레 장유 2단지,60,입주예정,2023-03,청약홈 분양정보 오픈API
2021000836,경상남도,,김해시,삼문동,이안 센트럴포레 장유 1단지,80,입주예정,2023-03,청약홈 분양정보 오픈API
2021000808,대구광역시,,대구동구,신천동,더 센트럴 화성파크드림,151,입주예정,2025-01,청약홈 분양정보 오픈API
2021000806,경기도,,과천시,갈현동,과천 한양수자인,174,입주예정,2024-01,청약홈 분양정보 오픈API
2021000775,전라북도,,군산시,,은파 오투그란데 레이크원,399,입주예정,2024-10,청약홈 분양정보 오픈API
2021000751,경기도,,이천시,부발읍,이안 퍼스티엄 이천부발,419,입주예정,2024-01,청약홈 분양정보 오픈API
2021000241,세종특별자치시,,세종시,,행정중심복합도시 6-3M2블록 공공분양,995,입주예정,2023-12,청약홈 분양정보 오픈API
2021000835,경기도,,화성시,신동,화성동탄2 제일풍경채 퍼스티어,308,입주예정,2024-05,청약홈 분양정보 오픈API
2021000890,경상북도,,포항북구,흥해읍,포항 한신더휴 펜타시티 A4 블럭,595,입주예정,2024-12,청약홈 분양정보 오픈API
2021000889,경상북도,,포항북구,흥해읍,포항 한신더휴 펜타시티 A2 블럭,1597,입주예정,2024-12,청약홈 분양정보 오픈API
2021000865,전라북도,,익산시,마동,익산 제일풍경채 센트럴파크,1566,입주예정,2024-09,청약홈 분양정보 오픈API
2021000862,경기도,,광주시,초월읍,쌍용 더 플래티넘 광주,60,입주예정,2022-02,청약홈 분양정보 오픈API
2021000868,대전광역시,,대전서구,용문동,대전 씨엘리오 스위첸,146,입주예정,2025-07,청약홈 분양정보 오픈API
2021000854,부산광역시,,부산강서구,,명지국제신도시 A2블록 금강펜테리움 센트럴파크3 (임대),84,입주예정,2021-12,청약홈 분양정보 오픈API
2021000749,전라북도,,남원시,신정동,남원2차 오투그란데 디아트,226,입주예정,2024-03,청약홈 분양정보 오픈API
2021000863,충청북도,,영동군,영동읍,골든렉시움,72,입주예정,2021-12,청약홈 분양정보 오픈API
2021000857,부산광역시,,부산남구,,힐스테이트 대연 센트럴,144,입주예정,2024-05,청약홈 분양정보 오픈API
2021000851,전라남도,,오룡지구,,힐스테이트 오룡 45블록,348,입주예정,2024-05,청약홈 분양정보 오픈API
2021000850,전라남도,,오룡지구,,힐스테이트 오룡 42블록,482,입주예정,2024-05,청약홈 분양정보 오픈API
2021000831,경기도,,수원장안구,파장동,북수원 하우스토리,60,입주예정,2023-01,청약홈 분양정보 오픈API
2021000829,부산광역시,,부산금정구,,구서역 포르투나,145,입주예정,2022-05,청약홈 분양정보 오픈API
2021000827,경기도,,파주시,동패동,GTX 운정 금강펜테리움 센트럴파크,778,입주예정,2022-07,청약홈 분양정보 오픈API
2021000825,경기도,,파주시,,파주 운정3지구 A7BL 제일풍경채 3차 그랑포레,452,입주예정,2024-06,청약홈 분양정보 오픈API
2021000801,대구광역시,,대구중구,,대봉 서한이다음,541,입주예정,2024-10,청약홈 분양정보 오픈API
2021000796,광주광역시,,광주북구,운암동,센트럴운암 모아엘가 트레뷰,303,입주예정,2025-02,청약홈 분양정보 오픈API
2021000781,경상북도,,포항북구,흥해읍,포항펜타시티(A3BL) 대방 엘리움 퍼스티지 II,454,입주예정,2024-11,청약홈 분양정보 오픈API
2021000772,경상북도,,포항북구,흥해읍,포항펜타시티(A1BL) 대방 엘리움 퍼스티지 I,874,입주예정,2024-11,청약홈 분양정보 오픈API
2021000795,경상북도,,경주시,현곡면,경주자이르네,494,입주예정,2024-04,청약홈 분양정보 오픈API
2021000794,경기도,,광주시,송정동,광주 행정타운 아이파크,828,입주예정,2024-05,청약홈 분양정보 오픈API
2021000833,경기도,,수원권선구,곡반정동,수원 하늘채 더퍼스트 2단지,33,입주예정,2021-12,청약홈 분양정보 오픈API
2021000830,인천광역시,,인천연수구,,송도자이 더 스타,1533,입주예정,2024-12,청약홈 분양정보 오픈API
2021000828,경기도,,수원시,곡반정동,수원 하늘채 더퍼스트 1단지,28,입주예정,2021-12,청약홈 분양정보 오픈API
2021000819,대구광역시,,대구중구,,더샵 동성로센트리엘,392,입주예정,2025-11,청약홈 분양정보 오픈API
2021000807,강원도,,원주시,무실동,남원주역세권A1 호반써밋 원주역,465,입주예정,2024-07,청약홈 분양정보 오픈API
2021000792,경기도,,양평군,양서면,양수역 이지움 리버뷰,72,입주예정,2024-02,청약홈 분양정보 오픈API
2021000790,경기도,,안산상록구,건건동,반월역 두산위브 더 센트럴,207,입주예정,2025-03,청약홈 분양정보 오픈API
2021000816,경기도,,파주시,금촌동,금촌역 신일해피트리 더루츠,148,입주예정,2024-03,청약홈 분양정보 오픈API
2021000814,부산광역시,,부산강서구,강동동,부산에코델타 7BL 호반써밋,526,입주예정,2024-01,청약홈 분양정보 오픈API
2021000793,인천광역시,,인천미추홀구,학익1동,학익 SK VIEW,1215,입주예정,2024-09,청약홈 분양정보 오픈API
2021000803,인천광역시,,인천미추홀구,숭의동,두산위브더제니스 센트럴 여의,676,입주예정,2025-06,청약홈 분양정보 오픈API
2021000822,경상남도,,진주시,가좌동,신진주역세권 B-1BL 우미린,828,입주예정,2024-06,청약홈 분양정보 오픈API
2021000799,경상남도,,양산시,,양산사송지구B-2BL 사송신도시 제일풍경채 퍼스트파크,452,입주예정,2024-04,청약홈 분양정보 오픈API
2021000782,광주광역시,,광주북구,용두동,첨단 센트럴시티 서희스타힐스,90,입주예정,2023-12,청약홈 분양정보 오픈API
2021000765,광주광역시,,광주북구,오치동,오치동 광신프로그레스,65,입주예정,2023-08,청약홈 분양정보 오픈API
2021000736,경상북도,,포항남구,오천읍,포항 아이파크,1144,입주예정,2024-06,청약홈 분양정보 오픈API
2021000722,경상남도,,김해시,,장유자이 더 파크,587,입주예정,2024-03,청약홈 분양정보 오픈API
2021000802,대구광역시,,대구남구,,힐스테이트 앞산 센트럴,274,입주예정,2024-05,청약홈 분양정보 오픈API
2021000800,경상남도,,창원의창구,북면,창원 무동 동원로얄듀크,525,입주예정,2023-12,청약홈 분양정보 오픈API
2021000784,대전광역시,,대전중구,,대전 하늘채 엘센트로,304,입주예정,2024-07,청약홈 분양정보 오픈API
2021000704,경기도,,여주시,교동,여주역 센트레빌 트리니체,175,입주예정,2024-02,청약홈 분양정보 오픈API
2021000789,인천광역시,,인천중구,중산동,인천영종 A10블록 공공분양주택,600,입주예정,2024-01,청약홈 분양정보 오픈API
2021000780,경기도,,파주시,다율동,운정신도시 푸르지오 파르세나,1745,입주예정,2022-08,청약홈 분양정보 오픈API
2021000777,부산광역시,,부산강서구,,부산 에코델타시티 한양수자인,554,입주예정,2024-06,청약홈 분양정보 오픈API
2021000739,강원도,,평창군,평창읍,평창 스위트엠 엘크루,191,입주예정,2024-03,청약홈 분양정보 오픈API
2021000677,경기도,,동두천시,생연동,동두천중앙역 엘크루 더퍼스트,168,입주예정,2023-11,청약홈 분양정보 오픈API
2021000774,경상북도,,경주시,외동읍,경주 삼부르네상스 더테라스,534,입주예정,2024-03,청약홈 분양정보 오픈API
2021000770,인천광역시,,인천연수구,송도동,송도 센트럴파크 리버리치,96,입주예정,2023-10,청약홈 분양정보 오픈API
2021000761,대구광역시,,대구수성구,,시지 센트레빌,45,입주예정,2023-09,청약홈 분양정보 오픈API
2021000748,경기도,,광주시,오포읍,오포자이 오브제 C-1BL,927,입주예정,2024-08,청약홈 분양정보 오픈API
2021000731,제주특별자치도,,서귀포시,중문동,한화 포레나 제주중문,169,입주예정,2023-06,청약홈 분양정보 오픈API
2021000710,경상남도,,진주시,가좌동,신진주역세권 데시앙,810,입주예정,2024-05,청약홈 분양정보 오픈API
2021000700,경기도,,안산단원구,선부동,안산 한신더휴,275,입주예정,2024-05,청약홈 분양정보 오픈API
2021000773,경상북도,,경주시,,경주웰라움더테라스,230,입주예정,2023-09,청약홈 분양정보 오픈API
2021000646,강원도,,속초시,동명동,속초 동명 휴티스 오션시티,90,입주예정,2023-12,청약홈 분양정보 오픈API
2021000760,충청남도,,예산군,삽교읍,내포신도시 RH-3블록 중흥S클래스 더시티,1120,입주예정,2024-10,청약홈 분양정보 오픈API
2021000759,전라남도,,고흥군,도양읍,녹동 승원팰리체,192,입주예정,2023-11,청약홈 분양정보 오픈API
2021000752,강원도,,춘천시,동내면,춘천 학곡지구 모아엘가 그랑데,762,입주예정,2024-10,청약홈 분양정보 오픈API
2021000726,강원도,,동해시,효가동,동해자이,670,입주예정,2024-07,청약홈 분양정보 오픈API
2021000721,광주광역시,,광주남구,월산동,남구 진아리채 리센츠,165,입주예정,2024-08,청약홈 분양정보 오픈API
2021000697,부산광역시,,부산연제구,,거제 미소지움 더퍼스트,110,입주예정,2024-06,청약홈 분양정보 오픈API
2021000628,대구광역시,,대구수성구,파동,수성레이크 우방아이유쉘,394,입주예정,2024-03,청약홈 분양정보 오픈API
2021000683,경기도,,오산시,누읍동,오산 세교2지구 A-9블록 중흥S-클래스 에듀하이,659,입주예정,2024-10,청약홈 분양정보 오픈API
2021000682,경기도,,오산시,궐동,오산 세교2지구 A-4블록 중흥S-클래스 에듀파크,1245,입주예정,2024-10,청약홈 분양정보 오픈API
2021000679,전라북도,,완주군,이서면,완주 이서 양우내안애 퍼스트힐,218,입주예정,2023-04,청약홈 분양정보 오픈API
2021000667,경기도,,이천시,관고동,이천자이 더 파크,706,입주예정,2024-09,청약홈 분양정보 오픈API
2021000606,전라북도,,전주덕진구,,전주 모아미래도바울루체,92,입주예정,2023-12,청약홈 분양정보 오픈API
2021000744,경상남도,,창원시,가포동,안단테 창원가포 A-2블록 공공분양,402,입주예정,2023-06,청약홈 분양정보 오픈API
2021000735,대전광역시,,대전동구,천동,리더스시티,653,입주예정,2024-07,청약홈 분양정보 오픈API
2021000695,강원도,,강릉시,교동,강릉 교동하늘채 스카이파크,688,입주예정,2024-10,청약홈 분양정보 오픈API
2021000686,경기도,,안성시,아양동,안성아양 흥화하브,474,입주예정,2024-04,청약홈 분양정보 오픈API
2021000733,경기도,,고양시,지축동,고양지축 B1BL 공공분양,612,입주예정,2024-04,청약홈 분양정보 오픈API
2021000725,경상남도,,진주시,초전동,더샵 진주피에르테,798,입주예정,2025-01,청약홈 분양정보 오픈API
2021000696,경기도,,평택시,,지제 더샵 센트럴파크,94,입주예정,2021-11,청약홈 분양정보 오픈API
2021000678,경상북도,,경주시,건천읍,신경주 더 퍼스트 데시앙,945,입주예정,2024-07,청약홈 분양정보 오픈API
2021000635,경상남도,,거제시,옥포동,거제 반도유보라,292,입주예정,2024-01,청약홈 분양정보 오픈API
2021000708,경기도,,하남시,덕풍동,더샵 하남에디피스,596,입주예정,2024-03,청약홈 분양정보 오픈API
2021000707,경기도,,평택시,칠원동,평택 지제역 동문 디 이스트(5단지),741,입주예정,2024-02,청약홈 분양정보 오픈API
2021000699,인천광역시,,인천연수구,,송도 대경스위트리아 파크뷰,64,입주예정,2021-11,청약홈 분양정보 오픈API
2021000671,경기도,,가평군,가평읍,힐스테이트 가평 더뉴클래스,451,입주예정,2023-11,청약홈 분양정보 오픈API
2021000698,경상북도,,경주시,,경주 황성 베스티움 프레스티지,292,입주예정,2024-07,청약홈 분양정보 오픈API
2021000676,부산광역시,,부산동래구,,동래 다솜시티,48,입주예정,2021-11,청약홈 분양정보 오픈API
2021000623,경기도,,양평군,강상면,양평 우방아이유쉘 에코리버,219,입주예정,2024-05,청약홈 분양정보 오픈API
2021000561,제주특별자치도,,제주시,,외도 해담은 아파트,65,입주예정,2021-10,청약홈 분양정보 오픈API
2021000713,인천광역시,,인천서구,,인천검단 AA13-2BL(공공분양),964,입주예정,2023-12,청약홈 분양정보 오픈API
2021000712,인천광역시,,인천서구,,인천검단 AA13-1BL(공공분양),702,입주예정,2023-12,청약홈 분양정보 오픈API
2021000681,강원도,,원주시,지정면,원주기업도시 EG the1 3차,1516,입주예정,2024-05,청약홈 분양정보 오픈API
2021000579,충청북도,,청주흥덕구,,더샵 청주센트럴,746,입주예정,2024-03,청약홈 분양정보 오픈API
2021000572,부산광역시,,부산동래구,낙민동,낙민역 삼정그린코아 더시티,142,입주예정,2024-06,청약홈 분양정보 오픈API
2021000693,경상남도,,창원시,,창원현동 A-2BL 남양휴튼 공공분양,350,입주예정,2024-02,청약홈 분양정보 오픈API
2021000672,제주특별자치도,,서귀포시,대정읍,모슬포 라움아파트,46,입주예정,2021-11,청약홈 분양정보 오픈API
2021000627,인천광역시,,인천강화군,선원면,인천강화 서희스타힐스 2단지,154,입주예정,2024-08,청약홈 분양정보 오픈API
2021000626,인천광역시,,인천강화군,선원면,인천강화 서희스타힐스 1단지,303,입주예정,2024-08,청약홈 분양정보 오픈API
2021000656,경상북도,,포항북구,,빌드원 르헤브3차 아파트,99,입주예정,2021-11,청약홈 분양정보 오픈API
2021000687,인천광역시,,인천미추홀구,주안5동,주안역 센트레빌,8,입주예정,2021-12,청약홈 분양정보 오픈API
2021000680,대전광역시,,대전동구,,은어송 하늘채 리버뷰,934,입주예정,2024-08,청약홈 분양정보 오픈API
2021000655,경기도,,이천시,안흥동,이천 빌리브 어바인시티 2BL,264,입주예정,2026-01,청약홈 분양정보 오픈API
2021000654,경기도,,이천시,안흥동,이천 빌리브 어바인시티 1BL,264,입주예정,2026-01,청약홈 분양정보 오픈API
2021000616,경기도,,파주시,문산읍,파주 문산역 2차 동문 디 이스트,1503,입주예정,2024-06,청약홈 분양정보 오픈API
2021000564,전라남도,,나주시,금천면,빛가람 코오롱하늘채,249,입주예정,2022-10,청약홈 분양정보 오픈API
2021000516,서울특별시,강동구,,상일동,e편한세상 강일 어반브릿지,593,입주예정,2024-02,청약홈 분양정보 오픈API
2021000617,인천광역시,,인천미추홀구,,시티오씨엘 4단지,428,입주예정,2025-01,청약홈 분양정보 오픈API
2021000675,부산광역시,,부산부산진구,부암동,부암서희스타힐스,456,입주예정,2024-12,청약홈 분양정보 오픈API
2021000664,전라남도,,광양시,,광양 한라비발디 센트럴마크,238,입주예정,2024-04,청약홈 분양정보 오픈API
2021000653,경기도,,안양동안구,비산3동,평촌 엘프라우드,689,입주예정,2024-06,청약홈 분양정보 오픈API
2021000620,인천광역시,,인천중구,중산동,영종하늘도시 한신더휴2차,870,입주예정,2024-01,청약홈 분양정보 오픈API
2021000463,대구광역시,,대구중구,,힐스테이트 동인,941,입주예정,2025-05,청약홈 분양정보 오픈API
2021000657,경기도,,수원영통구,,힐스테이트 광교중앙역 퍼스트,211,입주예정,2024-08,청약홈 분양정보 오픈API
2021000625,경기도,,포천시,소흘읍,태봉공원 푸르지오 파크몬트,623,입주예정,2024-12,청약홈 분양정보 오픈API
2021000602,전라남도,,구례군,구례읍,월드메르디앙 구례,264,입주예정,2024-05,청약홈 분양정보 오픈API
2021000659,경기도,,시흥시,광석동,시흥장현 A3블록 공공분양주택,534,입주예정,2024-02,청약홈 분양정보 오픈API
2021000636,경기도,,파주시,다율동,파주운정3 A17BL 공공분양주택,660,입주예정,2024-01,청약홈 분양정보 오픈API
2021000633,대구광역시,,대구달서구,,달서 SK VIEW,526,입주예정,2024-06,청약홈 분양정보 오픈API
2021000629,전라북도,,군산시,,군산 한성필하우스,80,입주예정,2021-09,청약홈 분양정보 오픈API
2021000610,충청남도,,홍성군,홍성읍,홍성자이,483,입주예정,2023-12,청약홈 분양정보 오픈API
2021000604,대구광역시,,대구중구,,힐스테이트 대구역 퍼스트 2차,174,입주예정,2025-05,청약홈 분양정보 오픈API
2021000601,서울특별시,강서구,,11(내발산동,우장산 한울에이치밸리움,67,입주예정,2023-02,청약홈 분양정보 오픈API
2021000600,충청남도,,천안서북구,직산읍,더샵 천안레이크마크,411,입주예정,2024-03,청약홈 분양정보 오픈API
2021000589,인천광역시,,인천연수구,옥련2동,KTX 송도역 서해그랑블,56,입주예정,2024-05,청약홈 분양정보 오픈API
2021000605,부산광역시,,부산연제구,연산동,시청역 동원시티비스타,96,입주예정,2023-09,청약홈 분양정보 오픈API
2021000591,경기도,,의정부시,,의정부역 리버카운티아파트,51,입주예정,2021-09,청약홈 분양정보 오픈API
2021000596,전라남도,,광양시,마동,광양 와우지구 A3블록 중흥S클래스,902,입주예정,2024-10,청약홈 분양정보 오픈API
2021000582,경기도,,수원영통구,원천동,한화 포레나 수원원천,157,입주예정,2023-11,청약홈 분양정보 오픈API
2021000580,전라남도,,광양시,황금동,더샵 광양베이센트,727,입주예정,2024-06,청약홈 분양정보 오픈API
2021000603,광주광역시,,광주동구,산수동,무등산 한국아델리움 더힐 2단지,291,입주예정,2024-11,청약홈 분양정보 오픈API
2021000578,경기도,,화성시,,힐스테이트 봉담 프라이드시티,2333,입주예정,2024-08,청약홈 분양정보 오픈API
2021000536,부산광역시,,부산동래구,,아시아드 삼정그린코아 더시티,72,입주예정,2024-01,청약홈 분양정보 오픈API
2021000587,경상남도,,양산시,,양산 평산 코아루 에듀포레,225,입주예정,2024-01,청약홈 분양정보 오픈API
2021000569,인천광역시,,인천계양구,효성동,계양 서해그랑블 더테라스,124,입주예정,2023-06,청약홈 분양정보 오픈API
2021000343,충청남도,,아산시,둔포면,아산 테크노밸리 6차 이지더원,822,입주예정,2023-09,청약홈 분양정보 오픈API
2021000554,충청남도,,아산시,모종동,아산 모종 리슈빌 더 스카이,268,입주예정,2024-07,청약홈 분양정보 오픈API
2021000584,경상남도,,양산시,덕계동,트리마제 양산 2단지,403,입주예정,2024-08,청약홈 분양정보 오픈API
2021000583,경상남도,,양산시,덕계동,트리마제 양산 1단지,1066,입주예정,2024-08,청약홈 분양정보 오픈API
2021000563,전라남도,,여수시,,여수 소호동 금호어울림 오션테라스,162,입주예정,2023-05,청약홈 분양정보 오픈API
2021000556,전라북도,,김제시,,검산 이지움 라프라임,188,입주예정,2023-12,청약홈 분양정보 오픈API
2021000517,충청남도,,아산시,음봉면,아산 한라비발디 스마트밸리,998,입주예정,2024-01,청약홈 분양정보 오픈API
2021000581,광주광역시,,광주서구,마륵동,효성해링턴 플레이스 상무역,373,입주예정,2024-02,청약홈 분양정보 오픈API
2021000566,경기도,,포천시,어룡동,포천 리버포레 세영리첼,454,입주예정,2024-02,청약홈 분양정보 오픈API
2021000562,전남,,오룡지구,,남악신도시 오룡지구 41BL 중흥S-클래스 에듀파크,543,입주예정,2024-08,청약홈 분양정보 오픈API
2021000558,제주특별자치도,,제주시,조천읍,함덕 천마에버하임오션,60,입주예정,2021-09,청약홈 분양정보 오픈API
2021000549,충청남도,,예산군,삽교읍,충남내포신도시 이지더원 3차,954,입주예정,2024-03,청약홈 분양정보 오픈API
2021000539,경상북도,,구미시,고아읍,구미 푸르지오 센트럴파크,819,입주예정,2024-04,청약홈 분양정보 오픈API
2021000557,경기도,,평택시,고덕면,고덕 하늘채 시그니처,16,입주예정,2021-09,청약홈 분양정보 오픈API
2021000543,대구광역시,,대구서구,평리동,서대구역 센텀 화성파크드림,933,입주예정,2024-08,청약홈 분양정보 오픈API
2021000538,대구광역시,,대구동구,,신기역 극동스타클래스,142,입주예정,2023-11,청약홈 분양정보 오픈API
2021000528,강원도,,강릉시,교동,강릉 롯데캐슬 시그니처,1305,입주예정,2024-11,청약홈 분양정보 오픈API
2021000043,경기도,,평택시,,평택지제역자이,1052,입주예정,2023-06,청약홈 분양정보 오픈API
2021000515,서울특별시,관악구,,,신림스카이아파트,43,입주예정,2021-09,청약홈 분양정보 오픈API
2021000341,충청남도,,천안동남구,신부동,한화 포레나 천안신부,602,입주예정,2023-12,청약홈 분양정보 오픈API
2021000534,인천광역시,,인천계양구,작전동,힐스테이트자이 계양,812,입주예정,2024-03,청약홈 분양정보 오픈API
2021000520,경기도,,의정부시,,이안 더 메트로,170,입주예정,2021-12,청약홈 분양정보 오픈API
2021000540,세종특별자치시,,세종시,,세종자이 더 시티,1350,입주예정,2024-07,청약홈 분양정보 오픈API
2021000533,전라북도,,익산시,,힐스테이트 익산,454,입주예정,2024-01,청약홈 분양정보 오픈API
2021000527,충청남도,,홍성군,홍북읍,내포신도시 모아미래도 메가시티1차,870,입주예정,2024-02,청약홈 분양정보 오픈API
2021000522,경상남도,,양산시,동면,양산 사송 더샵데시앙3차,533,입주예정,2024-02,청약홈 분양정보 오픈API
2021000477,광주광역시,,광주북구,,모아미래도 에듀파크,49,입주예정,2024-01,청약홈 분양정보 오픈API
2021000532,부산광역시,,부산수영구,남천동,남천 세원 수,76,입주예정,2021-12,청약홈 분양정보 오픈API
2021000422,서울특별시,종로구,,숭인동,에비뉴 청계 II,81,입주예정,2023-05,청약홈 분양정보 오픈API
2021000446,서울특별시,동대문구,,,브이티스타일,75,입주예정,2021-10,청약홈 분양정보 오픈API
2021000531,경상북도,,구미시,송정동,구미 송정 범양레우스 센트럴포레,486,입주예정,2024-04,청약홈 분양정보 오픈API
2021000507,경기도,,용인처인구,역북동,용인 명지대역 서희스타힐스 포레스트,45,입주예정,2023-03,청약홈 분양정보 오픈API
2021000404,대구광역시,,대구중구,,힐스테이트 대구역 퍼스트,216,입주예정,2025-05,청약홈 분양정보 오픈API
2021000465,대구광역시,,대구남구,,교대역 푸르지오 트레힐즈,662,입주예정,2024-10,청약홈 분양정보 오픈API
2021000437,충청북도,,청주청원구,오창읍,오창 반도유보라 퍼스티지,241,입주예정,2024-05,청약홈 분양정보 오픈API
2021000411,충청남도,,당진시,,당진 센트레빌 르네블루 2차,1460,입주예정,2024-07,청약홈 분양정보 오픈API
2021000514,경기도,,안성시,도기동,안성아양 B1블록 공공분양주택,644,입주예정,2021-11,청약홈 분양정보 오픈API
2021000495,대구광역시,,대구수성구,,더샵 수성오클레어,303,입주예정,2023-10,청약홈 분양정보 오픈API
2021000494,경기도,,부천시,원종동,부천 브라운스톤 원종,44,입주예정,2022-09,청약홈 분양정보 오픈API
2021000457,경상남도,,창원시,,창원칸타빌 오션뷰,77,입주예정,2021-08,청약홈 분양정보 오픈API
2021000448,경상남도,,창원시,양덕동2동,창원 롯데캐슬 센텀골드,706,입주예정,2023-12,청약홈 분양정보 오픈API
2021000424,울산광역시,,울산울주군,온양읍,울산 온양발리 한양립스 더퍼스트,119,입주예정,2023-08,청약홈 분양정보 오픈API
2021000433,경기도,,양주시,,양주 회천신도시 센트럴 아리스타,97,입주예정,2024-02,청약홈 분양정보 오픈API
2021000334,경기도,,용인처인구,고림동,힐스테이트 용인 고진역 D2BL,1358,입주예정,2024-08,청약홈 분양정보 오픈API
2021000333,경기도,,용인처인구,고림동,힐스테이트 용인 고진역 D1BL,1345,입주예정,2024-08,청약홈 분양정보 오픈API
2021000482,대구광역시,,대구북구,,태왕디아너스 오페라,532,입주예정,2025-07,청약홈 분양정보 오픈API
2021000413,부산광역시,,부산부산진구,초읍동,초읍 하늘채 포레스원,499,입주예정,2024-05,청약홈 분양정보 오픈API
2021000362,울산광역시,,울산남구,야음동,번영로 센텀파크 에일린의 뜰,184,입주예정,2024-05,청약홈 분양정보 오픈API
2021000492,부산광역시,,부산북구,,한화 포레나 부산덕천 2차,157,입주예정,2023-11,청약홈 분양정보 오픈API
2021000484,충청북도,,충주시,,충주 모아미래도,330,입주예정,2023-12,청약홈 분양정보 오픈API
2021000470,경상남도,,거창군,거창읍,거창더센트럴 캐슬,94,입주예정,2023-04,청약홈 분양정보 오픈API
2021000469,경상북도,,포항북구,흥해읍,힐스테이트 초곡,1866,입주예정,2024-02,청약홈 분양정보 오픈API
2021000468,경기도,,동두천시,지행동,지행역 센트레빌 파크뷰,314,입주예정,2023-10,청약홈 분양정보 오픈API
2021000462,경기도,,파주시,,파주 운정3지구 A10BL 제일풍경채 2차 그랑베뉴,660,입주예정,2024-01,청약홈 분양정보 오픈API
2021000420,경기도,,파주시,다율동,파주 운정신도시 A9블록 중흥S-클래스 에듀파크,450,입주예정,2024-03,청약홈 분양정보 오픈API
2021000419,경기도,,파주시,다율동,파주 운정신도시 A11블록 중흥S-클래스 에듀하이,750,입주예정,2024-03,청약홈 분양정보 오픈API
2021000478,경기도,,안양동안구,호계동,평촌 트리지아,913,입주예정,2024-08,청약홈 분양정보 오픈API
2021000379,충청북도,,충주시,대소원면,서충주신도시 월드메르디앙 엔라체,274,입주예정,2023-09,청약홈 분양정보 오픈API
2021000464,경기도,,평택시,고덕면,평택고덕 A-54블록 공공분양,1582,입주예정,2023-05,청약홈 분양정보 오픈API
2021000456,충청북도,,충주시,중앙탑면,한화 포레나 서충주,478,입주예정,2023-10,청약홈 분양정보 오픈API
2021000436,대전광역시,,대전중구,,목동모아엘가그랑데,316,입주예정,2024-03,청약홈 분양정보 오픈API
2021000435,대전광역시,,대전동구,삼성동,대전역 대라수 어썸브릿지 2차,141,입주예정,2024-07,청약홈 분양정보 오픈API
2021000434,대전광역시,,대전동구,삼성동,대전역 대라수 어썸브릿지 1차,141,입주예정,2024-07,청약홈 분양정보 오픈API
2021000417,대구광역시,,대구동구,용계동,용계역 푸르지오 아츠베르 2단지,568,입주예정,2023-10,청약홈 분양정보 오픈API
2021000416,대구광역시,,대구동구,용계동,용계역 푸르지오 아츠베르 1단지,745,입주예정,2023-10,청약홈 분양정보 오픈API
2021000326,인천광역시,,인천서구,,마전 양우 내안애 퍼스트힐,97,입주예정,2022-02,청약홈 분양정보 오픈API
2021000425,전라북도,,익산시,황등면,황등 오투그란데 디에디션,120,입주예정,2024-03,청약홈 분양정보 오픈API
2021000407,강원도,,춘천시,,춘천 파밀리에 리버파크,157,입주예정,2024-03,청약홈 분양정보 오픈API
2021000394,경기도,,오산시,서동,더샵 오산엘리포레,927,입주예정,2023-12,청약홈 분양정보 오픈API
2021000316,경기도,,의정부시,의정부동,의정부역 월드메르디앙 웰라시티,76,입주예정,2023-07,청약홈 분양정보 오픈API
2021000384,충청남도,,아산시,음봉면,해링턴 플레이스 스마트밸리,704,입주예정,2023-10,청약홈 분양정보 오픈API
2021000383,강원도,,평창군,진부면,평창진부 웰라움 더퍼스트,265,입주예정,2023-12,청약홈 분양정보 오픈API
2021000418,서울특별시,서초구,,(반포동,래미안 원베일리,224,입주예정,2023-08,청약홈 분양정보 오픈API
2021000401,경기도,,화성시,,봉담자이 프라이드시티,1701,입주예정,2024-07,청약홈 분양정보 오픈API
2021000414,대구광역시,,대구북구,,북구청역 푸르지오 에듀포레,499,입주예정,2024-03,청약홈 분양정보 오픈API
2021000370,경상북도,,경산시,압량읍,경산아이파크,977,입주예정,2024-01,청약홈 분양정보 오픈API
2021000349,전라북도,,익산시,왕궁면,익산 푸르지오 더 퍼스트,674,입주예정,2023-09,청약홈 분양정보 오픈API
2021000262,전라북도,,익산시,,익산역 유블레스 퍼스트 주상복합,202,입주예정,2023-11,청약홈 분양정보 오픈API
2021000163,강원도,,속초시,장사동,속초 영랑호 엘크루 라테라,200,입주예정,2023-01,청약홈 분양정보 오픈API
2021000368,인천광역시,,인천미추홀구,,시티오씨엘 1단지,1131,입주예정,2024-03,청약홈 분양정보 오픈API
2021000238,부산광역시,,부산기장군,기장읍,기장역 엘크루 더퍼스트,219,입주예정,2023-08,청약홈 분양정보 오픈API
2021000399,경기도,,양주시,고암동,양주회천지구 A21블록 공공분양주택 입주자모집,995,입주예정,2023-11,청약홈 분양정보 오픈API
2021000398,경기도,,양주시,고암동,양주회천지구 A18블록 공공분양주택 입주자모집,1304,입주예정,2024-01,청약홈 분양정보 오픈API
2021000386,충청남도,,서산시,,석림 엘크루 에듀포레,108,입주예정,2022-07,청약홈 분양정보 오픈API
2021000392,대전광역시,,대전중구,,대전 해모로 더 센트라,613,입주예정,2024-02,청약홈 분양정보 오픈API
2021000391,경기도,,연천군,연천읍,e편한세상 연천 웰스하임,499,입주예정,2023-05,청약홈 분양정보 오픈API
2021000381,충청북도,,청주흥덕구,오송읍,오송역 파라곤 센트럴시티,2415,입주예정,2023-06,청약홈 분양정보 오픈API
2021000217,인천광역시,,인천연수구,,연수 서해그랑블 에듀파크,641,입주예정,2024-01,청약홈 분양정보 오픈API
2021000387,인천광역시,,인천영종지구,,영종국제도시 서한이다음,930,입주예정,2024-05,청약홈 분양정보 오픈API
2021000356,경상남도,,거제시,상동동,더샵 거제디클리브,1288,입주예정,2024-01,청약홈 분양정보 오픈API
2021000352,충청남도,,서산시,,e편한세상 석림 더노블,523,입주예정,2024-01,청약홈 분양정보 오픈API
2021000375,경상남도,,양산시,덕계동,포레스트퀸 102동,75,입주예정,2021-06,청약홈 분양정보 오픈API
2021000374,경상남도,,양산시,덕계동,포레스트퀸 101동,75,입주예정,2021-06,청약홈 분양정보 오픈API
2021000357,인천광역시,,인천연수구,송도동,송도 아리스타 프라임,90,입주예정,2022-12,청약홈 분양정보 오픈API
2021000339,경기도,,광주시,오포읍,오포자이 디 오브 C-4BL,448,입주예정,2024-02,청약홈 분양정보 오픈API
2021000338,경기도,,광주시,오포읍,오포자이 디 오브 C-3BL,447,입주예정,2024-02,청약홈 분양정보 오픈API
2021000322,경상남도,,거창군,거창읍,휴앤인더라움,68,입주예정,2021-06,청약홈 분양정보 오픈API
2021000225,전라북도,,군산시,지곡동,군산 호수공원 아이파크,665,입주예정,2024-01,청약홈 분양정보 오픈API
2021000328,경기도,,화성시,향남읍,화성향남 상신지구 A1-1블록 향남역 한양수자인 디에스티지,945,입주예정,2024-02,청약홈 분양정보 오픈API
2021000351,경기도,,평택시,,더샵 지제역 센트럴파크 1BL,67,입주예정,2021-06,청약홈 분양정보 오픈API
2021000345,충청북도,,음성군,감곡면,감곡포그니아파트,186,입주예정,2021-06,청약홈 분양정보 오픈API
2021000336,서울특별시,종로구,,,에비뉴 청계 I,99,입주예정,2023-04,청약홈 분양정보 오픈API
2021000313,경기도,,이천시,장호원읍,이천 진암지구 우방 아이유쉘 메가하이브,413,입주예정,2024-01,청약홈 분양정보 오픈API
2021000275,경기도,,화성시,,동탄역 금강펜테리움 더 시글로(화성동탄2 주상복합C2블럭),380,입주예정,2024-10,청약홈 분양정보 오픈API
2020001374,경기도,,화성시,,봉담자이 라피네,750,입주예정,2023-10,청약홈 분양정보 오픈API
2021000342,전라북도,,운곡지구,용진읍,완주복합행정타운 모아미래도 센트럴시티 3차,309,입주예정,2023-05,청약홈 분양정보 오픈API
2021000311,전라북도,,완주군,이서면,혁신도시 에코르 3단지 분양전환 후 일반분양주택,4,입주예정,2021-07,청약홈 분양정보 오픈API
2021000331,경산북도,,경산시,하양읍,경산 하양 제일풍경채,614,입주예정,2024-04,청약홈 분양정보 오픈API
2021000330,경상남도,,양산시,상북면,두산위브더제니스 양산,1368,입주예정,2024-05,청약홈 분양정보 오픈API
2021000324,강원도,,동해시,동회동,동해 프라우드 스위첸,431,입주예정,2023-12,청약홈 분양정보 오픈API
2021000290,대구광역시,,대구달서구,,죽전역 에일린의 뜰,608,입주예정,2024-02,청약홈 분양정보 오픈API
2021000327,광주광역시,,광주동구,지산동,무등산 한국아델리움 더힐 1단지,103,입주예정,2024-02,청약홈 분양정보 오픈API
2021000213,서울특별시,중구,,,세운 푸르지오 헤리시티 아파트,281,입주예정,2023-01,청약홈 분양정보 오픈API
2021000320,경기도,,평택시,통복동,평택역 경남아너스빌 디아트,499,입주예정,2025-03,청약홈 분양정보 오픈API
2021000319,울산광역시,,울산북구,양정동,율동지구 한신더휴 C2블록,407,입주예정,2023-11,청약홈 분양정보 오픈API
2021000318,울산광역시,,울산북구,양정동,율동지구 한신더휴 B2블록,436,입주예정,2023-11,청약홈 분양정보 오픈API
2021000317,울산광역시,,울산북구,효문동,율동지구 한신더휴 B1블록,239,입주예정,2023-11,청약홈 분양정보 오픈API
2021000314,전라남도,,여수시,미평동,미평동 해광샹그릴라 힐즈파크,282,입주예정,2023-03,청약홈 분양정보 오픈API
2021000301,충청남도,,아산시,용화동,아산 ZOOM파크,763,입주예정,2023-07,청약홈 분양정보 오픈API
2021000294,충청남도,,천안서북구,성거읍,직산역서희스타힐스,294,입주예정,2024-02,청약홈 분양정보 오픈API
2021000164,경상남도,,창원성산구,,성산 삼정그린코아 포레스트,401,입주예정,2024-05,청약홈 분양정보 오픈API
2021000068,경기도,,수원팔달구,,만강아파트,48,입주예정,2021-06,청약홈 분양정보 오픈API
2021000329,대전광역시,,대전대덕구,와동,대덕브라운스톤,336,입주예정,2024-02,청약홈 분양정보 오픈API
2021000315,경기도,,양평군,양평읍,더샵 양평리버포레,453,입주예정,2024-02,청약홈 분양정보 오픈API
2021000312,경상남도,,거창군,거창읍,더샵 거창포르시엘,469,입주예정,2024-01,청약홈 분양정보 오픈API
2021000302,경기도,,화성시,오산동,동탄2신도시 동탄역 디에트르 퍼스티지,531,입주예정,2025-02,청약홈 분양정보 오픈API
2021000297,경기도,,안산단원구,,포레나 안산 고잔,158,입주예정,2023-12,청약홈 분양정보 오픈API
2021000224,인천광역시,,인천미추홀구,용현동,용현자이 크레스트,1499,입주예정,2023-11,청약홈 분양정보 오픈API
2021000295,대구광역시,,대구수성구,,만촌역 태왕 THE아너스,450,입주예정,2024-07,청약홈 분양정보 오픈API
2021000291,인천광역시,,인천계양구,방축동,계양 하늘채 파크포레,49,입주예정,2023-04,청약홈 분양정보 오픈API
2021000280,강원도,,정선군,정선읍,정선 벨라시티,161,입주예정,2023-09,청약홈 분양정보 오픈API
2021000257,경기도,,포천시,군내면,포천 금호어울림 센트럴,579,입주예정,2023-12,청약홈 분양정보 오픈API
2021000189,인천광역시,,인천서구,,검단역 금강펜테리움 더 시글로,447,입주예정,2024-01,청약홈 분양정보 오픈API
2021000261,충청북도,,진천군,진천읍,이편한세상 진천로얄하임,400,입주예정,2023-08,청약홈 분양정보 오픈API
2021000279,부산광역시,,부산기장군,정관읍,가화만사성 정관타운,83,입주예정,2021-06,청약홈 분양정보 오픈API
2021000242,대구광역시,,대구수성구,,수성알파시티청아람 외국인전용 분양전환공공임대(10년),30,입주예정,2021-06,청약홈 분양정보 오픈API
2021000151,인천광역시,,인천서구,,인천 검단신도시 우미린 파크뷰 2단지,810,입주예정,2023-07,청약홈 분양정보 오픈API
2021000150,인천광역시,,인천서구,,인천 검단신도시 우미린 파크뷰 1단지,370,입주예정,2023-07,청약홈 분양정보 오픈API
2021000069,경상남도,,거제시,고현동,e편한세상 거제 유로스카이,1113,입주예정,2023-11,청약홈 분양정보 오픈API
2021000274,경기도,,화성시,,화성 태안3지구 우미린 센트포레 B-2블럭,650,입주예정,2023-04,청약홈 분양정보 오픈API
2021000273,경기도,,화성시,,화성 태안3지구 우미린 센트포레 B-1블럭,650,입주예정,2023-03,청약홈 분양정보 오픈API
2021000259,충청북도,,송산지구,증평읍,증평 송산지구 칸타빌,330,입주예정,2023-11,청약홈 분양정보 오픈API
2021000258,경상북도,,포항북구,흥해읍,한화 포레나 포항,2192,입주예정,2024-03,청약홈 분양정보 오픈API
2021000226,충청남도,,아산시,모종동,힐스테이트 모종 네오루체,927,입주예정,2023-08,청약홈 분양정보 오픈API
2021000171,경기도,,남양주시,와부읍,덕소 강변 라온프라이빗,237,입주예정,2023-11,청약홈 분양정보 오픈API
2021000101,대구광역시,,대구수성구,,수성 해모로 하이엔,576,입주예정,2023-12,청약홈 분양정보 오픈API
2021000278,경기도,,양주시,옥정동,양주 옥정 린 파밀리에,2049,입주예정,2024-02,청약홈 분양정보 오픈API
2021000245,서울특별시,도봉구,,,쌍문역 시티프라디움,112,입주예정,2021-10,청약홈 분양정보 오픈API
2021000111,경상남도,,합천군,합천읍,선우H타운,60,입주예정,2021-05,청약홈 분양정보 오픈API
2021000166,경기도,,남양주시,와부읍,덕소 강변 스타힐스,274,입주예정,2023-12,청약홈 분양정보 오픈API
2021000239,부산광역시,,부산사상구,괘법동,사상역 경보센트리안 3차,151,입주예정,2023-06,청약홈 분양정보 오픈API
2021000167,인천광역시,,인천서구,당하동,검단신도시 AB3-2블록 예미지 퍼스트포레,1172,입주예정,2023-10,청약홈 분양정보 오픈API
2021000146,경상남도,,김해시,,김해 푸르지오 하이엔드 2차,1380,입주예정,2024-07,청약홈 분양정보 오픈API
2021000027,대구광역시,,대구북구,,대구역 SD아이프라임,80,입주예정,2021-05,청약홈 분양정보 오픈API
2021000243,대구광역시,,대구중구,,대구역한라하우젠트센트로,132,입주예정,2024-12,청약홈 분양정보 오픈API
2021000205,대구광역시,,대구수성구,,대구두산동 호반써밋 수성,301,입주예정,2024-06,청약홈 분양정보 오픈API
2021000182,제주특별자치도,,제주시,,e편한세상 연동 센트럴파크 2단지,102,입주예정,2023-06,청약홈 분양정보 오픈API
2021000181,제주특별자치도,,제주시,,e편한세상 연동 센트럴파크 1단지,102,입주예정,2023-06,청약홈 분양정보 오픈API
2021000152,대구광역시,,대구동구,신암동,동대구역 엘크루 에비뉴원,191,입주예정,2024-02,청약홈 분양정보 오픈API
2021000119,전라남도,,광양시,황금동,광양푸르지오더센트럴,565,입주예정,2023-11,청약홈 분양정보 오픈API
2021000222,경상남도,,창원시,,가포금호어울림 10년공공임대주택(리츠),705,입주예정,2021-09,청약홈 분양정보 오픈API
2021000200,강원도,,횡성군,횡성읍,횡성 벨라시티,206,입주예정,2023-10,청약홈 분양정보 오픈API
2021000122,대구광역시,,대구달서구,,한양수자인 더팰리시티,800,입주예정,2023-12,청약홈 분양정보 오픈API
2021000120,서울특별시,관악구,,,관악 중앙하이츠 포레,34,입주예정,2022-06,청약홈 분양정보 오픈API
2021000197,충청남도,,천안동남구,풍세면,천안 한양수자인 에코시티,3200,입주예정,2024-01,청약홈 분양정보 오픈API
2021000175,대구광역시,,대구동구,,동대구역 골드클래스,329,입주예정,2024-04,청약홈 분양정보 오픈API
2021000153,경기도,,용인처인구,,용인 드마크 데시앙,1069,입주예정,2024-03,청약홈 분양정보 오픈API
2021000186,제주특별자치도,,제주시,,이안 더 프리미스 노형,80,입주예정,2022-08,청약홈 분양정보 오픈API
2021000159,경기도,,파주시,목동동,파주운정신도시 디에트르 라 포레(A-37BL),297,입주예정,2023-05,청약홈 분양정보 오픈API
2021000158,경기도,,파주시,목동동,파주운정신도시 디에트르 더 클래스(A-35BL),512,입주예정,2023-08,청약홈 분양정보 오픈API
2021000157,대구광역시,,대구동구,율암동,대구 안심 파라곤 프레스티지,759,입주예정,2023-03,청약홈 분양정보 오픈API
2021000105,경기도,,오산시,수청동,오산 세교지구 Cd-1블록 호반써밋 라테라스,208,입주예정,2023-04,청약홈 분양정보 오픈API
2021000063,경상남도,,통영시,광도면,디 엘본 S136,136,입주예정,2023-11,청약홈 분양정보 오픈API
2021000170,대구광역시,,대구수성구,,힐스테이트 만촌역,658,입주예정,2024-12,청약홈 분양정보 오픈API
2021000169,강원도,,철원군,갈말읍,리치먼드 힐 철원,184,입주예정,2022-07,청약홈 분양정보 오픈API
2021000165,울산광역시,,울산덕하지구,청량읍,울산 뉴시티 에일린의 뜰 1차,803,입주예정,2024-01,청약홈 분양정보 오픈API
2021000148,경상남도,,창원진해구,,진해남문 리젠시빌란트 더웰,458,입주예정,2024-03,청약홈 분양정보 오픈API
2021000143,대구광역시,,대구중구,,힐스테이트 달성공원역,320,입주예정,2024-10,청약홈 분양정보 오픈API
2021000132,경상남도,,창원시,교방동,창원 푸르지오 더 플래티넘,870,입주예정,2023-08,청약홈 분양정보 오픈API
2021000123,경상남도,,김해시,신문동,김해율하 더스카이시티 제니스앤프라우,1253,입주예정,2025-02,청약홈 분양정보 오픈API
2021000095,광주광역시,,광주남구,주월동,봉선로 르 오네뜨,70,입주예정,2023-01,청약홈 분양정보 오픈API
2021000156,경상남도,,창원시,,창원 마창대교 유보라 아이비파크,847,입주예정,2024-03,청약홈 분양정보 오픈API
2021000155,제주특별자치도,,제주시,,연동 한일 베라체 더 퍼스트,112,입주예정,2023-05,청약홈 분양정보 오픈API
2021000147,대구광역시,,대구달서구,,이안 엑소디움 에이펙스,117,입주예정,2025-02,청약홈 분양정보 오픈API
2021000145,인천광역시,,인천미추홀구,주안동,e편한세상 주안 에듀서밋,104,입주예정,2023-09,청약홈 분양정보 오픈API
2021000117,대구광역시,,대구북구,,오페라 센텀파크 서한이다음,417,입주예정,2023-09,청약홈 분양정보 오픈API
2021000099,대구광역시,,대구동구,,이시아 팰리스,36,입주예정,2021-04,청약홈 분양정보 오픈API
2021000092,광주광역시,,광주광산구,,광주 산정 대광로제비앙,213,입주예정,2023-10,청약홈 분양정보 오픈API
2021000087,경기도,,수원장안구,정자동,북수원자이 렉스비아,1598,입주예정,2024-03,청약홈 분양정보 오픈API
2020001461,부산광역시,,부산동래구,,안락 스위첸,220,입주예정,2024-01,청약홈 분양정보 오픈API
2021000113,경상남도,,양산시,,양산 덕계 경동스마트홈,107,입주예정,2021-05,청약홈 분양정보 오픈API
2021000109,울산광역시,,울산울주군,언양읍,e편한세상 울산역 어반스퀘어,121,입주예정,2022-08,청약홈 분양정보 오픈API
2021000071,광주광역시,,광주서구,광천동,힐스테이트 광천,305,입주예정,2024-01,청약홈 분양정보 오픈API
2021000106,인천광역시,,인천미추홀구,학익동,시티오씨엘 3단지,977,입주예정,2024-12,청약홈 분양정보 오픈API
2021000104,강원도,,삼척시,,삼척 센트럴 두산위브,736,입주예정,2024-02,청약홈 분양정보 오픈API
2021000062,충청남도,,아산시,배방읍,더샵 센트로,939,입주예정,2023-10,청약홈 분양정보 오픈API
2021000084,충청남도,,계룡시,두마면,계룡자이,600,입주예정,2023-07,청약홈 분양정보 오픈API
2021000081,대구광역시,,대구수성구,,수성범물 일성 트루엘 레전드,158,입주예정,2022-12,청약홈 분양정보 오픈API
2021000090,대구광역시,,대구달성군,화원읍,화원 동화아이위시,568,입주예정,2024-10,청약홈 분양정보 오픈API
2021000077,강원도,,홍천군,홍천읍,홍천 금호어울림 더퍼스트,580,입주예정,2024-01,청약홈 분양정보 오픈API
2021000049,대구광역시,,대구달성군,다사읍,다사동의센트럴파크,69,입주예정,2021-04,청약홈 분양정보 오픈API
2021000082,경기도,,용인처인구,양지면,용인 양지 동문굿모닝힐 프레스티지 주상복합아파트,175,입주예정,2023-10,청약홈 분양정보 오픈API
2021000076,충청남도,,홍성군,홍북읍,충남내포신도시2차 대방 엘리움 더센트럴,831,입주예정,2023-07,청약홈 분양정보 오픈API
2021000075,대구광역시,,대구남구,,힐스테이트 대명 센트럴,861,입주예정,2024-11,청약홈 분양정보 오픈API
2021000065,충청북도,,청주시,,청주 동남지구 B8블록 호반써밋 브룩사이드,1215,입주예정,2023-07,청약홈 분양정보 오픈API
2021000061,전라북도,,군산시,,군산 한성필하우스,537,입주예정,2021-04,청약홈 분양정보 오픈API
2021000066,대전광역시,,대전중구,선화동,대전 한신더휴 리저브,418,입주예정,2024-11,청약홈 분양정보 오픈API
2021000059,경기도,,김포시,통진읍,김포마송택지지구 디에트르,539,입주예정,2023-06,청약홈 분양정보 오픈API
2021000048,경기도,,양평군,양평읍,양평역 한라비발디 2단지,852,입주예정,2023-09,청약홈 분양정보 오픈API
2021000046,경상북도,,김천시,어모면,김천더테라스휴,176,입주예정,2021-06,청약홈 분양정보 오픈API
2021000028,대구광역시,,대구남구,이천동,대봉교역 금호어울림 에듀리버,270,입주예정,2023-08,청약홈 분양정보 오픈API
2021000060,경기도,,안산단원구,선부동,안산 중흥S-클래스 더퍼스트,869,입주예정,2024-01,청약홈 분양정보 오픈API
2021000057,서울특별시,강동구,,고덕동,고덕강일 제일풍경채,780,입주예정,2024-01,청약홈 분양정보 오픈API
2021000056,서울특별시,광진구,,자양동,자양 하늘채 베르,51,입주예정,2023-02,청약홈 분양정보 오픈API
2021000038,경기도,,부천시,심곡본동,심곡본동 한울에이치밸리움 디그니어스,66,입주예정,2022-07,청약홈 분양정보 오픈API
2021000037,충청북도,,충주시,앙성면,대림 퍼스트 앤빌,96,입주예정,2021-04,청약홈 분양정보 오픈API
2020001419,경기도,,포천시,소흘읍,포천 송우 1 서희스타힐스,144,입주예정,2021-05,청약홈 분양정보 오픈API
2021000029,인천광역시,,인천연수구,,더샵 송도 마리나베이,117,입주예정,2021-04,청약홈 분양정보 오픈API
2020001393,전라북도,,군산시,조촌동,더샵 디오션시티 2차,771,입주예정,2023-07,청약홈 분양정보 오픈API
2021000045,경기도,,광주시,오포읍,더샵 오포센트리체,1475,입주예정,2023-12,청약홈 분양정보 오픈API
2021000042,충청남도,,아산시,탕정면,아산 탕정 삼성트라팰리스,124,입주예정,2021-03,청약홈 분양정보 오픈API
2021000040,전라남도,,순천시,,순천 연향 송보파인빌,228,입주예정,2021-03,청약홈 분양정보 오픈API
2021000034,경기도,,수원장안구,파장동,한화 포레나 수원장안,1063,입주예정,2023-09,청약홈 분양정보 오픈API
2020001453,경상북도,,고령군,다산면,다산 월드메르디앙 엔라체,631,입주예정,2023-12,청약홈 분양정보 오픈API
2020001414,울산광역시,,울산중구,우정동,태화강 유블레스 센트럴파크,136,입주예정,2024-08,청약홈 분양정보 오픈API
2020001364,부산광역시,,부산연제구,연산동,연산포레 서희스타힐스,105,입주예정,2024-01,청약홈 분양정보 오픈API
2021000033,인천광역시,,인천중구,,e편한세상 영종국제도시 센텀베뉴,1409,입주예정,2023-03,청약홈 분양정보 오픈API
2021000032,경기도,,양주시,옥정동,양주 옥정 the1 파크빌리지,930,입주예정,2022-12,청약홈 분양정보 오픈API
2020001447,경기도,,평택시,,더샵 지제역 센트럴파크2BL,47,입주예정,2021-03,청약홈 분양정보 오픈API
2021000026,세종특별자치시,,세종시,산울동,세종 리첸시아 파밀리에 H3블록,580,입주예정,2024-01,청약홈 분양정보 오픈API
2021000025,세종특별자치시,,세종시,산울동,세종 리첸시아 파밀리에 H2블록,770,입주예정,2024-01,청약홈 분양정보 오픈API
2021000021,경기도,,가평군,가평읍,가평자이,505,입주예정,2023-08,청약홈 분양정보 오픈API
2021000020,전라남도,,목포시,석현동,목포 한양립스 더 포레,194,입주예정,2023-09,청약홈 분양정보 오픈API
2021000001,대구광역시,,대구수성구,,수성 더팰리스 푸르지오 더샵,1055,입주예정,2023-10,청약홈 분양정보 오픈API
2021000030,전라북도,,순창군,순창읍,순창 남양 휴튼,378,입주예정,2023-01,청약홈 분양정보 오픈API
2021000004,경기도,,가평군,가평읍,e편한세상 가평 퍼스트원,472,입주예정,2023-08,청약홈 분양정보 오픈API
2021000005,충청북도,,증평군,증평읍,증평 대성베르힐리오파크,580,입주예정,2021-02,청약홈 분양정보 오픈API
2020001464,인천광역시,,인천연수구,송도동,송도자이 크리스탈오션,1503,입주예정,2024-06,청약홈 분양정보 오픈API
2020001463,충청남도,,서산시,음암면,동서산영무예다음,122,입주예정,2021-02,청약홈 분양정보 오픈API
2020001445,전라남도,,구례군,구례읍,구례 골든캐슬,49,입주예정,2022-10,청약홈 분양정보 오픈API
2020001462,광주광역시,,광주북구,,운암동 한국아델리움57 에듀힐즈,86,입주예정,2023-07,청약홈 분양정보 오픈API
2020001451,경기도,,의정부시,,의정부 고산 수자인 디에스티지 C4BL,1033,입주예정,2023-05,청약홈 분양정보 오픈API
2020001450,경기도,,의정부시,,의정부 고산 수자인 디에스티지 C3BL,1134,입주예정,2023-05,청약홈 분양정보 오픈API
2020001449,경기도,,의정부시,,의정부 고산 수자인 디에스티지 C1BL,240,입주예정,2023-05,청약홈 분양정보 오픈API
2020001394,인천광역시,,인천연수구,,한화 포레나 인천연수,767,입주예정,2023-09,청약홈 분양정보 오픈API
2020001457,부산광역시,,부산동구,,모티 더베스트빌,37,입주예정,2021-02,청약홈 분양정보 오픈API
2020001454,경상남도,,통영시,용남면,통영 더유엘윈썸,130,입주예정,2022-12,청약홈 분양정보 오픈API
2020001441,경상북도,,포항북구,흥해읍,KTX포항역 삼구 트리니엔,1156,입주예정,2024-07,청약홈 분양정보 오픈API
2020001437,부산광역시,,부산부산진구,범천동,부산범천2 1블록(LH센트럴힐) 공공분양주택,327,입주예정,2024-01,청약홈 분양정보 오픈API
2020001423,경상남도,,창원진해구,,충무동 마린힐즈,44,입주예정,2021-02,청약홈 분양정보 오픈API
2020001415,강원도,,강릉시,,강릉자이 파인베뉴,918,입주예정,2024-01,청약홈 분양정보 오픈API
2020001360,인천광역시,,인천부평구,청천동,e편한세상 부평 그랑힐스,2902,입주예정,2023-10,청약홈 분양정보 오픈API
2020001452,경상북도,,구미시,,구미IC 광신프로그레스,265,입주예정,2022-12,청약홈 분양정보 오픈API
2020001442,경기도,,의정부시,,의정부고산 S3BL 공공분양주택,1331,입주예정,2021-05,청약홈 분양정보 오픈API
2020001399,인천광역시,,인천부평구,청천동,부평 캐슬앤더샵 퍼스트,1140,입주예정,2023-11,청약홈 분양정보 오픈API
2020001391,대구광역시,,대구달서구,,힐스테이트 감삼 센트럴,393,입주예정,2024-06,청약홈 분양정보 오픈API
2020001438,경기도,,고양덕양구,지축동,고양지축 A-2블록 신혼희망타운(공공분양),389,입주예정,2023-07,청약홈 분양정보 오픈API
2020001436,경기,,장항지구,,장항지구 A-5블록 신혼희망타운,444,입주예정,2024-03,청약홈 분양정보 오픈API
2020001431,제주특별자치도,,서귀포시,남원읍,의귀리 국민임대주택,14,입주예정,2021-06,청약홈 분양정보 오픈API
2020001428,경기도,,성남수정구,창곡동,위례자이 더 시티,360,입주예정,2023-03,청약홈 분양정보 오픈API
2020001429,경기도,,부천시,,일신건영휴먼하임,27,입주예정,2022-12,청약홈 분양정보 오픈API
2020001373,경상북도,,안동시,,안동용상 풍림아이원 리버파크,835,입주예정,2023-06,청약홈 분양정보 오픈API
2020001424,충청남도,,아산시,배방읍,한양수자인2차아파트,39,입주예정,2021-01,청약홈 분양정보 오픈API
2020001405,경북,,남옥지구,,흥해 서희스타힐스 더 캐슬,457,입주예정,2023-07,청약홈 분양정보 오픈API
2020001396,경상남도,,밀양시,교동,오성 센트럴아파트,34,입주예정,2021-01,청약홈 분양정보 오픈API
2020001416,충청남도,,아산시,신창면,아산 삼부르네상스 더힐,1016,입주예정,2023-10,청약홈 분양정보 오픈API
2020001407,광주광역시,,광주서구,농성동,더 리미티드,88,입주예정,2024-01,청약홈 분양정보 오픈API
2020001398,경기도,,양주시,회정동,양주회천 A17블록 신혼희망타운(공공분양),506,입주예정,2022-12,청약홈 분양정보 오픈API
2020001395,경상북도,,영천시,,영천 아이존빌 스타,731,입주예정,2021-02,청약홈 분양정보 오픈API
2020001388,경기도,,평택시,고덕면,고덕신도시 EBC-2BL  힐스테이트 고덕 센트럴,660,입주예정,2024-08,청약홈 분양정보 오픈API
2020001386,서울특별시,강동구,,강일동,힐스테이트 리슈빌 강일,809,입주예정,2023-09,청약홈 분양정보 오픈API
2020001385,경기도,,화성시,,화성 봉담2지구 C-1블록 중흥S-클래스,707,입주예정,2024-01,청약홈 분양정보 오픈API
2020001383,경기도,,화성시,,화성 봉담2지구 A-5블록 중흥S-클래스,808,입주예정,2024-01,청약홈 분양정보 오픈API
2020001371,전라남도,,광양시,광영동,가야산 한라비발디 프리미어,332,입주예정,2023-08,청약홈 분양정보 오픈API
2020001345,경상북도,,구미시,산동면,구미 확장단지 중흥S클래스 에듀포레,1555,입주예정,2024-01,청약홈 분양정보 오픈API
2020001382,경기도,,파주시,파주읍,파주연풍 양우내안애 에코하임,40,입주예정,2022-09,청약홈 분양정보 오픈API
2020001380,충청북도,,진천군,덕산읍,충북 진천음성 혁신도시 C3블럭 동일하이빌 파크테라스,1010,입주예정,2024-02,청약홈 분양정보 오픈API
2020001372,충청북도,,단양군,단양읍,e편한세상 단양 리버비스타,396,입주예정,2023-06,청약홈 분양정보 오픈API
2020001363,전라북도,,완주군,삼례읍,완주 삼봉지구 B-3블록 중흥S-클래스 에듀파크,634,입주예정,2024-01,청약홈 분양정보 오픈API
2020001350,대구광역시,,대구중구,,중앙로역 푸르지오 더 센트럴,298,입주예정,2024-07,청약홈 분양정보 오픈API
2020001344,광주광역시,,광주동구,,선교2차 우방아이유쉘 리포레,906,입주예정,2023-09,청약홈 분양정보 오픈API
2020001313,대구광역시,,대구서구,,서대구역 화성파크드림,1049,입주예정,2023-10,청약홈 분양정보 오픈API
2020001287,충청남도,,아산시,탕정면,아산탕정일반산업 D3-2블록 호반써밋,303,입주예정,2023-07,청약홈 분양정보 오픈API
2020001286,충청남도,,아산시,탕정면,아산탕정일반산업 D3-1블록 호반써밋,489,입주예정,2023-07,청약홈 분양정보 오픈API
2020001285,충청남도,,아산시,탕정면,아산탕정일반산업 D1-2블록 호반써밋,817,입주예정,2023-07,청약홈 분양정보 오픈API
2020001283,충청남도,,아산시,탕정면,아산탕정일반산업 D1-1블록 호반써밋,756,입주예정,2023-07,청약홈 분양정보 오픈API
2020001282,충청남도,,아산시,탕정면,아산탕정일반산업 D2-1블록 호반써밋,662,입주예정,2023-07,청약홈 분양정보 오픈API
2020001316,대구광역시,,대구중구,,동성로 SK Leaders' VIEW,335,입주예정,2024-09,청약홈 분양정보 오픈API
2020001359,충청남도,,금산군,금산읍,e편한세상 금산 프라임포레,597,입주예정,2023-01,청약홈 분양정보 오픈API
2020001260,충청남도,,계룡시,두마면,계룡대실지구 2블록 공공분양주택,600,입주예정,2021-11,청약홈 분양정보 오픈API
2020001335,전라북도,,완주군,용진읍,완주복합행정타운 모아미래도 센트럴시티 1차,879,입주예정,2023-02,청약홈 분양정보 오픈API
2020001301,전라남도,,여수시,광무동,여수 한국아델리움 오션프랑,274,입주예정,2023-11,청약홈 분양정보 오픈API
2020001323,광주광역시,,광주광산구,,힐스테이트 첨단,315,입주예정,2024-04,청약홈 분양정보 오픈API
2020001305,부산광역시,,부산사하구,장림1동,두산위브더제니스 센트럴 사하,1301,입주예정,2024-09,청약홈 분양정보 오픈API
2020001162,경기도,,부천시,원종동,원종동 승윤노블리안 아파트,56,입주예정,2022-02,청약홈 분양정보 오픈API
2020001366,서울특별시,중랑구,,,서울양원 S1BL 행복주택,924,입주예정,2022-02,청약홈 분양정보 오픈API
2020001358,서울특별시,강남구,,,수서역세권A-3BL 행복주택,199,입주예정,2023-01,청약홈 분양정보 오픈API
2020001357,서울특별시,강남구,,자곡동,수서역세권A-1BL 행복주택,830,입주예정,2023-01,청약홈 분양정보 오픈API
2020001306,경기도,,화성시,,화성남양 시티프라디움 4차,556,입주예정,2023-04,청약홈 분양정보 오픈API
2020001238,전라북도,,익산시,동산동,익산 수도산 광신프로그레스,345,입주예정,2022-12,청약홈 분양정보 오픈API
2020001331,경상북도,,포항남구,오천읍,힐스테이트포항,817,입주예정,2023-01,청약홈 분양정보 오픈API
2020001324,경기도,,군포시,당동,DS 더 웰가,42,입주예정,2021-01,청약홈 분양정보 오픈API
2020001321,경상북도,,포항북구,,포항 양학 신원아침도시 퀘렌시아,104,입주예정,2023-07,청약홈 분양정보 오픈API
2020001319,경상북도,,경산시,중산동,중산자이 2단지,309,입주예정,2023-11,청약홈 분양정보 오픈API
2020001318,경상북도,,경산시,중산동,중산자이 1단지,1144,입주예정,2023-11,청약홈 분양정보 오픈API
2020001315,경기도,,양평군,용문면,양평 다문지구 반도유보라 아이비파크,740,입주예정,2023-07,청약홈 분양정보 오픈API
2020001304,경기도,,오산시,원동,오산 롯데캐슬 스카이파크,2339,입주예정,2024-01,청약홈 분양정보 오픈API
2020001295,전라남도,,목포시,,하당 제일풍경채 센트럴퍼스트,404,입주예정,2023-06,청약홈 분양정보 오픈API
2020001292,서울특별시,중랑구,,신내동,망우역 신원아침도시,99,입주예정,2023-03,청약홈 분양정보 오픈API
2020001127,충청북도,,진천군,진천읍,진천 교성지구 풍림아이원 트리니티,2450,입주예정,2023-10,청약홈 분양정보 오픈API
2020001245,전라남도,,완도군,완도읍,쌍용 더 플래티넘 완도,192,입주예정,2023-11,청약홈 분양정보 오픈API
2020001242,경기도,,화성시,남양읍,화성시청역 서희스타힐스 4차 숲속마을,550,입주예정,2023-08,청약홈 분양정보 오픈API
2020001284,경상북도,,경주시,용강동,경주 뉴센트로 에일린의 뜰,795,입주예정,2023-06,청약홈 분양정보 오픈API
2020001255,부산광역시,,부산수영구,남천동,힐스테이트 남천역 더퍼스트,217,입주예정,2023-12,청약홈 분양정보 오픈API
2020001184,경기도,,여주시,교동,여주역 휴먼빌,640,입주예정,2023-05,청약홈 분양정보 오픈API
2020001299,서울특별시,송파구,,거여동,SH 위례지구 A1-5BL 공공분양,1282,입주예정,2021-08,청약홈 분양정보 오픈API
2020001298,서울특별시,송파구,,거여동,SH 위례지구 A1-12BL 공공분양,394,입주예정,2021-08,청약홈 분양정보 오픈API
2020001264,충청북도,,영동군,영동읍,카이저 아파트,74,입주예정,2020-12,청약홈 분양정보 오픈API
2020001252,대전광역시,,대전중구,선화동,대전 하늘채 스카이앤,998,입주예정,2024-07,청약홈 분양정보 오픈API
2020001276,경기도,,안성시,공도읍,쌍용 더 플래티넘 프리미어,1696,입주예정,2023-12,청약홈 분양정보 오픈API
2020001257,대구광역시,,대구북구,침산동,더샵 프리미엘,300,입주예정,2024-09,청약홈 분양정보 오픈API
2020001236,부산광역시,,부산해운대구,,부산해운대1단지(50년공임)예비,60,입주예정,2021-03,청약홈 분양정보 오픈API
2020001105,경상북도,,성주군,성주읍,성주 스위트엠 엘크루,286,입주예정,2023-03,청약홈 분양정보 오픈API
2020001265,대구광역시,,대구달성군,유가읍,대구테크노폴리스 예미지 더 센트럴,894,입주예정,2023-11,청약홈 분양정보 오픈API
2020001256,강원도,,원주시,B-2블럭(태장동,원주태장2지구 B-2 대원칸타빌,907,입주예정,2023-07,청약홈 분양정보 오픈API
2020001136,대구광역시,,대구중구,,해링턴 플레이스 반월당2차,419,입주예정,2024-08,청약홈 분양정보 오픈API
2020001263,광주광역시,,광주광산구,,광주운남1단지,100,입주예정,2021-02,청약홈 분양정보 오픈API
2020001280,강원도,,원주시,,원주태장2블록 행복주택 추가(예비)입주자 모집,290,입주예정,2021-12,청약홈 분양정보 오픈API
2020001197,경기도,,화성시,반정동,반정 아이파크 캐슬 4단지,986,입주예정,2022-12,청약홈 분양정보 오픈API
2020001095,경기도,,화성시,,반정 아이파크 캐슬 5단지,1378,입주예정,2022-12,청약홈 분양정보 오픈API
2020001247,전라남도,,광양시,광양읍,광양 세미존서희스타힐스,186,입주예정,2023-06,청약홈 분양정보 오픈API
2020001125,경기도,,여주시,천송동,여주 서해 스카이팰리스,174,입주예정,2024-02,청약홈 분양정보 오픈API
2020001222,충청남도,,공주시,,충남 공주신금 우남퍼스트빌,38,입주예정,2020-12,청약홈 분양정보 오픈API
2020001246,대구광역시,,대구동구,신암동,동대구 더 센트로 데시앙,860,입주예정,2023-09,청약홈 분양정보 오픈API
2020001193,경기도,,김포시,통진읍,김포마송지구 대방엘리움 더퍼스트,841,입주예정,2023-04,청약홈 분양정보 오픈API
2020001169,경기도,,의정부시,의정부동,의정부역 푸르지오 더 센트럴,207,입주예정,2023-08,청약홈 분양정보 오픈API
2020001155,충청남도,,당진시,,당진 센트레빌 르네블루,1147,입주예정,2023-09,청약홈 분양정보 오픈API
2020001227,전라북도,,남원시,,남원 오투그란데 퍼스트시티,449,입주예정,2023-02,청약홈 분양정보 오픈API
2020001224,부산광역시,,부산남구,문현동,국제금융센터 퀸즈W,256,입주예정,2023-10,청약홈 분양정보 오픈API
2020001216,전라북도,,군산시,옥서면,드림빌,96,입주예정,2020-11,청약홈 분양정보 오픈API
2020001190,서울특별시,강북구,,,수유동 북한산 스카이뷰 아파트,55,입주예정,2020-12,청약홈 분양정보 오픈API
2020001212,전라북도,,완주군,삼례읍,완주 삼봉지구 우미린 에코포레,818,입주예정,2022-12,청약홈 분양정보 오픈API
2020001209,경상남도,,김해시,신문동,대청천 경동리인 뷰,877,입주예정,2023-10,청약홈 분양정보 오픈API
2020001206,경상남도,,김해시,주촌면,김해 주촌 일동미라주 더 네스트,284,입주예정,2023-03,청약홈 분양정보 오픈API
2020001164,세종특별자치시,,세종시,고운동,행정중심복합도시 1-1생활권 M8블럭 세종 한림풀에버,458,입주예정,2023-09,청약홈 분양정보 오픈API
2020001194,경기도,,평택시,칠원동,평택 동문 굿모닝힐 맘시티 2차,1134,입주예정,2021-08,청약홈 분양정보 오픈API
2020001192,경상북도,,구미시,,구미 아이파크 더샵,1314,입주예정,2023-11,청약홈 분양정보 오픈API
2020001182,경기도,,과천시,,과천 르센토 데시앙,584,입주예정,2023-04,청약홈 분양정보 오픈API
2020001181,경기도,,과천시,,과천 푸르지오 어울림 라비엔오,679,입주예정,2021-12,청약홈 분양정보 오픈API
2020001180,경기도,,과천시,,과천 푸르지오 오르투스,435,입주예정,2023-06,청약홈 분양정보 오픈API
2020001165,경기도,,하남시,,감일 푸르지오 마크베르,496,입주예정,2023-06,청약홈 분양정보 오픈API
2020001154,경상남도,,김해시,삼계동,삼계 삼정그린코아 더베스트,245,입주예정,2023-07,청약홈 분양정보 오픈API
2020001126,충청남도,,아산시,,아산칸타빌센트럴시티,299,입주예정,2024-03,청약홈 분양정보 오픈API
2020001163,대구광역시,,대구수성구,중동,수성 센트럴 화성파크드림,156,입주예정,2023-08,청약홈 분양정보 오픈API
2020001153,전라북도,,익산시,팔봉동,익산 이지움 더 테라스 아트리체,192,입주예정,2022-07,청약홈 분양정보 오픈API
2020001140,경기도,,수원영통구,,영통 롯데캐슬 엘클래스 2블록,609,입주예정,2022-12,청약홈 분양정보 오픈API
2020001139,경기도,,수원영통구,,영통 롯데캐슬 엘클래스 1블록,642,입주예정,2022-12,청약홈 분양정보 오픈API
2020001118,부산광역시,,부산부산진구,,서면 비스타동원,210,입주예정,2023-09,청약홈 분양정보 오픈API
2020001092,경기도,,파주시,,운정신도시 제일풍경채 그랑퍼스트,1926,입주예정,2024-01,청약홈 분양정보 오픈API
2020000820,경기도,,고양덕양구,토당동,대곡역 롯데캐슬 엘클라씨,254,입주예정,2022-12,청약홈 분양정보 오픈API
2020001183,경기도,,남양주시,별내동,별내자이 더 스타 아파트,740,입주예정,2023-12,청약홈 분양정보 오픈API
2020001168,전라남도,,순천시,조곡동,e편한세상 순천 어반타워,632,입주예정,2023-02,청약홈 분양정보 오픈API
2020001167,전라북도,,익산시,모현동,모현 이지움,207,입주예정,2022-12,청약홈 분양정보 오픈API
2020001166,경기도,,안양시,박달동,안양리버자이르네,139,입주예정,2022-11,청약홈 분양정보 오픈API
2020001135,경기도,,시흥시,거모동,군자 서희스타힐스,353,입주예정,2023-08,청약홈 분양정보 오픈API
2020001161,경기도,,여주시,교동,여주역 우남퍼스트빌,602,입주예정,2023-04,청약홈 분양정보 오픈API
2020001148,제주특별자치도,,제주시,노형동,노형 벨라시티,96,입주예정,2022-11,청약홈 분양정보 오픈API
2020001134,충청남도,,당진시,수청동,당진수청2 RH2 호반써밋,998,입주예정,2023-03,청약홈 분양정보 오픈API
2020001128,부산광역시,,부산금정구,,청룡동 더리체,49,입주예정,2021-11,청약홈 분양정보 오픈API
2020001157,경기도,,하남시,학암동,위례 A3-3a블록 공공분양,336,입주예정,2023-06,청약홈 분양정보 오픈API
2020001124,서울특별시,서초구,,41-3일원(서초동,서초자이르네,35,입주예정,2022-08,청약홈 분양정보 오픈API
2020000877,서울특별시,강동구,,상일동,고덕 아르테스 미소지움,37,입주예정,2022-02,청약홈 분양정보 오픈API
2020001137,대전광역시,,대전유성구,,갑천1 트리풀시티 힐스테이트,1116,입주예정,2023-10,청약홈 분양정보 오픈API
2020001106,경기도,,양평군,양평읍,까뮤 이스테이트 양평 타운하우스,233,입주예정,2022-02,청약홈 분양정보 오픈API
2020000966,경기도,,부천시,소사본동,부천 소사 현진에버빌,170,입주예정,2022-12,청약홈 분양정보 오픈API
2020001110,경기도,,화성시,능동,화성능동 B-1블록 신혼희망타운(공공분양),298,입주예정,2023-06,청약홈 분양정보 오픈API
2020001109,경기도,,의정부시,,대가트라움(의정부),64,입주예정,2020-11,청약홈 분양정보 오픈API
2020001111,대구광역시,,대구중구,,대구 동인동 센트럴 대원칸타빌,410,입주예정,2024-06,청약홈 분양정보 오픈API
2020001087,울산광역시,,울산남구,신정동,문수로대공원 에일린의 뜰,99,입주예정,2023-04,청약홈 분양정보 오픈API
2020001073,경기도,,화성시,남양읍,e편한세상 남양뉴타운,604,입주예정,2022-11,청약홈 분양정보 오픈API
2020001047,경상남도,,양산시,,양산 덕계 경동스마트홈,177,입주예정,2020-11,청약홈 분양정보 오픈API
2020001027,대전광역시,,대전유성구,용산동,대전 용산지구 1BL 호반써밋 그랜드파크,1059,입주예정,2023-04,청약홈 분양정보 오픈API
2020001075,전라남도,,순천시,저전동,저전동 오네뜨 트윈시티,88,입주예정,2022-08,청약홈 분양정보 오픈API
2020001023,대전광역시,,대전유성구,용산동,대전 용산지구 3BL 호반써밋 그랜드파크,688,입주예정,2023-04,청약홈 분양정보 오픈API
2020001077,경상북도,,칠곡군,북삼읍,칠곡북삼 서희스타힐스 더퍼스트,54,입주예정,2020-10,청약홈 분양정보 오픈API
2020001074,전라북도,,완주군,삼례읍,완주 푸르지오 더 퍼스트,605,입주예정,2022-11,청약홈 분양정보 오픈API
2020001079,울산광역시,,울산중구,복산동,번영로 센트리지,1655,입주예정,2023-09,청약홈 분양정보 오픈API
2020001065,충청남도,,천안동남구,,천안 신방 삼부르네상스,830,입주예정,2023-05,청약홈 분양정보 오픈API
2020001064,경상북도,,구미시,,성원 상떼빌,60,입주예정,2020-10,청약홈 분양정보 오픈API
2020000913,부산광역시,,부산연제구,거제동,레이카운티,2759,입주예정,2023-11,청약홈 분양정보 오픈API
2020001078,경기도,,양평군,양평읍,포레나 양평,438,입주예정,2023-01,청약홈 분양정보 오픈API
2020001053,경기도,,안양동안구,비산동,비산 한신더휴,110,입주예정,2023-05,청약홈 분양정보 오픈API
2020001049,충청남도,,예산군,삽교읍,충남내포신도시1차 대방 엘리움 더 퍼스티지(RM9블록),868,입주예정,2023-01,청약홈 분양정보 오픈API
2020001029,경기도,,의정부시,의정부동,의정부역 스카이자이,393,입주예정,2024-08,청약홈 분양정보 오픈API
2020001022,경기도,,파주시,와동동,운정 아이파크 더 테라스,186,입주예정,2022-07,청약홈 분양정보 오픈API
2020001050,경기도,,광주시,삼동,힐스테이트 삼동역,565,입주예정,2023-05,청약홈 분양정보 오픈API
2020001043,대구광역시,,대구수성구,중동,수성 푸르지오 리버센트,714,입주예정,2023-10,청약홈 분양정보 오픈API
2020001041,경기도,,수원영통구,원천동,영흥공원 푸르지오 파크비엔,1509,입주예정,2023-06,청약홈 분양정보 오픈API
2020001030,경기도,,평택시,,고덕신도시 A42BL 제일풍경채3차 센텀,820,입주예정,2023-03,청약홈 분양정보 오픈API
2020000995,광주광역시,,광주북구,,금남로 중흥S-클래스&두산위브더제니스,1779,입주예정,2024-02,청약홈 분양정보 오픈API
2020001031,서울특별시,동대문구,,장안동,장안에스아이팰리스,99,입주예정,2021-01,청약홈 분양정보 오픈API
2020001021,충청북도,,충주시,호암동,충주호암 A-1BL 공공분양주택,637,입주예정,2021-09,청약홈 분양정보 오픈API
2020001000,경기도,,가평군,,가평 센트럴파크 더 스카이,168,입주예정,2022-08,청약홈 분양정보 오픈API
2020000985,부산광역시,,부산사하구,괴정동,괴정신동아파밀리에,31,입주예정,2020-10,청약홈 분양정보 오픈API
2020001007,경상남도,,남해군,남해읍,남해스타펠레스,84,입주예정,2020-10,청약홈 분양정보 오픈API
2020001012,대구광역시,,대구서구,원대동,서대구센트럴자이,1071,입주예정,2023-08,청약홈 분양정보 오픈API
2020001003,울산광역시,,울산남구,,문수로 드림파크,246,입주예정,2022-02,청약홈 분양정보 오픈API
2020001006,강원도,,강릉시,포남동,KTX강릉역 동도센트리움,176,입주예정,2023-01,청약홈 분양정보 오픈API
2020001008,전라남도,,순천시,서면,포레나 순천,613,입주예정,2023-01,청약홈 분양정보 오픈API
2020001002,충청남도,,천안동남구,청당동,행정타운 센트럴 두산위브,655,입주예정,2023-02,청약홈 분양정보 오픈API
2020000987,충남,,공주시,금흥동,공주 월송지구 B-1BL 지평더웰,376,입주예정,2022-12,청약홈 분양정보 오픈API
2020000982,경기도,,양주시,옥정동,양주옥정신도시 3차 노블랜드 에듀포레,1086,입주예정,2023-05,청약홈 분양정보 오픈API
2020000967,경기도,,양주시,덕계동,양주회천 덕계역 대광로제비앙(A-19),424,입주예정,2023-04,청약홈 분양정보 오픈API
2020001004,경상북도,,경산시,하양읍,경산하양 금호어울림,626,입주예정,2023-01,청약홈 분양정보 오픈API
2020000997,대구광역시,,대구수성구,,더샵 수성라크에르,214,입주예정,2023-05,청약홈 분양정보 오픈API
2020000996,경기도,,김포시,통진읍,e편한세상 김포 어반베뉴,544,입주예정,2022-09,청약홈 분양정보 오픈API
2020000922,서울특별시,양천구,,신월2동,신목동 파라곤,153,입주예정,2023-02,청약홈 분양정보 오픈API
2020001001,경기도,,평택시,고덕면,고덕신도시 EBC-1BL 힐스테이트 고덕 스카이시티,665,입주예정,2024-05,청약홈 분양정보 오픈API
2020000983,경기도,,화성시,반월동,신동탄 롯데캐슬 나노시티,999,입주예정,2022-11,청약홈 분양정보 오픈API
2020001010,경기도,,성남수정구,창곡동,성남위례 A2-15블록 지역전략산업 및 창업지원주택),470,입주예정,2021-01,청약홈 분양정보 오픈API
2020000879,대구광역시,,대구달성군,화원읍,화원신일해피트리꿈의숲,192,입주예정,2022-08,청약홈 분양정보 오픈API
2020000968,경기도,,시흥시,,시화MTV 공동3 호반써밋 더 프라임,826,입주예정,2023-02,청약홈 분양정보 오픈API
2020000859,경기도,,남양주시,,다산 자연앤이편한세상3차 10년공공임대 예비,75,입주예정,2020-10,청약홈 분양정보 오픈API
2020000986,광주광역시,,광주광산구,,하남2지구 다사로움1단지,354,입주예정,2020-11,청약홈 분양정보 오픈API
2020000931,서울특별시,강동구,,천호동,힐데스하임 천호,101,입주예정,2022-07,청약홈 분양정보 오픈API
2020000863,대구광역시,,대구남구,,대봉교역 태왕아너스,289,입주예정,2023-03,청약홈 분양정보 오픈API
2020000806,울산광역시,,울산남구,,더샵 번영센트로,311,입주예정,2023-06,청약홈 분양정보 오픈API
2020000947,광주광역시,,광주동구,산수동,무등산 명지 로드힐,270,입주예정,2021-05,청약홈 분양정보 오픈API
2020000918,부산광역시,,부산연제구,연산동,연제 SK VIEW Central,61,입주예정,2023-07,청약홈 분양정보 오픈API
2020000942,서울특별시,은평구,,수색동,DMC아트포레자이,307,입주예정,2023-02,청약홈 분양정보 오픈API
2020000928,서울특별시,은평구,,증산동,DMC센트럴자이,463,입주예정,2022-03,청약홈 분양정보 오픈API
2020000926,서울특별시,은평구,,수색동,DMC파인시티자이,453,입주예정,2023-07,청약홈 분양정보 오픈API
2020000914,충청남도,,예산군,삽교읍,내포신도시 EG the1 2차 공동주택 신축사업,817,입주예정,2022-09,청약홈 분양정보 오픈API
2020000899,서울특별시,은평구,,,DMC SK VIEW 아이파크포레,183,입주예정,2023-07,청약홈 분양정보 오픈API
2020000929,대구광역시,,대구북구,,대구오페라스위첸,854,입주예정,2024-04,청약홈 분양정보 오픈API
2020000915,대구광역시,,대구중구,,청라힐 지웰 더 센트로,159,입주예정,2023-10,청약홈 분양정보 오픈API
2020000912,부산광역시,,부산영도구,동삼동,오션라이프 에일린의 뜰 2단지,434,입주예정,2023-06,청약홈 분양정보 오픈API
2020000911,부산광역시,,부산영도구,,오션라이프 에일린의 뜰 1단지,498,입주예정,2023-06,청약홈 분양정보 오픈API
2020000910,대구광역시,,대구동구,신암동,동대구역 화성파크드림,731,입주예정,2023-06,청약홈 분양정보 오픈API
2020000909,대구광역시,,대구달서구,감삼동,해링턴 플레이스 감삼Ⅱ(2차),200,입주예정,2024-05,청약홈 분양정보 오픈API
2020000901,서울특별시,강동구,,성내동,힐스테이트 천호역 젠트리스,160,입주예정,2024-03,청약홈 분양정보 오픈API
2020000869,충청남도,,서산시,예천동,서산 푸르지오 더 센트럴,861,입주예정,2022-12,청약홈 분양정보 오픈API
2020000842,충청남도,,천안서북구,성성동,천안 푸르지오 레이크사이드,1023,입주예정,2023-05,청약홈 분양정보 오픈API
2020000925,대구광역시,,대구서구,,서대구역 서한이다음 더 퍼스트,597,입주예정,2023-04,청약홈 분양정보 오픈API
2020000907,전라남도,,광양시,마동,광양 동문굿모닝힐 맘시티,1114,입주예정,2023-01,청약홈 분양정보 오픈API
2020000886,서울특별시,광진구,,자양동,롯데캐슬 리버파크 시그니처(자양),482,입주예정,2023-07,청약홈 분양정보 오픈API
2020000883,대구광역시,,대구달서구,두류동,빌리브 파크뷰,92,입주예정,2023-06,청약홈 분양정보 오픈API
2020000867,경기도,,평택시,용이동,e편한세상 비전 센터포레,583,입주예정,2022-09,청약홈 분양정보 오픈API
2020000857,강원도,,속초시,,속초 롯데캐슬 인더스카이,568,입주예정,2023-02,청약홈 분양정보 오픈API
2020000844,서울특별시,중랑구,,면목동,용마산 모아엘가 파크포레,159,입주예정,2023-01,청약홈 분양정보 오픈API
2020000749,서울특별시,강남구,,대치동,대치 푸르지오 써밋,106,입주예정,2023-05,청약홈 분양정보 오픈API
2020000878,경상북도,,경산시,,경산 서희스타힐스,260,입주예정,2023-06,청약홈 분양정보 오픈API
2020000852,서울특별시,강동구,,천호동,강동 밀레니얼 중흥S-클래스,626,입주예정,2024-09,청약홈 분양정보 오픈API
2020000850,경기도,,하남시,,하남감일스윗시티 B1블록 공공분양주택,210,입주예정,2021-05,청약홈 분양정보 오픈API
2020000884,대구광역시,,대구동구,신천4동,더샵 디어엘로,760,입주예정,2024-04,청약홈 분양정보 오픈API
2020000900,경기도,,시흥시,공동,시화 MTV 파라곤,656,입주예정,2023-02,청약홈 분양정보 오픈API
2020000894,부산광역시,,부산남구,,대연 푸르지오 클라센트,592,입주예정,2023-09,청약홈 분양정보 오픈API
2020000892,경상남도,,밀양시,내이동,e편한세상 밀양 나노밸리,560,입주예정,2022-11,청약홈 분양정보 오픈API
2020000891,대구광역시,,대구중구,,달성 파크 푸르지오 힐스테이트,1011,입주예정,2023-06,청약홈 분양정보 오픈API
2020000890,대구광역시,,대구달서구,감삼동,죽전역 코아루 더리브,274,입주예정,2023-11,청약홈 분양정보 오픈API
2020000888,경기도,,구리시,인창동,구리 인창 대원 칸타빌,375,입주예정,2023-02,청약홈 분양정보 오픈API
2020000893,대구광역시,,대구북구,,대구 태전역 광신프로그레스,252,입주예정,2023-05,청약홈 분양정보 오픈API
2020000889,울산광역시,,울산북구,중산동,오토밸리 한양립스 포레스트,149,입주예정,2022-12,청약홈 분양정보 오픈API
2020000885,경기,,시흥시,정왕동,시흥 금강펜테리움 오션베이(시화MTV 공동4블럭),930,입주예정,2023-02,청약홈 분양정보 오픈API
2020000872,대구광역시,,대구동구,,해링턴 플레이스 동대구,740,입주예정,2023-07,청약홈 분양정보 오픈API
2020000839,부산광역시,,부산연제구,,시청역 삼정그린코아 포레스트,61,입주예정,2023-01,청약홈 분양정보 오픈API
2020000870,부산광역시,,부산수영구,광안동,광안경동리인,95,입주예정,2022-02,청약홈 분양정보 오픈API
2020000848,울산광역시,,울산남구,,울산대현 시티프라디움,216,입주예정,2022-11,청약홈 분양정보 오픈API
2020000827,경기도,,성남수정구,,산성역 자이 푸르지오(성남),1718,입주예정,2023-10,청약홈 분양정보 오픈API
2020000882,경상남도,,김해시,,무계서희스타힐스,38,입주예정,2020-08,청약홈 분양정보 오픈API
2020000875,경기도,,양근지구,,양평 휴먼빌 센트럴 시티,248,입주예정,2023-03,청약홈 분양정보 오픈API
2020000874,경기도,,양평군,양평읍,양평 휴먼빌 리버파크어반,420,입주예정,2023-03,청약홈 분양정보 오픈API
2020000871,대구광역시,,대구동구,효목동,동대구2차 비스타동원,405,입주예정,2023-03,청약홈 분양정보 오픈API
2020000866,인천광역시,,인천중구,중산동,영종국제도시 동원로얄듀크(A31BL),412,입주예정,2022-10,청약홈 분양정보 오픈API
2020000865,경기도,,평택시,고덕면,고덕신도시 A41BL 제일풍경채2차,877,입주예정,2023-02,청약홈 분양정보 오픈API
2020000849,경기도,,수원영통구,망포동,영통 아이파크 캐슬 3단지,664,입주예정,2022-09,청약홈 분양정보 오픈API
2020000835,인천광역시,,인천부평구,,브라운스톤 부평,439,입주예정,2023-01,청약홈 분양정보 오픈API
2020000759,경기도,,광주시,초월읍,광주 초월역 한라비발디,1108,입주예정,2023-04,청약홈 분양정보 오픈API
2020000843,경상북도,,문경시,문경읍,문경역 지엘리베라움 더 퍼스트,116,입주예정,2022-05,청약홈 분양정보 오픈API
2020000840,인천광역시,,인천미추홀구,도화동,주안역 미추홀 더리브,345,입주예정,2023-09,청약홈 분양정보 오픈API
2020000761,경기도,,평택시,현덕면,이안 평택 안중역 아파트,275,입주예정,2023-03,청약홈 분양정보 오픈API
2020000873,경상남도,,진주시,정촌면,진주정촌올리움,390,입주예정,2020-10,청약홈 분양정보 오픈API
2020000615,경기도,,용인기흥구,영덕동,기흥 푸르지오 포레피스,677,입주예정,2023-05,청약홈 분양정보 오픈API
2020000829,부산광역시,,부산금정구,,"명륜2차, 사직롯데캐슬, 해운대자이2차",140,입주예정,2020-11,청약홈 분양정보 오픈API
2020000861,경기도,,고양덕양구,,고양지축 S-1블록 영구임대주택,632,입주예정,2021-10,청약홈 분양정보 오픈API
2020000831,부산광역시,,부산금정구,,청룡동 오펠리움,114,입주예정,2022-05,청약홈 분양정보 오픈API
2020000851,경상남도,,김해시,안동,김해 푸르지오 하이엔드,1400,입주예정,2023-08,청약홈 분양정보 오픈API
2020000847,충청남도,,천안동남구,청수동,청수행정타운 금호어울림,267,입주예정,2023-01,청약홈 분양정보 오픈API
2020000822,대구광역시,,대구달서구,,죽전역 태왕아너스,230,입주예정,2024-01,청약홈 분양정보 오픈API
2020000783,인천광역시,,인천미추홀구,,인천용현 경남아너스빌,49,입주예정,2023-03,청약홈 분양정보 오픈API
2020000779,대구광역시,,대구동구,신암동,동대구 해모로 스퀘어 웨스트,701,입주예정,2023-04,청약홈 분양정보 오픈API
2020000841,부산광역시,,부산사상구,괘법동,사상역 봄여름가을겨울,150,입주예정,2023-02,청약홈 분양정보 오픈API
2020000819,서울특별시,노원구,,,노원 롯데캐슬 시그니처,721,입주예정,2023-06,청약홈 분양정보 오픈API
2020000767,서울특별시,강남구,,개포1동,디에이치 퍼스티어 아이파크,1235,입주예정,2024-01,청약홈 분양정보 오픈API
2020000858,부산광역시,,부산기장군,정관읍,가화만사성 정관타운,203,입주예정,2020-08,청약홈 분양정보 오픈API
2020000830,충청북도,,진천군,덕산읍,충북혁신도시 B3-1BL 10년공공임대,1034,입주예정,2020-09,청약홈 분양정보 오픈API
2020000804,울산광역시,,울산중구,,태화강 유보라 팰라티움,122,입주예정,2023-10,청약홈 분양정보 오픈API
2020000784,전라북도,,정읍시,,정읍첨단 A1-1블록 국민임대주택,378,입주예정,2021-02,청약홈 분양정보 오픈API
2020000828,경기도,,남양주시,진접읍,남양주시 진접3지구 삼부르네상스 더퍼스트,348,입주예정,2022-09,청약홈 분양정보 오픈API
2020000813,경기도,,과천시,,과천 푸르지오 벨라르테,504,입주예정,2022-10,청약홈 분양정보 오픈API
2020000823,제주특별자치도,,제주시,노형동,노형 벽강하이본타워 7차,79,입주예정,2021-01,청약홈 분양정보 오픈API
2020000817,대구광역시,,대구동구,율암동,대구 안심2차 시티프라디움,191,입주예정,2022-09,청약홈 분양정보 오픈API
2020000807,서울특별시,성북구,,길음동,길음역 롯데캐슬 트윈골드,218,입주예정,2024-04,청약홈 분양정보 오픈API
2020000802,경상북도,,경산시,,경산 사동 팰리스 부영2단지,1028,입주예정,2020-08,청약홈 분양정보 오픈API
2020000778,부산광역시,,부산남구,감만동,감만 우성스마트 시티 뷰,224,입주예정,2023-04,청약홈 분양정보 오픈API
2020000775,대구광역시,,대구서구,평리동,서대구역 반도유보라 센텀,1226,입주예정,2023-10,청약홈 분양정보 오픈API
2020000766,충청남도,,당진시,수청동,당진수청2 RH1 호반써밋,1084,입주예정,2022-12,청약홈 분양정보 오픈API
2020000758,경기도,,광주시,초월읍,쌍용 더 플래티넘 광주,147,입주예정,2022-02,청약홈 분양정보 오픈API
2020000753,경기도,,용인처인구,양지면,용인 세영리첼,225,입주예정,2023-01,청약홈 분양정보 오픈API
2020000743,대구광역시,,대구중구,,엑소디움 센트럴 동인,362,입주예정,2022-12,청약홈 분양정보 오픈API
2020000686,경기도,,고양덕양구,,행신 파밀리에 트라이하이,58,입주예정,2022-03,청약홈 분양정보 오픈API
2020000192,경기도,,부천시,,승윤 노블리안 아파트,33,입주예정,2020-09,청약홈 분양정보 오픈API
2020000809,인천광역시,,인천중구,운남동,운서2차 SK VIEW Skycity A7블럭,909,입주예정,2022-08,청약홈 분양정보 오픈API
2020000805,부산광역시,,부산북구,,부산만덕5지구 1블록 공공분양주택 해약세대 추가입주자 모집,1,입주예정,2020-09,청약홈 분양정보 오픈API
2020000801,경상남도,,양산시,물금읍,양산물금 브라운스톤,206,입주예정,2022-06,청약홈 분양정보 오픈API
2020000789,광주광역시,,광주북구,,광주동림2단지,36,입주예정,2020-09,청약홈 분양정보 오픈API
2020000756,대구광역시,,대구동구,,동대구 동화아이위시,144,입주예정,2023-12,청약홈 분양정보 오픈API
2020000833,광주광역시,,광주광산구,,하남2지구 다사로움1단지,354,입주예정,2020-11,청약홈 분양정보 오픈API
2020000821,인천광역시,,인천연수구,,더샵 송도 그린워크3차(D17-1블록) 외국인임대 분양전환 APT,40,입주예정,2020-08,청약홈 분양정보 오픈API
2020000825,경기도,,남양주시,,남양주별내 A25BL 신혼희망타운,1,입주예정,2022-04,청약홈 분양정보 오픈API
2020000733,경기도,,평택시,고덕면,평택고덕 A-39블록 공공분양,811,입주예정,2022-11,청약홈 분양정보 오픈API
2020000811,강원도,,원주시,,원주태장2블록 행복주택,259,입주예정,2021-12,청약홈 분양정보 오픈API
2020000808,전라남도,,목포시,,목포용해5(목포법원) 행복주택 입주자모집,400,입주예정,2021-11,청약홈 분양정보 오픈API
2020000800,경기도,,동두천시,송내동,동두천송내 S1BL 행복주택,260,입주예정,2021-07,청약홈 분양정보 오픈API
2020000799,경기도,,하남시,학암동,위례 A3-3bBL 신혼희망타운 행복주택,167,입주예정,2021-09,청약홈 분양정보 오픈API
2020000787,경상남도,,진주시,,진주옥봉 A-1BL 행복주택,500,입주예정,2021-09,청약홈 분양정보 오픈API
2020000786,대구광역시,,대구북구,읍내동,대구읍내 행복주택,252,입주예정,2021-11,청약홈 분양정보 오픈API
2020000785,대구광역시,,대구북구,,대구복현 행복주택,197,입주예정,2021-04,청약홈 분양정보 오픈API
2020000776,충청남도,,계룡시,두마면,계룡 한라비발디 더 센트럴,905,입주예정,2023-03,청약홈 분양정보 오픈API
2020000774,서울특별시,구로구,,,2020년도 1차 행복주택 입주자모집,2963,입주예정,2020-12,청약홈 분양정보 오픈API
2020000773,경기도,,고양덕양구,,고양삼송 A11-2블록 행복주택 입주자 모집,777,입주예정,2022-03,청약홈 분양정보 오픈API
2020000772,경기도,,고양덕양구,,고양지축 A-4블록 행복주택,473,입주예정,2021-08,청약홈 분양정보 오픈API
2020000768,서울특별시,중랑구,,,서울 양원 S2BL 행복주택,134,입주예정,2022-01,청약홈 분양정보 오픈API
2020000760,부산광역시,,부산강서구,,부산명지 행복주택,284,입주예정,2021-01,청약홈 분양정보 오픈API
2020000755,세종특별자치시,,세종시,금남면,행정중심복합도시 4-2M3블록 신혼희망타운,16,입주예정,2022-08,청약홈 분양정보 오픈API
2020000750,인천광역시,,인천미추홀구,주안동,주안파크자이 더 플래티넘,1327,입주예정,2023-02,청약홈 분양정보 오픈API
2020000726,경상북도,,문경시,,문경매봉2단지,70,입주예정,2020-10,청약홈 분양정보 오픈API
2020000754,대구광역시,,대구달서구,,대구가람1단지,85,입주예정,2020-10,청약홈 분양정보 오픈API
2020000747,충청남도,,보령시,,보령명천2 50년공공임대,120,입주예정,2020-09,청약홈 분양정보 오픈API
2020000764,경상남도,,창원시,내서읍,마산삼계2아파트,385,입주예정,2020-09,청약홈 분양정보 오픈API
2020000745,인천광역시,,인천서구,,가재울역 트루엘 에코시티,477,입주예정,2023-08,청약홈 분양정보 오픈API
2020000693,경기도,,광명시,광명동,광명 푸르지오 포레나,397,입주예정,2023-09,청약홈 분양정보 오픈API
2020000691,전라북도,,정읍시,상동,정읍 상동1차 영무예다음,386,입주예정,2023-06,청약홈 분양정보 오픈API
2020000638,광주광역시,,광주광산구,,힐스테이트 광산,428,입주예정,2022-08,청약홈 분양정보 오픈API
2020000751,충청북도,,음성군,금왕읍,음성금왕1단지,115,입주예정,2020-09,청약홈 분양정보 오픈API
2020000744,경기도,,양주시,옥정동,양주 옥정신도시 제일풍경채 Lake City(A10-1BL),1246,입주예정,2023-05,청약홈 분양정보 오픈API
2020000721,서울특별시,서초구,,,서초비버리캐슬,42,입주예정,2020-07,청약홈 분양정보 오픈API
2020000718,경기도,,평택시,,평택 고덕국제신도시 A-43블럭 호반써밋II,414,입주예정,2022-05,청약홈 분양정보 오픈API
2020000712,경기도,,수원팔달구,,수원 센트럴 아이파크 자이,2165,입주예정,2023-07,청약홈 분양정보 오픈API
2020000723,부산광역시,,부산사상구,감전동,감전엘크루센트로아파트,90,입주예정,2021-09,청약홈 분양정보 오픈API
2020000666,전라남도,,함평군,함평읍,함평 한국아델리움 더퍼스트,163,입주예정,2022-05,청약홈 분양정보 오픈API
2020000553,부산광역시,,부산동래구,온천동,이안 동래 센트럴시티,257,입주예정,2023-09,청약홈 분양정보 오픈API
2020000720,충청북도,,청주동남지구,,청주 동남 파라곤,562,입주예정,2022-08,청약홈 분양정보 오픈API
2020000717,인천광역시,,인천부평구,,인천 부평 우미린,177,입주예정,2023-07,청약홈 분양정보 오픈API
2020000648,경상남도,,양산시,동면,사송더샵데시앙2차(B-7BL),993,입주예정,2023-05,청약홈 분양정보 오픈API
2020000644,경상남도,,양산시,동면,사송더샵데시앙2차(B-5BL),477,입주예정,2023-01,청약홈 분양정보 오픈API
2020000640,경상남도,,양산시,동면,사송더샵데시앙2차(B-6BL),614,입주예정,2023-02,청약홈 분양정보 오픈API
2020000719,인천광역시,,인천연수구,송도동,힐스테이트 레이크 송도 3차,1100,입주예정,2023-10,청약홈 분양정보 오픈API
2020000698,서울특별시,동대문구,,용두동,래미안 엘리니티,475,입주예정,2022-08,청약홈 분양정보 오픈API
2020000697,부산광역시,,부산부산진구,,백양산 롯데캐슬 골드센트럴,1442,입주예정,2023-12,청약홈 분양정보 오픈API
2020000146,경기도,,가평군,가평읍,LH가평읍내 50년공공임대주택 예비입주자 모집,90,입주예정,2020-10,청약홈 분양정보 오픈API
2020000711,서울특별시,양천구,,,스위트드림 아파트,48,입주예정,2020-07,청약홈 분양정보 오픈API
2020000565,인천광역시,,인천남동구,,이안논현오션파크,294,입주예정,2023-11,청약홈 분양정보 오픈API
2020000708,강원도,,평창군,대관령면,대관령 현대힐스 700,44,입주예정,2020-07,청약홈 분양정보 오픈API
2020000695,경기도,,수원장안구,21-18(연무동,서광교 파크 스위첸,374,입주예정,2023-05,청약홈 분양정보 오픈API
2020000670,경기도,,김포시,,김포 센트럴 헤센 1단지,29,입주예정,2020-07,청약홈 분양정보 오픈API
2020000616,인천광역시,,인천서구,경서동,북청라 하우스토리,58,입주예정,2022-02,청약홈 분양정보 오픈API
2020000707,충청남도,,당진시,합덕읍,한경크리스탈아파트,45,입주예정,2020-07,청약홈 분양정보 오픈API
2020000706,충청남도,,아산시,탕정면,아산탕정2-A7BL 국민임대,780,입주예정,2021-05,청약홈 분양정보 오픈API
2020000705,경상남도,,진주시,,진주가좌올리움,120,입주예정,2020-08,청약홈 분양정보 오픈API
2020000703,대구광역시,,대구달성군,화원읍,설화명곡역 우방아이유쉘,320,입주예정,2023-04,청약홈 분양정보 오픈API
2020000688,경기도,,안성시,,안성아양 B6 10년공공임대리츠 잔여세대 모집,101,입주예정,2020-06,청약홈 분양정보 오픈API
2020000672,경기도,,여주시,,여주역 금호어울림 베르티스,605,입주예정,2022-08,청약홈 분양정보 오픈API
2020000669,강원도,,속초시,,골든렉시움,48,입주예정,2020-07,청약홈 분양정보 오픈API
2020000631,서울특별시,강서구,,,공항동 발쿠치네 하우스,45,입주예정,2020-07,청약홈 분양정보 오픈API
2020000605,울산광역시,,울산남구,,번영로 하늘채 센트럴파크,295,입주예정,2022-04,청약홈 분양정보 오픈API
2020000464,제주특별자치도,,서귀포시,,서홍동 헤리티지,64,입주예정,2020-07,청약홈 분양정보 오픈API
2020000689,광주광역시,,광주광산구,,광주 선운 다사로움 10년공공임대 예비입주자,59,입주예정,2020-07,청약홈 분양정보 오픈API
2020000683,부산광역시,,부산북구,만덕동,부산만덕5 2블록 10년공임 추가모집,477,입주예정,2021-04,청약홈 분양정보 오픈API
2020000681,서울,,서울시,상일동,SH 고덕강일14단지 공공분양주택,411,입주예정,2021-02,청약홈 분양정보 오픈API
2020000674,서울특별시,강동구,,,SH 고덕강일 8단지 공공분양주택,526,입주예정,2021-02,청약홈 분양정보 오픈API
2020000664,대구광역시,,대구동구,지묘동,대구연경S-1블록 10년 분양전환공공임대주택,788,입주예정,2021-02,청약홈 분양정보 오픈API
2020000677,경기도,,군포시,,군포 당동 그랑시티2차,32,입주예정,2020-07,청약홈 분양정보 오픈API
2020000676,부산광역시,,부산연제구,거제동,쌍용 더 플래티넘 거제아시아드,130,입주예정,2023-01,청약홈 분양정보 오픈API
2020000675,광주광역시,,광주광산구,,광주운남1단지,100,입주예정,2020-09,청약홈 분양정보 오픈API
2020000673,경기도,,동두천시,송내동,동두천송내 S1블록 공공분양주택,160,입주예정,2021-08,청약홈 분양정보 오픈API
2020000671,경기도,,시흥시,장곡동,시흥장현 A-5블록 국민임대주택,528,입주예정,2021-08,청약홈 분양정보 오픈API
2020000668,경기도,,고양덕양구,,고양지축 S-1블록 국민임대주택 입주자 모집,748,입주예정,2021-10,청약홈 분양정보 오픈API
2020000667,경기도,,양주시,옥정동,양주 옥정신도시 A-17(2) 한신더휴,767,입주예정,2023-04,청약홈 분양정보 오픈API
2020000665,대구광역시,,대구달서구,,죽전역 시티프라디움,80,입주예정,2023-10,청약홈 분양정보 오픈API
2020000662,경기도,,남양주시,,남양주별내 A24BL 행복주택 추가입주자모집,462,입주예정,2021-07,청약홈 분양정보 오픈API
2020000658,경기도,,의정부시,의정부동,힐스테이트 의정부역,172,입주예정,2024-02,청약홈 분양정보 오픈API
2020000652,경상남도,,창원성산구,사파정동,창원 성산 반도유보라 아이비파크,665,입주예정,2022-03,청약홈 분양정보 오픈API
2020000649,인천광역시,,인천부평구,,부평 SK VIEW 해모로,884,입주예정,2022-12,청약홈 분양정보 오픈API
2020000637,경상남도,,김해시,삼문동,이안 센트럴포레 장유 2단지,190,입주예정,2023-03,청약홈 분양정보 오픈API
2020000635,경상남도,,김해시,삼문동,이안 센트럴포레 장유 1단지,146,입주예정,2023-03,청약홈 분양정보 오픈API
2020000632,제주특별자치도,,제주시,연동,연동 백강 스위트엠1,39,입주예정,2021-07,청약홈 분양정보 오픈API
2020000621,광주광역시,,광주동구,,e편한세상 무등산,104,입주예정,2022-09,청약홈 분양정보 오픈API
2020000614,경기도,,화성시,남양읍,화성남양뉴타운C-2BL 리젠시빌란트,380,입주예정,2023-04,청약홈 분양정보 오픈API
2020000609,경기도,,파주시,와동동,파주와동 A1블록 신혼희망타운(추가),249,입주예정,2022-12,청약홈 분양정보 오픈API
2020000594,인천광역시,,인천부평구,,부평삼산 신원아침도시,54,입주예정,2022-11,청약홈 분양정보 오픈API
2020000656,경기도,,파주시,문산읍,문산당동1단지 50년공공임대주택 입주자모집,567,입주예정,2020-08,청약홈 분양정보 오픈API
2020000653,서울특별시,강남구,,,2020년 제1차 국민임대주택 입주자모집,2519,입주예정,2020-12,청약홈 분양정보 오픈API
2020000651,서울특별시,서초구,,,르엘 신반포 파크애비뉴,98,입주예정,2023-06,청약홈 분양정보 오픈API
2020000636,전라남도,,광양시,,광양센트럴자이,704,입주예정,2022-08,청약홈 분양정보 오픈API
2020000612,광주광역시,,광주북구,,더샵 광주포레스트,907,입주예정,2023-07,청약홈 분양정보 오픈API
2020000592,경기도,,포천시,어룡동,포천 모아엘가 리더스파크,245,입주예정,2022-09,청약홈 분양정보 오픈API
2020000661,서울특별시,서초구,,,"서울 강남5, 서초3 장기전세",195,입주예정,2020-10,청약홈 분양정보 오픈API
2020000634,인천광역시,,인천서구,백석동,검암역 로열파크씨티 푸르지오 2단지,2426,입주예정,2023-06,청약홈 분양정보 오픈API
2020000633,인천광역시,,인천서구,백석동,검암역 로열파크씨티 푸르지오 1단지,2379,입주예정,2023-06,청약홈 분양정보 오픈API
2020000597,광주광역시,,광주북구,,광주동림2단지,100,입주예정,2020-08,청약홈 분양정보 오픈API
2020000404,광주광역시,,광주동구,,충장 로머스파크 헤리티지 주상복합 아파트,184,입주예정,2023-03,청약홈 분양정보 오픈API
2020000630,충청북도,,영동군,영동읍,영동내지브로아파트,32,입주예정,2020-06,청약홈 분양정보 오픈API
2020000629,경기도,,평택시,,평택소사벌 A-5BL 국민임대주택,512,입주예정,2021-07,청약홈 분양정보 오픈API
2020000622,강원도,,춘천시,,춘천우두3 국민임대,240,입주예정,2021-05,청약홈 분양정보 오픈API
2020000613,충청북도,,청주상당구,,청주동남A1BL 국민임대,1116,입주예정,2020-11,청약홈 분양정보 오픈API
2020000620,경기도,,수원팔달구,고등동,수원고등 A-1블록 5년 분양전환공공임대주택,56,입주예정,2021-02,청약홈 분양정보 오픈API
2020000618,경기,,수원장안구,정자동,화서역 푸르지오 브리시엘,665,입주예정,2023-09,청약홈 분양정보 오픈API
2020000610,부산광역시,,부산서구,,남부민풀리페 국민임대아파트,114,입주예정,2020-09,청약홈 분양정보 오픈API
2020000608,서울특별시,동작구,,상도동,상도역 롯데캐슬,474,입주예정,2021-02,청약홈 분양정보 오픈API
2020000595,대전광역시,,대전유성구,,대전 둔곡지구 A3BL 우미린,760,입주예정,2022-11,청약홈 분양정보 오픈API
2020000585,부산광역시,,부산수영구,,남천 우성스마트시티뷰,97,입주예정,2020-07,청약홈 분양정보 오픈API
2020000576,대구광역시,,대구달서구,용산동,대구용산자이,429,입주예정,2024-02,청약홈 분양정보 오픈API
2020000555,경기도,,양주시,옥정동,양주 옥정신도시 A-17(1)블록 대성베르힐,804,입주예정,2022-11,청약홈 분양정보 오픈API
2020000611,인천광역시,,인천연수구,송도동,더샵 송도센터니얼,342,입주예정,2023-05,청약홈 분양정보 오픈API
2020000607,대구광역시,,대구동구,신암동,동대구 해모로 스퀘어 이스트,705,입주예정,2023-01,청약홈 분양정보 오픈API
2020000604,전라북도,,군산시,내흥동,군산신역세권A-2블록 국민임대,340,입주예정,2020-10,청약홈 분양정보 오픈API
2020000600,경기도,,하남시,,하남감일 한양수자인,512,입주예정,2022-09,청약홈 분양정보 오픈API
2020000596,경상북도,,영주시,,영주가흥1단지,296,입주예정,2020-09,청약홈 분양정보 오픈API
2020000593,대구광역시,,대구달성군,화원읍,대구명곡2단지 50년공공임대,1032,입주예정,2020-08,청약홈 분양정보 오픈API
2020000590,대구광역시,,대구달성군,다사읍,다사역 금호어울림 센트럴,869,입주예정,2023-03,청약홈 분양정보 오픈API
2020000583,전라남도,,목포시,,목포연산주공1단지아파트,100,입주예정,2020-08,청약홈 분양정보 오픈API
2020000577,충남,,부여군,부여읍,부여쌍북2단지 50년 공공임대주택,100,입주예정,2020-12,청약홈 분양정보 오픈API
2020000569,전라북도,,군산시,나운동,나운 금호어울림 센트럴,392,입주예정,2022-09,청약홈 분양정보 오픈API
2020000509,경기도,,안양동안구,호계동,안양호계 신원아침도시,88,입주예정,2022-05,청약홈 분양정보 오픈API
2020000606,부산광역시,,부산기장군,기장읍,부산기장 A2블록 신혼희망타운(추가),385,입주예정,2022-08,청약홈 분양정보 오픈API
2020000602,경기도,,시흥시,,"시흥장현 A2,A10블록 10년공공임대리츠(예비)",102,입주예정,2020-07,청약홈 분양정보 오픈API
2020000584,대전광역시,,대전서구,,대전구봉8-2,100,입주예정,2020-12,청약홈 분양정보 오픈API
2020000568,충청남도,,보령시,,보령명천2단지 50년공공임대주택 예비입주자 모집,120,입주예정,2020-08,청약홈 분양정보 오픈API
2020000603,경기도,,화성시,"신동,목동,산척동",화성동탄(2) A104블록 신혼희망타운(공공분양) 추가입주자모집공고,347,입주예정,2022-09,청약홈 분양정보 오픈API
2020000599,광주광역시,,광주북구,,무등산 한국아델리움 어반센트럴,127,입주예정,2023-04,청약홈 분양정보 오픈API
2020000567,충청남도,,천안서북구,,천안쌍용5-2단지 50년공공임대주택 예비입주자 모집,100,입주예정,2020-07,청약홈 분양정보 오픈API
2020000591,경기도,,고양덕양구,항동동,고양향동 A-4블록 행복주택 추가,72,입주예정,2020-09,청약홈 분양정보 오픈API
2020000586,경기도,,화성시,,동탄역 헤리엇,428,입주예정,2022-10,청약홈 분양정보 오픈API
2020000575,경기도,,안성시,공도읍,이트리니티 공도 센트럴파크,680,입주예정,2023-04,청약홈 분양정보 오픈API
2020000572,대구광역시,,대구달서구,,두류 센트레빌 더시티,333,입주예정,2022-12,청약홈 분양정보 오픈API
2020000571,경상북도,,문경시,,문경 모전 코아루 노블36,166,입주예정,2022-12,청약홈 분양정보 오픈API
2020000552,서울특별시,강동구,,,제38차 장기전세주택 입주자 모집 공고(85초과),9,입주예정,2020-11,청약홈 분양정보 오픈API
2020000546,서울특별시,강동구,,,제38차 장기전세주택 입주자 모집 공고(85이하),2307,입주예정,2020-11,청약홈 분양정보 오픈API
2020000538,경상남도,,진주시,,진주 포레스트 부영,840,입주예정,2020-06,청약홈 분양정보 오픈API
2020000523,경기도,,고양덕양구,,DMC리버시티자이,530,입주예정,2022-12,청약홈 분양정보 오픈API
2020000521,경기도,,하남시,,위례신도시 A3-2BL 우미린 2차,420,입주예정,2022-12,청약홈 분양정보 오픈API
2020000589,강원도,,속초시,,속초디오션자이,454,입주예정,2023-08,청약홈 분양정보 오픈API
2020000588,경상남도,,창원진해구,남양동,창원진해 비전시티 우방아이유쉘,564,입주예정,2021-08,청약홈 분양정보 오픈API
2020000582,경기도,,안성시,공도읍,"안성공도 참아름아파트 2,5단지 국민임대 예비입주자 모집",239,입주예정,2020-11,청약홈 분양정보 오픈API
2020000581,전라북도,,전주완산구,,전주삼천6단지 50년공임 예비입주자 모집,40,입주예정,2021-01,청약홈 분양정보 오픈API
2020000580,전라북도,,익산시,,익산어양4단지 50년공임 예비입주자 모집,427,입주예정,2020-07,청약홈 분양정보 오픈API
2020000566,경기도,,용인처인구,역북동,용인 명지대역 서희스타힐스,52,입주예정,2023-03,청약홈 분양정보 오픈API
2020000561,경기도,,남양주시,,다산신도시 자연앤이편한세상3차 분납임대(잔여),2,입주예정,2020-07,청약홈 분양정보 오픈API
2020000564,울산광역시,,울산동구,서부동,울산 지웰시티 자이 2단지,1316,입주예정,2023-05,청약홈 분양정보 오픈API
2020000563,울산광역시,,울산동구,서부동,울산 지웰시티 자이 1단지,1371,입주예정,2023-05,청약홈 분양정보 오픈API
2020000570,경상남도,,창원시,내서읍,마산삼계2주공아파트,385,입주예정,2020-08,청약홈 분양정보 오픈API
2020000550,인천광역시,,인천동구,,인천 만석웰카운티 공공임대 분양전환 후 일반분양,5,입주예정,2020-06,청약홈 분양정보 오픈API
2020000556,경기도,,하남시,감일동,하남감일 A-3BL 국민임대(추가),609,입주예정,2020-09,청약홈 분양정보 오픈API
2020000554,경기도,,양주시,옥정동,양주 옥정신도시 제일풍경채 Lake City(A10-2BL),1228,입주예정,2023-04,청약홈 분양정보 오픈API
2020000551,서울특별시,동작구,,흑석동,흑석리버파크자이,357,입주예정,2023-02,청약홈 분양정보 오픈API
2020000547,인천광역시,,인천부평구,,부평 중앙하이츠 프리미어,244,입주예정,2022-12,청약홈 분양정보 오픈API
2020000545,인천광역시,,인천중구,운남동,영종국제도시 화성파크드림2차,499,입주예정,2022-09,청약홈 분양정보 오픈API
2020000542,부산광역시,,부산부산진구,,양정 포레힐즈 스위첸,762,입주예정,2023-08,청약홈 분양정보 오픈API
2020000541,대전광역시,,대전동구,,홍도동 다우 갤러리휴리움,195,입주예정,2023-01,청약홈 분양정보 오픈API
2020000529,부산광역시,,부산영도구,,청학 우성스마트시티 뷰,262,입주예정,2022-05,청약홈 분양정보 오픈API
2020000528,대구광역시,,대구북구,,힐스테이트 대구역 오페라,937,입주예정,2024-02,청약홈 분양정보 오픈API
2020000506,전라남도,,여수시,,여수 신기 휴스티지 아파트,142,입주예정,2022-10,청약홈 분양정보 오픈API
2020000559,경기도,,하남시,,"하남 포웰시티 B6,C2,C3(취소후재공급)",11,입주예정,2020-11,청약홈 분양정보 오픈API
2020000558,경기도,,광명시,광명동,광명 푸르지오 센트베르,464,입주예정,2022-10,청약홈 분양정보 오픈API
2020000539,인천광역시,,인천부평구,,인천부개2,120,입주예정,2020-08,청약홈 분양정보 오픈API
2020000534,인천광역시,,인천부평구,,인천부개5 50년공공임대(예비),80,입주예정,2021-01,청약홈 분양정보 오픈API
2020000507,경기도,,하남시,,하남미사 26단지 장기전세주택,110,입주예정,2020-08,청약홈 분양정보 오픈API
2020000415,제주특별자치도,,서귀포시,,제이원클래시움 아파트,59,입주예정,2020-06,청약홈 분양정보 오픈API
2020000533,울산광역시,,울산북구,,울산송정 A-2블록 국민임대,616,입주예정,2020-12,청약홈 분양정보 오픈API
2020000520,경상남도,,양산시,동면,양산사송 A-1블록 신혼희망타운,753,입주예정,2022-10,청약홈 분양정보 오픈API
2020000540,울산광역시,,울산울주군,청량읍,문수데시앙 2단지(10년공공임대),71,입주예정,2020-12,청약홈 분양정보 오픈API
2020000532,인천광역시,,인천옹진군,백령면,옹진백령 국민임대주택,9,입주예정,2020-08,청약홈 분양정보 오픈API
2020000527,충청북도,,청주서원구,,청주모충 1블록 10년 분양전환공공임대주택,390,입주예정,2021-11,청약홈 분양정보 오픈API
2020000526,경상남도,,진주시,정촌면,정촌올리움,794,입주예정,2020-08,청약홈 분양정보 오픈API
2020000517,경상북도,,구미시,,구미인의아파트 50년공임(예비),757,입주예정,2020-08,청약홈 분양정보 오픈API
2020000513,경기도,,화성시,반월동,신동탄포레자이,1297,입주예정,2023-02,청약홈 분양정보 오픈API
2020000503,서울특별시,강서구,,화곡동,우장산숲아이파크,242,입주예정,2022-11,청약홈 분양정보 오픈API
2020000485,충청북도,,진천군,덕산읍,충북혁신도시 B3-1BL 10년공공임대,1321,입주예정,2020-09,청약홈 분양정보 오픈API
2020000483,경기도,,평택시,고덕면,평택고덕 A-2블록 국민임대주택,388,입주예정,2021-03,청약홈 분양정보 오픈API
2020000525,충청남도,,아산시,탕정면,아산탕정2-A2BL  신혼희망타운,428,입주예정,2022-12,청약홈 분양정보 오픈API
2020000467,경기도,,화성시,봉담읍,화성봉담2 A-6블록 행복주택,180,입주예정,2020-10,청약홈 분양정보 오픈API
2020000466,경기도,,화성시,향남읍,화성향남(2) A-20블록 행복주택,27,입주예정,2020-10,청약홈 분양정보 오픈API
2020000465,경기도,,화성시,,화성동탄(2) A-82블록 행복주택,235,입주예정,2020-10,청약홈 분양정보 오픈API
2020000462,경기도,,화성시,,화성동탄(2) C-26블록 행복주택,310,입주예정,2020-10,청약홈 분양정보 오픈API
2020000524,경북,,봉화군,봉화읍,봉화해저 1블록 행복주택,90,입주예정,2021-11,청약홈 분양정보 오픈API
2020000522,대전광역시,,대전대덕구,,대전상서 행복주택,296,입주예정,2020-11,청약홈 분양정보 오픈API
2020000508,경기도,,구리시,수택동,구리수택 행복주택 입주자 모집,394,입주예정,2021-08,청약홈 분양정보 오픈API
2020000498,부산,,부산시,모라동,부산모라 행복주택,390,입주예정,2021-05,청약홈 분양정보 오픈API
2020000492,경기도,,파주시,동패동,파주운정3 A25BL 행복주택,1000,입주예정,2021-03,청약홈 분양정보 오픈API
2020000487,경기도,,김포시,통진읍,김포마송 B-5블록 행복주택,500,입주예정,2021-04,청약홈 분양정보 오픈API
2020000486,강원도,,원주시,태장동,원주태장 LH 천년나무6단지 국민임대주택,300,입주예정,2020-10,청약홈 분양정보 오픈API
2020000484,경기도,,의정부시,가능동,의정부 롯데캐슬 골드포레,326,입주예정,2023-01,청약홈 분양정보 오픈API
2020000482,경기도,,고양덕양구,,고양덕은 DMC리버포레자이(A7BL),318,입주예정,2022-10,청약홈 분양정보 오픈API
2020000471,대전광역시,,대전동구,,가양동 고운하이플러스,118,입주예정,2022-08,청약홈 분양정보 오픈API
2020000469,충청남도,,계룡시,두마면,계룡 푸르지오 더 퍼스트,883,입주예정,2022-08,청약홈 분양정보 오픈API
2020000468,경기도,,고양덕양구,,고양덕은 DMC리버파크자이(A4BL),692,입주예정,2022-11,청약홈 분양정보 오픈API
2020000446,경기도,,의정부시,의정부동,의정부역 진산엔월드메르디앙,79,입주예정,2020-12,청약홈 분양정보 오픈API
2020000434,대구광역시,,대구중구,,힐스테이트 동인센트럴,410,입주예정,2024-04,청약홈 분양정보 오픈API
2020000427,전라남도,,목포시,,목포 수창해뜨레 아파트,82,입주예정,2020-06,청약홈 분양정보 오픈API
2020000412,부산광역시,,부산동래구,온천동,동래효산벨뷰,70,입주예정,2020-08,청약홈 분양정보 오픈API
2020000463,전라남도,,함평군,함평읍,함평 백년가,96,입주예정,2022-06,청약홈 분양정보 오픈API
2020000458,강원도,,화천군,화천읍,화천신아 국민임대주택 예비입주자 모집,20,입주예정,2020-09,청약홈 분양정보 오픈API
2020000457,강원도,,철원군,동송읍,철원동송 국민임대주택 예비입주자 모집,60,입주예정,2020-09,청약홈 분양정보 오픈API
2020000472,경기도,,하남시,,하남미사 C3BL 행복주택,340,입주예정,2020-08,청약홈 분양정보 오픈API
2020000460,경기도,,화성시,영천동,화성동탄2 A4-1블록 행복주택 추가모집,1313,입주예정,2020-08,청약홈 분양정보 오픈API
2020000451,경기도,,화성시,,"화성동탄(2) A-50,69,65BL 10년 공임(예비)",1099,입주예정,2020-09,청약홈 분양정보 오픈API
2020000186,부산광역시,,부산부산진구,,부산당감1단지 (50년공임) 예비,120,입주예정,2020-07,청약홈 분양정보 오픈API
2020000459,부산광역시,,부산강서구,,부산강서 행복주택 추가모집,12,입주예정,2020-09,청약홈 분양정보 오픈API
2020000456,경기도,,파주시,,파주운정 A5BL,20,입주예정,2021-10,청약홈 분양정보 오픈API
2020000455,경기도,,파주시,,파주운정 A17BL,10,입주예정,2021-09,청약홈 분양정보 오픈API
2020000441,경기도,,안양만안구,,안양석수 한양수자인(재건축매입 10년공임) 공가세대 일반분양,2,입주예정,2020-06,청약홈 분양정보 오픈API
2020000440,경기도,,안양만안구,,안양 신성미소지움(재건축매입 10년공임) 공가세대 일반분양,2,입주예정,2020-06,청약홈 분양정보 오픈API
2020000439,경기도,,수원팔달구,,수원화서 위브하늘채(재건축매입 10년공임) 공가세대 일반분양,6,입주예정,2020-06,청약홈 분양정보 오픈API
2020000438,경기도,,수원권선구,,수원권선 SK뷰(재건축매입 10년공임) 공가세대 일반분양,51,입주예정,2020-06,청약홈 분양정보 오픈API
2020000437,경기도,,수원장안구,,수원천천 대우푸르지오(재건축매입 10년공임) 공가세대 일반분양,25,입주예정,2020-06,청약홈 분양정보 오픈API
2020000436,경기도,,수원장안구,,수원정자 신부눈이부신(재건축매입 10년공임) 공가세대 일반분양,3,입주예정,2020-06,청약홈 분양정보 오픈API
2020000429,경기도,,시흥시,,시화MTV 공동2블록 더 퍼스트 시흥,578,입주예정,2023-01,청약홈 분양정보 오픈API
2020000428,대구광역시,,대구달서구,,대구 월배 라온프라이빗 디엘,555,입주예정,2024-11,청약홈 분양정보 오픈API
2020000414,전라북도,,군산시,,송정타워써미트아파트 (민간건설 중형 국민주택),270,입주예정,2020-06,청약홈 분양정보 오픈API
2020000447,강원도,,춘천시,동내면,춘천거두2행복주택,225,입주예정,2020-08,청약홈 분양정보 오픈API
2020000443,대전,,유성구,둔곡동,유성둔곡지구 서한이다음(2단지),685,입주예정,2022-12,청약홈 분양정보 오픈API
2020000442,대전,,유성구,,유성둔곡지구 서한이다음(1단지),546,입주예정,2022-12,청약홈 분양정보 오픈API
2020000435,경기도,,양주시,,"양주옥정 A-21(1)BL, A-21(2)BL 10년 공공임대주택리츠",605,입주예정,2020-08,청약홈 분양정보 오픈API
2020000430,경기도,,고양시,향동,"고양향동 S-1, S-2BL 10년공공임대리츠",185,입주예정,2020-12,청약홈 분양정보 오픈API
2020000426,인천광역시,,인천동구,,인천 LH 브리즈힐,658,입주예정,2021-06,청약홈 분양정보 오픈API
2020000309,전라남도,,여수시,신기동,신기동 대광로제비앙 센텀29,363,입주예정,2023-07,청약홈 분양정보 오픈API
2020000445,전라북도,,익산시,,익산부송3단지 50년공공임대주택(예비),540,입주예정,2020-07,청약홈 분양정보 오픈API
2020000310,강원도,,강릉시,내곡동,강릉 블루밍 더 베스트,71,입주예정,2022-06,청약홈 분양정보 오픈API
2020000416,서울특별시,양천구,,신정3동,호반써밋 목동,238,입주예정,2022-03,청약홈 분양정보 오픈API
2020000411,경기도,,수원장안구,,더샵 광교산퍼스트파크,475,입주예정,2022-05,청약홈 분양정보 오픈API
2020000407,부산광역시,,부산서구,,부산 남부민3(풀리페아파트) 국민임대 공가세대,132,입주예정,2020-08,청약홈 분양정보 오픈API
2020000370,전라북도,,완주군,이서면,혁신도시 에코르 1단지 분양전환 후 일반분양주택,7,입주예정,2020-06,청약홈 분양정보 오픈API
2020000332,경기도,,양주시,,양주회천신도시 노블랜드 A16블록 센트럴 시티,860,입주예정,2022-12,청약홈 분양정보 오픈API
2020000313,부산광역시,,부산사상구,덕포동,사상 중흥S클래스 그랜드 센트럴,952,입주예정,2023-07,청약홈 분양정보 오픈API
2020000424,대전광역시,,대전유성구,,대전죽동 천년나무 10년 공공임대주택,50,입주예정,2020-06,청약홈 분양정보 오픈API
2020000423,대전광역시,,대전유성구,,대전노은3 에코힐 10년 공공임대주택,30,입주예정,2020-06,청약홈 분양정보 오픈API
2020000422,대전광역시,,대전유성구,,대전노은3 네이쳐뷰 10년 공공임대주택,70,입주예정,2020-06,청약홈 분양정보 오픈API
2020000409,경기도,,시흥시,,시흥은계 A1블록 행복주택 예비입주자모집,570,입주예정,2020-09,청약홈 분양정보 오픈API
2020000306,인천광역시,,인천부평구,,부평역 한라비발디 트레비앙,96,입주예정,2022-12,청약홈 분양정보 오픈API
2020000295,경기도,,수원영통구,망포동,영통자이,653,입주예정,2022-08,청약홈 분양정보 오픈API
2020000365,경기도,,시흥시,장곡동,시흥장현 A-1블록 영구임대 신규,671,입주예정,2020-09,청약홈 분양정보 오픈API
2020000338,서울특별시,강서구,,,등촌역 한울에이치밸리움,58,입주예정,2020-12,청약홈 분양정보 오픈API
2020000366,경기도,,성남수정구,,판교제2테크노밸리A1블록 창업지원주택(행복주택) 추가모집,218,입주예정,2020-08,청약홈 분양정보 오픈API
2020000384,울산광역시,,울산북구,,울산송정 B3블록 10년 공공임대주택(리츠) 추가모집,152,입주예정,2020-04,청약홈 분양정보 오픈API
2020000369,전라남도,,고흥군,고흥읍,고흥남계 국민임대주택 추가모집,156,입주예정,2020-09,청약홈 분양정보 오픈API
2020000368,대구광역시,,대구수성구,범어동,쌍용 더 플래티넘 범어,207,입주예정,2022-07,청약홈 분양정보 오픈API
2020000354,충청남도,,당진시,송산면,당진 효성 해링턴플레이스,671,입주예정,2022-08,청약홈 분양정보 오픈API
2020000353,경상남도,,거제시,,포레나 거제 장평,97,입주예정,2021-02,청약홈 분양정보 오픈API
2020000347,인천광역시,,인천중구,중산동,인천 영종국제도시 A47BL 호반써밋 스카이센트럴,534,입주예정,2022-07,청약홈 분양정보 오픈API
2020000337,전라북도,,전주덕진구,,전주 우아한시티,43,입주예정,2021-09,청약홈 분양정보 오픈API
2020000334,대구광역시,,대구중구,도원동,힐스테이트 도원 센트럴,894,입주예정,2024-02,청약홈 분양정보 오픈API
2020000367,경상남도,,진주시,,진주가좌올리움(국민임대) 예비입주자,120,입주예정,2020-07,청약홈 분양정보 오픈API
2020000319,경상북도,,상주시,,냉림동 현대 유니언,68,입주예정,2020-05,청약홈 분양정보 오픈API
2020000348,전라북도,,완주군,삼례읍,완주삼봉 A-1블럭 국민임대 예비입주자 모집,40,입주예정,2020-08,청약홈 분양정보 오픈API
2020000327,경기도,,의왕시,고천동,의왕고천 A-1블록 행복주택(리츠) 추가모집,1553,입주예정,2020-08,청약홈 분양정보 오픈API
2020000364,경기도,,시흥시,,시흥목감9단지 B5블록,320,입주예정,2020-07,청약홈 분양정보 오픈API
2020000363,경기도,,시흥시,,시흥장현26단지 B1블록,400,입주예정,2020-07,청약홈 분양정보 오픈API
2020000362,경기도,,시흥시,,시흥목감12단지A4블록,160,입주예정,2020-07,청약홈 분양정보 오픈API
2020000361,경기도,,시흥시,,시흥목감3단지 A2블록,160,입주예정,2020-07,청약홈 분양정보 오픈API
2020000360,경기도,,시흥시,,시흥목감11단지 A3블록,240,입주예정,2020-07,청약홈 분양정보 오픈API
2020000358,경기도,,시흥시,,시흥배곧5단지 B5블록,80,입주예정,2020-07,청약홈 분양정보 오픈API
2020000357,경기도,,시흥시,,시흥배곧1단지,80,입주예정,2020-07,청약홈 분양정보 오픈API
2020000355,경기도,,시흥시,목감동,시흥목감10단지 B3블록,80,입주예정,2020-07,청약홈 분양정보 오픈API
2020000346,제주특별자치도,,제주시,애월읍,테라시티 더숨,48,입주예정,2021-01,청약홈 분양정보 오픈API
2020000340,인천광역시,,인천서구,,인천 검단신도시 우미린 에코뷰,437,입주예정,2022-10,청약홈 분양정보 오픈API
2020000335,충청남도,,아산시,탕정면,아산탕정2-A5블록 행복주택 추가모집,508,입주예정,2020-10,청약홈 분양정보 오픈API
2020000331,대구광역시,,대구달서구,본리동,뉴센트럴 두산위브더제니스,316,입주예정,2024-02,청약홈 분양정보 오픈API
2020000317,대전광역시,,대전유성구,,대전노은3지구 네이쳐뷰(분납임대),35,입주예정,2020-06,청약홈 분양정보 오픈API
2020000277,인천광역시,,인천서구,,인천검단신도시3차 노블랜드 리버파크,722,입주예정,2022-10,청약홈 분양정보 오픈API
2020000333,경기도,,부천시,,부천 원종 길성그랑프리텔,86,입주예정,2020-04,청약홈 분양정보 오픈API
2020000311,경기도,,안산단원구,,안산 푸르지오 브리파크,588,입주예정,2023-04,청약홈 분양정보 오픈API
2020000330,경기도,,부천시,,부천시 부천옥길B1 10년 분양전환공공임대,30,입주예정,2021-04,청약홈 분양정보 오픈API
2020000329,경기도,,부천시,,부천약대1 10년 분양전환공공임대,10,입주예정,2021-04,청약홈 분양정보 오픈API
2020000280,세종특별자치시,,세종시,다정동,행정중심복합도시 2-1생활권 M6블록 국민임대주택 추가 (세종),932,입주예정,2020-11,청약홈 분양정보 오픈API
2020000323,경기도,,의정부시,,의정부고산 S2-2BL 국민임대 추가모집,28,입주예정,2020-07,청약홈 분양정보 오픈API
2020000312,서울특별시,서초구,,잠원동,르엘 신반포,67,입주예정,2022-12,청약홈 분양정보 오픈API
2020000308,충청북도,,청주상당구,,탑동 힐데스하임,1105,입주예정,2022-11,청약홈 분양정보 오픈API
2020000307,전라남도,,순천시,서면,순천금호어울림더파크2차,349,입주예정,2022-04,청약홈 분양정보 오픈API
2020000300,대구광역시,,대구중구,남산동,반월당역 서한포레스트,163,입주예정,2022-11,청약홈 분양정보 오픈API
2020000297,경기도,,파주시,와동동,파주운정 A-39블록 행복주택 추가 (파주),69,입주예정,2020-07,청약홈 분양정보 오픈API
2020000305,경기도,,수원권선구,,수원세류2단지 2BL,3,입주예정,2020-05,청약홈 분양정보 오픈API
2020000304,경기도,,수원권선구,,수원호매실13단지 A-4BL,20,입주예정,2020-05,청약홈 분양정보 오픈API
2020000303,경기도,,수원권선구,,수원호매실14단지 B-3BL,110,입주예정,2020-05,청약홈 분양정보 오픈API
2020000302,경기도,,수원권선구,,수원호매실15단지 B-7BL,280,입주예정,2020-05,청약홈 분양정보 오픈API
2020000301,경기도,,수원권선구,,수원호매실5단지 B-6BL,30,입주예정,2020-05,청약홈 분양정보 오픈API
2020000299,경기도,,김포시,,김포한강센트럴블루힐(Ac-05),410,입주예정,2021-12,청약홈 분양정보 오픈API
2020000292,전라남도,,순천시,용당동,한양수자인 디에스티지,1252,입주예정,2023-03,청약홈 분양정보 오픈API
2020000286,인천광역시,,인천부평구,,힐스테이트 부평,837,입주예정,2023-06,청약홈 분양정보 오픈API
2020000282,경기도,,양주시,고암동,양주덕정2 5블록 행복주택 추가 (양주),106,입주예정,2020-09,청약홈 분양정보 오픈API
2020000281,충청남도,,보령시,웅천읍,보령웅천 행복주택 추가,53,입주예정,2020-09,청약홈 분양정보 오픈API
2020000276,인천광역시,,인천연수구,,힐스테이트 송도 더스카이,1205,입주예정,2024-02,청약홈 분양정보 오픈API
2020000274,강원도,,원주시,,원주 세경3차 아파트,349,입주예정,2020-06,청약홈 분양정보 오픈API
2020000260,경기도,,양주시,장흥면,송추 북한산 경남아너스빌,604,입주예정,2022-10,청약홈 분양정보 오픈API
2020000238,대구광역시,,대구남구,,봉덕2차 화성파크드림,403,입주예정,2022-12,청약홈 분양정보 오픈API
2020000166,경기도,,파주시,파주읍,파주연풍 양우내안애 에코하임,165,입주예정,2022-09,청약홈 분양정보 오픈API
2020000279,경기도,,안성시,아양동,안성아양 A2-1블록 행복주택 추가 (안성),456,입주예정,2020-08,청약홈 분양정보 오픈API
2020000270,경기도,,화성시,,화성동탄(2) A40BL 10년공공임대리츠,310,입주예정,2020-07,청약홈 분양정보 오픈API
2020000278,인천광역시,,인천남동구,,간석 한신더휴 행복주택(인천),9,입주예정,2020-07,청약홈 분양정보 오픈API
2020000247,부산광역시,,부산해운대구,중동,쌍용 더 플래티넘 해운대,152,입주예정,2022-02,청약홈 분양정보 오픈API
2020000245,경기도,,양주시,,"양주옥정 A-20(2), A-20(3) 10년공공임대주택리츠 잔여세대 입주자 및 예비입주자 모집공고",340,입주예정,2020-05,청약홈 분양정보 오픈API
2020000242,경기도,,파주시,법원읍,파주법원 행복주택 추가,168,입주예정,2020-07,청약홈 분양정보 오픈API
2020000241,충천남도,,아산시,배방읍,아산배방2 A-12블록 행복주택 추가모집,105,입주예정,2020-06,청약홈 분양정보 오픈API
2020000237,충청남도,,공주시,,공주영우2단지 10년임대,7,입주예정,2020-03,청약홈 분양정보 오픈API
2020000232,인천광역시,,인천연수구,,송도 베르디움퍼스트(RC-4) 외국인임대 분양전환 아파트,148,입주예정,2020-04,청약홈 분양정보 오픈API
2020000231,인천광역시,,인천연수구,,송도 에듀포레푸르지오(RC-2) 외국인임대 분양전환 아파트,118,입주예정,2020-04,청약홈 분양정보 오픈API
2020000228,경기도,,화성시,,화성동탄2 A77-2블록 국민임대주택 추가,1230,입주예정,2020-10,청약홈 분양정보 오픈API
2020000214,경기도,,수원권선구,오목천동,쌍용 더 플래티넘 오목천역,713,입주예정,2022-09,청약홈 분양정보 오픈API
2020000202,충청남도,,천안동남구,청당동,천안 청당 서희스타힐스,221,입주예정,2022-12,청약홈 분양정보 오픈API
2020000194,부산광역시,,부산북구,,포레나 부산 덕천,294,입주예정,2022-08,청약홈 분양정보 오픈API
2020000191,경기도,,화성시,,화성동탄2 A77-1BL (행복주택) 추가,464,입주예정,2020-07,청약홈 분양정보 오픈API
2020000118,전남,,고흥군,고흥읍,고흥 승원팰리체 더퍼스트,220,입주예정,2022-03,청약홈 분양정보 오픈API
2020000087,인천광역시,,인천서구,당하동,인천 검단신도시 AB3-1블록 대성베르힐,745,입주예정,2022-11,청약홈 분양정보 오픈API
2020000230,전라북도,,전주완산구,,전주효자4-1단지 국민임대주택 예비,120,입주예정,2020-08,청약홈 분양정보 오픈API
2020000243,경기도,,양주시,,양주고읍A13BBL 행복주택,266,입주예정,2020-06,청약홈 분양정보 오픈API
2020000001,서울특별시,강서구,,마곡동,SH 마곡지구 9단지,962,입주예정,2021-02,청약홈 분양정보 오픈API
2020000190,경기도,,의정부시,고산동,의정부고산S2-1BL(행복주택리츠) 추가,241,입주예정,2020-06,청약홈 분양정보 오픈API
2020000229,충청남도,,천안서북구,,천안쌍용5-2단지 50년공공임대주택 예비,100,입주예정,2020-06,청약홈 분양정보 오픈API
2020000184,경기도,,평택시,,평택소사벌7단지,400,입주예정,2020-05,청약홈 분양정보 오픈API
2020000123,대구광역시,,대구중구,남산4동,청라힐스자이,656,입주예정,2023-01,청약홈 분양정보 오픈API
2020000101,경기도,,과천시,,과천제이드자이,647,입주예정,2021-12,청약홈 분양정보 오픈API
2020000189,충청북도,,청주서원구,,청주가경4단지(국민임대) 예비,130,입주예정,2020-09,청약홈 분양정보 오픈API
2020000183,경상남도,,진주시,,진주가좌올리움(국민임대-예비),120,입주예정,2020-07,청약홈 분양정보 오픈API
2020000167,강원도,,속초시,조양동,속초2차 아이파크,578,입주예정,2022-05,청약홈 분양정보 오픈API
2020000180,울산광역시,,울산남구,,문수데시앙 2단지(10년임대) 예비입주자 선착순 모집,71,입주예정,2021-01,청약홈 분양정보 오픈API
2020000174,경기도,,성남수정구,,성남고등 A-1 행복주택(리츠) 추가모집,229,입주예정,2020-06,청약홈 분양정보 오픈API
2020000095,전라남도,,목포시,,LH목포연산1단지 50년공공임대주택 예비입주자 모집,100,입주예정,2020-06,청약홈 분양정보 오픈API
2020000070,대구광역시,,대구달서구,,대구가람1단지(50년공공임대 예비입주자 모집),75,입주예정,2020-06,청약홈 분양정보 오픈API
2020000125,대전광역시,,대전서구,,대전구봉8-2단지 50년공공임대주택 예비입주자 모집,100,입주예정,2020-12,청약홈 분양정보 오픈API
2020000124,충청남도,,계룡시,두마면,LH계룡대실4BL국민임대주택 입주자 추가모집,517,입주예정,2020-10,청약홈 분양정보 오픈API
2020000117,경기도,,하남시,감일동,LH 하남감일A-6BL 행복주택 추가입주자 모집,672,입주예정,2020-06,청약홈 분양정보 오픈API
2020000076,제주특별자치도,,서귀포시,,서귀포 동홍동 센트레빌,212,입주예정,2021-11,청약홈 분양정보 오픈API
2020000067,충북,,청주상당구,용암동,청주동남A5BL행복주택,641,입주예정,2020-06,청약홈 분양정보 오픈API
2020000064,충청북도,,충주시,,충주호암A4BL행복주택,334,입주예정,2020-07,청약홈 분양정보 오픈API
2020000062,전라남도,,목포시,,목포 옥암2휴먼시아,180,입주예정,2020-07,청약홈 분양정보 오픈API
2020000060,경기도,,하남시,,위례신도시 A3-10BL 중흥S-클래스,475,입주예정,2022-10,청약홈 분양정보 오픈API
2020000057,경상북도,,포항북구,,두호 SK VIEW 푸르지오 2단지,95,입주예정,2020-03,청약홈 분양정보 오픈API
2020000049,전라남도,,장성군,삼계면,장성삼계 국민임대주택,90,입주예정,2021-01,청약홈 분양정보 오픈API
2020000047,부산광역시,,부산부산진구,,서면 스위트엠 골드에비뉴,225,입주예정,2022-02,청약홈 분양정보 오픈API
2020000046,충청남도,,금산군,금산읍,e편한세상 금산 센터하임,461,입주예정,2022-05,청약홈 분양정보 오픈API
2020000041,경상북도,,포항북구,,두호 SK VIEW 푸르지오 1단지,91,입주예정,2020-03,청약홈 분양정보 오픈API
2020000028,부산광역시,,부산남구,,대연 삼정그린코아 더 베스트,337,입주예정,2022-10,청약홈 분양정보 오픈API
2020000086,인천광역시,,인천남동구,,구월 뷰그리안,40,입주예정,2022-01,청약홈 분양정보 오픈API
2020000051,부산광역시,,부산사하구,,당리1구역(당리푸르지오),25,입주예정,2020-05,청약홈 분양정보 오픈API
2020000048,부산광역시,,부산해운대구,,LH 부산좌동 창업지원주택 입주자 추가모집,74,입주예정,2020-12,청약홈 분양정보 오픈API
2020000080,강원도,,평창군,봉평면,평창 엘리엇아파트,150,입주예정,2020-03,청약홈 분양정보 오픈API
2020000052,전북,,무주군,설천면,무주에코르 10년 공공임대주택,80,입주예정,2020-08,청약홈 분양정보 오픈API
2020000015,경상남도,,남해군,남해읍,남해평리휴먼시아,50,입주예정,2020-05,청약홈 분양정보 오픈API
2020000050,충청남도,,예산군,삽교읍,충남도청이전도시RM6BL,355,입주예정,2020-06,청약홈 분양정보 오픈API
2020000045,경상남도,,양산시,물금읍,2020.2.7. LH 국민임대 예비입주자 모집공고,520,입주예정,2020-06,청약홈 분양정보 오픈API
2020000040,경기도,,수원팔달구,,매교역 푸르지오 SK VIEW(수원),1795,입주예정,2022-07,청약홈 분양정보 오픈API
2020000010,경기도,,양주시,옥정동,양주옥정유림노르웨이숲,1140,입주예정,2023-01,청약홈 분양정보 오픈API
2020000014,경상남도,,진주시,정촌면,진주정촌올리움 국민임대주택,369,입주예정,2020-06,청약홈 분양정보 오픈API
2020000009,경기도,,의왕시,,의왕 오전 동아루미체,65,입주예정,2021-12,청약홈 분양정보 오픈API
2020000008,제주특별자치도,,제주시,월평동,제주첨단과학기술단지A23블록행복주택,402,입주예정,2020-08,청약홈 분양정보 오픈API
2020000007,울산광역시,,울산중구,,학성동 동남하이빌아파트,69,입주예정,2020-03,청약홈 분양정보 오픈API
2020000005,경상북도,,안동시,풍천면,경북도청신도시 코오롱하늘채,869,입주예정,2020-07,청약홈 분양정보 오픈API
2020000004,대구광역시,,대구동구,,대구연경A-2블록국민임대,167,입주예정,2020-05,청약홈 분양정보 오픈API
